Fetching repo lists...
WARNING config Rule 'license-detectable-by-licensee' uses unsupported type 'license-detectable-by-licensee' — skipping.
WARNING reporter [FAIL] changelog-file-exists: No file matching ['CHANGELOG*'] found in: /var/folders/cj/rh7njyk91lx4s79wxsflz3vw001y2r/T/tmpx8mnbo3q/license-text-normalizer
WARNING reporter [FAIL] changelog-file-exists: No file matching ['CHANGELOG*'] found in: /var/folders/cj/rh7njyk91lx4s79wxsflz3vw001y2r/T/tmpeuw6g8js/comment-filter
WARNING reporter [FAIL] changelog-file-exists: No file matching ['CHANGELOG*'] found in: /var/folders/cj/rh7njyk91lx4s79wxsflz3vw001y2r/T/tmpjlrkoi76/license-text-normalizer-js
WARNING reporter [FAIL] contributing-file-exists: No file matching ['{docs/,.github/,}CONTRIB*'] found in: /var/folders/cj/rh7njyk91lx4s79wxsflz3vw001y2r/T/tmp7i9cv_u6/autopen
WARNING reporter [FAIL] test-directory-exists: No directory matching ['**/test*', '**/specs', '**/*test*'] found under /var/folders/cj/rh7njyk91lx4s79wxsflz3vw001y2r/T/tmpjlrkoi76/license-text-normalizer-js
WARNING reporter [FAIL] changelog-file-exists: No file matching ['CHANGELOG*'] found in: /var/folders/cj/rh7njyk91lx4s79wxsflz3vw001y2r/T/tmp7i9cv_u6/autopen
WARNING reporter [FAIL] readme-references-license: Pattern 'license|notice' not found in README.md
WARNING reporter [FAIL] github-issue-template-exists: No file matching ['ISSUE_TEMPLATE*', 'ISSUE_TEMPLATE/**', '.github/ISSUE_TEMPLATE*', '.github/ISSUE_TEMPLATE/**'] found in: /var/folders/cj/rh7njyk91lx4s79wxsflz3vw001y2r/T/tmpx8mnbo3q/license-text-normalizer
WARNING reporter [FAIL] github-issue-template-exists: No file matching ['ISSUE_TEMPLATE*', 'ISSUE_TEMPLATE/**', '.github/ISSUE_TEMPLATE*', '.github/ISSUE_TEMPLATE/**'] found in: /var/folders/cj/rh7njyk91lx4s79wxsflz3vw001y2r/T/tmpeuw6g8js/comment-filter
WARNING reporter [FAIL] github-pull-request-template-exists: No file matching ['PULL_REQUEST_TEMPLATE*', 'PULL_REQUEST_TEMPLATE/**', '.github/PULL_REQUEST_TEMPLATE*', '.github/PULL_REQUEST_TEMPLATE/**'] found in: /var/folders/cj/rh7njyk91lx4s79wxsflz3vw001y2r/T/tmpeuw6g8js/comment-filter
WARNING reporter [FAIL] changelog-file-exists: No file matching ['CHANGELOG*'] found in: /var/folders/cj/rh7njyk91lx4s79wxsflz3vw001y2r/T/tmpx8i_a3x6/lid
WARNING reporter [FAIL] integrates-with-ci: No file matching ['.gitlab-ci.yml', '.travis.yml', 'appveyor.yml', '.appveyor.yml', 'circle.yml', '.circleci/config.yml', 'Jenkinsfile', '.drone.yml', '.github/workflows/*', 'azure-pipelines.yml'] found in: /var/folders/cj/rh7njyk91lx4s79wxsflz3vw001y2r/T/tmp7i9cv_u6/autopen
WARNING reporter [FAIL] source-license-headers-exist: Pattern 'Copyright(\\s)*(\\(c\\)|©)?' not found in AutoPen.py
WARNING reporter [FAIL] source-qualcomm-license-headers-exist: Pattern '(Copyright|©).*Qualcomm Innovation Center, Inc|Qualcomm Technologies, Inc|Copyright (\\(c\\)|©) (20(1[2-9]|2[0-2])(-|,|\\s)*)+ The Linux Foundation' not found in AutoPen.py
WARNING reporter [FAIL] github-issue-template-exists: No file matching ['ISSUE_TEMPLATE*', 'ISSUE_TEMPLATE/**', '.github/ISSUE_TEMPLATE*', '.github/ISSUE_TEMPLATE/**'] found in: /var/folders/cj/rh7njyk91lx4s79wxsflz3vw001y2r/T/tmp7i9cv_u6/autopen
WARNING reporter [FAIL] github-pull-request-template-exists: No file matching ['PULL_REQUEST_TEMPLATE*', 'PULL_REQUEST_TEMPLATE/**', '.github/PULL_REQUEST_TEMPLATE*', '.github/PULL_REQUEST_TEMPLATE/**'] found in: /var/folders/cj/rh7njyk91lx4s79wxsflz3vw001y2r/T/tmp7i9cv_u6/autopen
WARNING reporter [FAIL] python-package-metadata-exists: No file matching ['setup.py', 'requirements.txt'] found in: /var/folders/cj/rh7njyk91lx4s79wxsflz3vw001y2r/T/tmp7i9cv_u6/autopen
WARNING reporter [FAIL] license-file-exists: No file matching ['LICENSE*', 'COPYING*', 'NOTICE*'] found in: /var/folders/cj/rh7njyk91lx4s79wxsflz3vw001y2r/T/tmpig6zu32v/musl
  quic: 55 repos
  qualcomm: 106 repos
  qualcomm-linux: 100 repos
  qualcomm-qrb-ros: 33 repos
  audioreach: 19 repos
  qualcomm-zephyr: 0 repos  (no public repos)

Scanning 313 repos with 8 workers...
Raw per-repo output -> /Users/craign/rpa-comparisons/20260728/raw
RPA 3160d0e2 (dirty) vs repolinter 0.11.2
::warning title=Policy Violation: changelog-file-exists::No file matching ['CHANGELOG*'] found in: /var/folders/cj/rh7njyk91lx4s79wxsflz3vw001y2r/T/tmpx8mnbo3q/license-text-normalizer
::warning title=Policy Violation: changelog-file-exists::No file matching ['CHANGELOG*'] found in: /var/folders/cj/rh7njyk91lx4s79wxsflz3vw001y2r/T/tmpeuw6g8js/comment-filter
::warning title=Policy Violation: changelog-file-exists::No file matching ['CHANGELOG*'] found in: /var/folders/cj/rh7njyk91lx4s79wxsflz3vw001y2r/T/tmpjlrkoi76/license-text-normalizer-js
::warning title=Policy Violation: contributing-file-exists::No file matching ['{docs/,.github/,}CONTRIB*'] found in: /var/folders/cj/rh7njyk91lx4s79wxsflz3vw001y2r/T/tmp7i9cv_u6/autopen
::warning title=Policy Violation: test-directory-exists::No directory matching ['**/test*', '**/specs', '**/*test*'] found under /var/folders/cj/rh7njyk91lx4s79wxsflz3vw001y2r/T/tmpjlrkoi76/license-text-normalizer-js
::warning title=Policy Violation: changelog-file-exists::No file matching ['CHANGELOG*'] found in: /var/folders/cj/rh7njyk91lx4s79wxsflz3vw001y2r/T/tmp7i9cv_u6/autopen
::error title=Policy Violation: readme-references-license,file=README.md::Pattern 'license|notice' not found in README.md
::warning title=Policy Violation: github-issue-template-exists::No file matching ['ISSUE_TEMPLATE*', 'ISSUE_TEMPLATE/**', '.github/ISSUE_TEMPLATE*', '.github/ISSUE_TEMPLATE/**'] found in: /var/folders/cj/rh7njyk91lx4s79wxsflz3vw001y2r/T/tmpx8mnbo3q/license-text-normalizer
::warning title=Policy Violation: github-issue-template-exists::No file matching ['ISSUE_TEMPLATE*', 'ISSUE_TEMPLATE/**', '.github/ISSUE_TEMPLATE*', '.github/ISSUE_TEMPLATE/**'] found in: /var/folders/cj/rh7njyk91lx4s79wxsflz3vw001y2r/T/tmpeuw6g8js/comment-filter
::warning title=Policy Violation: github-pull-request-template-exists::No file matching ['PULL_REQUEST_TEMPLATE*', 'PULL_REQUEST_TEMPLATE/**', '.github/PULL_REQUEST_TEMPLATE*', '.github/PULL_REQUEST_TEMPLATE/**'] found in: /var/folders/cj/rh7njyk91lx4s79wxsflz3vw001y2r/T/tmpeuw6g8js/comment-filter
::warning title=Policy Violation: changelog-file-exists::No file matching ['CHANGELOG*'] found in: /var/folders/cj/rh7njyk91lx4s79wxsflz3vw001y2r/T/tmpx8i_a3x6/lid
::warning title=Policy Violation: integrates-with-ci::No file matching ['.gitlab-ci.yml', '.travis.yml', 'appveyor.yml', '.appveyor.yml', 'circle.yml', '.circleci/config.yml', 'Jenkinsfile', '.drone.yml', '.github/workflows/*', 'azure-pipelines.yml'] found in: /var/folders/cj/rh7njyk91lx4s79wxsflz3vw001y2r/T/tmp7i9cv_u6/autopen
::error title=Policy Violation: source-license-headers-exist,file=AutoPen.py::Pattern 'Copyright(\\s)*(\\(c\\)|©)?' not found in AutoPen.py
::warning title=Policy Violation: source-qualcomm-license-headers-exist,file=AutoPen.py::Pattern '(Copyright|©).*Qualcomm Innovation Center, Inc|Qualcomm Technologies, Inc|Copyright (\\(c\\)|©) (20(1[2-9]|2[0-2])(-|,|\\s)*)+ The Linux Foundation' not found in AutoPen.py
::warning title=Policy Violation: github-issue-template-exists::No file matching ['ISSUE_TEMPLATE*', 'ISSUE_TEMPLATE/**', '.github/ISSUE_TEMPLATE*', '.github/ISSUE_TEMPLATE/**'] found in: /var/folders/cj/rh7njyk91lx4s79wxsflz3vw001y2r/T/tmp7i9cv_u6/autopen
::warning title=Policy Violation: github-pull-request-template-exists::No file matching ['PULL_REQUEST_TEMPLATE*', 'PULL_REQUEST_TEMPLATE/**', '.github/PULL_REQUEST_TEMPLATE*', '.github/PULL_REQUEST_TEMPLATE/**'] found in: /var/folders/cj/rh7njyk91lx4s79wxsflz3vw001y2r/T/tmp7i9cv_u6/autopen
::warning title=Policy Violation: python-package-metadata-exists::No file matching ['setup.py', 'requirements.txt'] found in: /var/folders/cj/rh7njyk91lx4s79wxsflz3vw001y2r/T/tmp7i9cv_u6/autopen
::error title=Policy Violation: license-file-exists::No file matching ['LICENSE*', 'COPYING*', 'NOTICE*'] found in: /var/folders/cj/rh7njyk91lx4s79wxsflz3vw001y2r/T/tmpig6zu32v/musl
  [  1/313] quic/license-text-normalizer: 0 discrepancies
  [  2/313] quic/comment-filter: 0 discrepancies
  [  3/313] quic/license-text-normalizer-js: 1 discrepancies
  [  4/313] quic/autopen: 0 discrepancies
WARNING reporter [FAIL] contributing-file-exists: No file matching ['{docs/,.github/,}CONTRIB*'] found in: /var/folders/cj/rh7njyk91lx4s79wxsflz3vw001y2r/T/tmpig6zu32v/musl
WARNING reporter [FAIL] contributing-file-exists: No file matching ['{docs/,.github/,}CONTRIB*'] found in: /var/folders/cj/rh7njyk91lx4s79wxsflz3vw001y2r/T/tmpt2cesj3l/qca-sdk-nss-fw
WARNING reporter [FAIL] code-of-conduct-file-exists: No file matching ['{docs/,.github/,}CODEOFCONDUCT*', '{docs/,.github/,}CODE-OF-CONDUCT*', '{docs/,.github/,}CODE_OF_CONDUCT*'] found in: /var/folders/cj/rh7njyk91lx4s79wxsflz3vw001y2r/T/tmpt2cesj3l/qca-sdk-nss-fw
WARNING reporter [FAIL] changelog-file-exists: No file matching ['CHANGELOG*'] found in: /var/folders/cj/rh7njyk91lx4s79wxsflz3vw001y2r/T/tmpt2cesj3l/qca-sdk-nss-fw
WARNING reporter [FAIL] changelog-file-exists: No file matching ['CHANGELOG*'] found in: /var/folders/cj/rh7njyk91lx4s79wxsflz3vw001y2r/T/tmpnxr9ut14/sense-iOS
WARNING reporter [FAIL] test-directory-exists: No directory matching ['**/test*', '**/specs', '**/*test*'] found under /var/folders/cj/rh7njyk91lx4s79wxsflz3vw001y2r/T/tmpt2cesj3l/qca-sdk-nss-fw
WARNING reporter [FAIL] test-directory-exists: No directory matching ['**/test*', '**/specs', '**/*test*'] found under /var/folders/cj/rh7njyk91lx4s79wxsflz3vw001y2r/T/tmpnxr9ut14/sense-iOS
WARNING reporter [FAIL] integrates-with-ci: No file matching ['.gitlab-ci.yml', '.travis.yml', 'appveyor.yml', '.appveyor.yml', 'circle.yml', '.circleci/config.yml', 'Jenkinsfile', '.drone.yml', '.github/workflows/*', 'azure-pipelines.yml'] found in: /var/folders/cj/rh7njyk91lx4s79wxsflz3vw001y2r/T/tmpnxr9ut14/sense-iOS
WARNING reporter [FAIL] code-of-conduct-file-exists: No file matching ['{docs/,.github/,}CODEOFCONDUCT*', '{docs/,.github/,}CODE-OF-CONDUCT*', '{docs/,.github/,}CODE_OF_CONDUCT*'] found in: /var/folders/cj/rh7njyk91lx4s79wxsflz3vw001y2r/T/tmpig6zu32v/musl
WARNING reporter [FAIL] github-issue-template-exists: No file matching ['ISSUE_TEMPLATE*', 'ISSUE_TEMPLATE/**', '.github/ISSUE_TEMPLATE*', '.github/ISSUE_TEMPLATE/**'] found in: /var/folders/cj/rh7njyk91lx4s79wxsflz3vw001y2r/T/tmpnxr9ut14/sense-iOS
WARNING reporter [FAIL] github-pull-request-template-exists: No file matching ['PULL_REQUEST_TEMPLATE*', 'PULL_REQUEST_TEMPLATE/**', '.github/PULL_REQUEST_TEMPLATE*', '.github/PULL_REQUEST_TEMPLATE/**'] found in: /var/folders/cj/rh7njyk91lx4s79wxsflz3vw001y2r/T/tmpnxr9ut14/sense-iOS
WARNING reporter [FAIL] swift-package-metadata-exists: No file matching ['Package.swift'] found in: /var/folders/cj/rh7njyk91lx4s79wxsflz3vw001y2r/T/tmpnxr9ut14/sense-iOS
WARNING reporter [FAIL] github-issue-template-exists: No file matching ['ISSUE_TEMPLATE*', 'ISSUE_TEMPLATE/**', '.github/ISSUE_TEMPLATE*', '.github/ISSUE_TEMPLATE/**'] found in: /var/folders/cj/rh7njyk91lx4s79wxsflz3vw001y2r/T/tmpt2cesj3l/qca-sdk-nss-fw
WARNING reporter [FAIL] github-pull-request-template-exists: No file matching ['PULL_REQUEST_TEMPLATE*', 'PULL_REQUEST_TEMPLATE/**', '.github/PULL_REQUEST_TEMPLATE*', '.github/PULL_REQUEST_TEMPLATE/**'] found in: /var/folders/cj/rh7njyk91lx4s79wxsflz3vw001y2r/T/tmpt2cesj3l/qca-sdk-nss-fw
WARNING reporter [FAIL] changelog-file-exists: No file matching ['CHANGELOG*'] found in: /var/folders/cj/rh7njyk91lx4s79wxsflz3vw001y2r/T/tmpig6zu32v/musl
WARNING reporter [FAIL] contributing-file-exists: No file matching ['{docs/,.github/,}CONTRIB*'] found in: /var/folders/cj/rh7njyk91lx4s79wxsflz3vw001y2r/T/tmpm3twgbqg/aimet-model-zoo
WARNING reporter [FAIL] source-license-headers-exist: Pattern 'Copyright(\\s)*(\\(c\\)|©)?' not found in data/test/data/subdir/subdir2/test3.py
WARNING reporter [FAIL] source-qualcomm-license-headers-exist: Pattern '(Copyright|©).*Qualcomm Innovation Center, Inc|Qualcomm Technologies, Inc|Copyright (\\(c\\)|©) (20(1[2-9]|2[0-2])(-|,|\\s)*)+ The Linux Foundation' not found in data/test/data/subdir/subdir2/test3.py
WARNING reporter [FAIL] github-issue-template-exists: No file matching ['ISSUE_TEMPLATE*', 'ISSUE_TEMPLATE/**', '.github/ISSUE_TEMPLATE*', '.github/ISSUE_TEMPLATE/**'] found in: /var/folders/cj/rh7njyk91lx4s79wxsflz3vw001y2r/T/tmpx8i_a3x6/lid
WARNING reporter [FAIL] github-pull-request-template-exists: No file matching ['PULL_REQUEST_TEMPLATE*', 'PULL_REQUEST_TEMPLATE/**', '.github/PULL_REQUEST_TEMPLATE*', '.github/PULL_REQUEST_TEMPLATE/**'] found in: /var/folders/cj/rh7njyk91lx4s79wxsflz3vw001y2r/T/tmpx8i_a3x6/lid
::warning title=Policy Violation: contributing-file-exists::No file matching ['{docs/,.github/,}CONTRIB*'] found in: /var/folders/cj/rh7njyk91lx4s79wxsflz3vw001y2r/T/tmpig6zu32v/musl
::warning title=Policy Violation: contributing-file-exists::No file matching ['{docs/,.github/,}CONTRIB*'] found in: /var/folders/cj/rh7njyk91lx4s79wxsflz3vw001y2r/T/tmpt2cesj3l/qca-sdk-nss-fw
::warning title=Policy Violation: code-of-conduct-file-exists::No file matching ['{docs/,.github/,}CODEOFCONDUCT*', '{docs/,.github/,}CODE-OF-CONDUCT*', '{docs/,.github/,}CODE_OF_CONDUCT*'] found in: /var/folders/cj/rh7njyk91lx4s79wxsflz3vw001y2r/T/tmpt2cesj3l/qca-sdk-nss-fw
::warning title=Policy Violation: changelog-file-exists::No file matching ['CHANGELOG*'] found in: /var/folders/cj/rh7njyk91lx4s79wxsflz3vw001y2r/T/tmpt2cesj3l/qca-sdk-nss-fw
::warning title=Policy Violation: changelog-file-exists::No file matching ['CHANGELOG*'] found in: /var/folders/cj/rh7njyk91lx4s79wxsflz3vw001y2r/T/tmpnxr9ut14/sense-iOS
::warning title=Policy Violation: test-directory-exists::No directory matching ['**/test*', '**/specs', '**/*test*'] found under /var/folders/cj/rh7njyk91lx4s79wxsflz3vw001y2r/T/tmpt2cesj3l/qca-sdk-nss-fw
::warning title=Policy Violation: test-directory-exists::No directory matching ['**/test*', '**/specs', '**/*test*'] found under /var/folders/cj/rh7njyk91lx4s79wxsflz3vw001y2r/T/tmpnxr9ut14/sense-iOS
::warning title=Policy Violation: integrates-with-ci::No file matching ['.gitlab-ci.yml', '.travis.yml', 'appveyor.yml', '.appveyor.yml', 'circle.yml', '.circleci/config.yml', 'Jenkinsfile', '.drone.yml', '.github/workflows/*', 'azure-pipelines.yml'] found in: /var/folders/cj/rh7njyk91lx4s79wxsflz3vw001y2r/T/tmpnxr9ut14/sense-iOS
::warning title=Policy Violation: code-of-conduct-file-exists::No file matching ['{docs/,.github/,}CODEOFCONDUCT*', '{docs/,.github/,}CODE-OF-CONDUCT*', '{docs/,.github/,}CODE_OF_CONDUCT*'] found in: /var/folders/cj/rh7njyk91lx4s79wxsflz3vw001y2r/T/tmpig6zu32v/musl
::warning title=Policy Violation: github-issue-template-exists::No file matching ['ISSUE_TEMPLATE*', 'ISSUE_TEMPLATE/**', '.github/ISSUE_TEMPLATE*', '.github/ISSUE_TEMPLATE/**'] found in: /var/folders/cj/rh7njyk91lx4s79wxsflz3vw001y2r/T/tmpnxr9ut14/sense-iOS
::warning title=Policy Violation: github-pull-request-template-exists::No file matching ['PULL_REQUEST_TEMPLATE*', 'PULL_REQUEST_TEMPLATE/**', '.github/PULL_REQUEST_TEMPLATE*', '.github/PULL_REQUEST_TEMPLATE/**'] found in: /var/folders/cj/rh7njyk91lx4s79wxsflz3vw001y2r/T/tmpnxr9ut14/sense-iOS
::warning title=Policy Violation: swift-package-metadata-exists::No file matching ['Package.swift'] found in: /var/folders/cj/rh7njyk91lx4s79wxsflz3vw001y2r/T/tmpnxr9ut14/sense-iOS
::warning title=Policy Violation: github-issue-template-exists::No file matching ['ISSUE_TEMPLATE*', 'ISSUE_TEMPLATE/**', '.github/ISSUE_TEMPLATE*', '.github/ISSUE_TEMPLATE/**'] found in: /var/folders/cj/rh7njyk91lx4s79wxsflz3vw001y2r/T/tmpt2cesj3l/qca-sdk-nss-fw
::warning title=Policy Violation: github-pull-request-template-exists::No file matching ['PULL_REQUEST_TEMPLATE*', 'PULL_REQUEST_TEMPLATE/**', '.github/PULL_REQUEST_TEMPLATE*', '.github/PULL_REQUEST_TEMPLATE/**'] found in: /var/folders/cj/rh7njyk91lx4s79wxsflz3vw001y2r/T/tmpt2cesj3l/qca-sdk-nss-fw
::warning title=Policy Violation: changelog-file-exists::No file matching ['CHANGELOG*'] found in: /var/folders/cj/rh7njyk91lx4s79wxsflz3vw001y2r/T/tmpig6zu32v/musl
::warning title=Policy Violation: contributing-file-exists::No file matching ['{docs/,.github/,}CONTRIB*'] found in: /var/folders/cj/rh7njyk91lx4s79wxsflz3vw001y2r/T/tmpm3twgbqg/aimet-model-zoo
::error title=Policy Violation: source-license-headers-exist,file=data/test/data/subdir/subdir2/test3.py::Pattern 'Copyright(\\s)*(\\(c\\)|©)?' not found in data/test/data/subdir/subdir2/test3.py
::warning title=Policy Violation: source-qualcomm-license-headers-exist,file=data/test/data/subdir/subdir2/test3.py::Pattern '(Copyright|©).*Qualcomm Innovation Center, Inc|Qualcomm Technologies, Inc|Copyright (\\(c\\)|©) (20(1[2-9]|2[0-2])(-|,|\\s)*)+ The Linux Foundation' not found in data/test/data/subdir/subdir2/test3.py
::warning title=Policy Violation: github-issue-template-exists::No file matching ['ISSUE_TEMPLATE*', 'ISSUE_TEMPLATE/**', '.github/ISSUE_TEMPLATE*', '.github/ISSUE_TEMPLATE/**'] found in: /var/folders/cj/rh7njyk91lx4s79wxsflz3vw001y2r/T/tmpx8i_a3x6/lid
::warning title=Policy Violation: github-pull-request-template-exists::No file matching ['PULL_REQUEST_TEMPLATE*', 'PULL_REQUEST_TEMPLATE/**', '.github/PULL_REQUEST_TEMPLATE*', '.github/PULL_REQUEST_TEMPLATE/**'] found in: /var/folders/cj/rh7njyk91lx4s79wxsflz3vw001y2r/T/tmpx8i_a3x6/lid
  [  5/313] quic/sense-iOS: 1 discrepancies
  [  6/313] quic/qca-sdk-nss-fw: 1 discrepancies
WARNING reporter [FAIL] contributing-file-exists: No file matching ['{docs/,.github/,}CONTRIB*'] found in: /var/folders/cj/rh7njyk91lx4s79wxsflz3vw001y2r/T/tmp_qiwzpo8/gunyah-c-runtime
::warning title=Policy Violation: contributing-file-exists::No file matching ['{docs/,.github/,}CONTRIB*'] found in: /var/folders/cj/rh7njyk91lx4s79wxsflz3vw001y2r/T/tmp_qiwzpo8/gunyah-c-runtime
  [  7/313] quic/lid: 0 discrepancies
WARNING reporter [FAIL] code-of-conduct-file-exists: No file matching ['{docs/,.github/,}CODEOFCONDUCT*', '{docs/,.github/,}CODE-OF-CONDUCT*', '{docs/,.github/,}CODE_OF_CONDUCT*'] found in: /var/folders/cj/rh7njyk91lx4s79wxsflz3vw001y2r/T/tmp_qiwzpo8/gunyah-c-runtime
WARNING reporter [FAIL] changelog-file-exists: No file matching ['CHANGELOG*'] found in: /var/folders/cj/rh7njyk91lx4s79wxsflz3vw001y2r/T/tmp_qiwzpo8/gunyah-c-runtime
WARNING reporter [FAIL] code-of-conduct-file-exists: No file matching ['{docs/,.github/,}CODEOFCONDUCT*', '{docs/,.github/,}CODE-OF-CONDUCT*', '{docs/,.github/,}CODE_OF_CONDUCT*'] found in: /var/folders/cj/rh7njyk91lx4s79wxsflz3vw001y2r/T/tmpm3twgbqg/aimet-model-zoo
WARNING reporter [FAIL] changelog-file-exists: No file matching ['CHANGELOG*'] found in: /var/folders/cj/rh7njyk91lx4s79wxsflz3vw001y2r/T/tmpm3twgbqg/aimet-model-zoo
WARNING reporter [FAIL] changelog-file-exists: No file matching ['CHANGELOG*'] found in: /var/folders/cj/rh7njyk91lx4s79wxsflz3vw001y2r/T/tmpslmntqny/sample-apps-for-robotics-platforms
WARNING reporter [FAIL] contributing-file-exists: No file matching ['{docs/,.github/,}CONTRIB*'] found in: /var/folders/cj/rh7njyk91lx4s79wxsflz3vw001y2r/T/tmpe24n3_au/gunyah-support-scripts
WARNING reporter [FAIL] code-of-conduct-file-exists: No file matching ['{docs/,.github/,}CODEOFCONDUCT*', '{docs/,.github/,}CODE-OF-CONDUCT*', '{docs/,.github/,}CODE_OF_CONDUCT*'] found in: /var/folders/cj/rh7njyk91lx4s79wxsflz3vw001y2r/T/tmpe24n3_au/gunyah-support-scripts
WARNING reporter [FAIL] changelog-file-exists: No file matching ['CHANGELOG*'] found in: /var/folders/cj/rh7njyk91lx4s79wxsflz3vw001y2r/T/tmpe24n3_au/gunyah-support-scripts
WARNING reporter [FAIL] test-directory-exists: No directory matching ['**/test*', '**/specs', '**/*test*'] found under /var/folders/cj/rh7njyk91lx4s79wxsflz3vw001y2r/T/tmpxjjk65uw/quic.github.io
WARNING reporter [FAIL] source-license-headers-exist: Pattern 'SPDX-License-Identifier|Redistribution and use in source and binary forms, with or without' not found in assets/js/external/aos.js
WARNING reporter [FAIL] test-directory-exists: No directory matching ['**/test*', '**/specs', '**/*test*'] found under /var/folders/cj/rh7njyk91lx4s79wxsflz3vw001y2r/T/tmpe24n3_au/gunyah-support-scripts
WARNING reporter [FAIL] source-qualcomm-license-headers-exist: Pattern '(Copyright|©).*Qualcomm Innovation Center, Inc|Qualcomm Technologies, Inc|Copyright (\\(c\\)|©) (20(1[2-9]|2[0-2])(-|,|\\s)*)+ The Linux Foundation' not found in assets/js/external/aos.js
WARNING reporter [FAIL] github-issue-template-exists: No file matching ['ISSUE_TEMPLATE*', 'ISSUE_TEMPLATE/**', '.github/ISSUE_TEMPLATE*', '.github/ISSUE_TEMPLATE/**'] found in: /var/folders/cj/rh7njyk91lx4s79wxsflz3vw001y2r/T/tmpxjjk65uw/quic.github.io
WARNING reporter [FAIL] github-pull-request-template-exists: No file matching ['PULL_REQUEST_TEMPLATE*', 'PULL_REQUEST_TEMPLATE/**', '.github/PULL_REQUEST_TEMPLATE*', '.github/PULL_REQUEST_TEMPLATE/**'] found in: /var/folders/cj/rh7njyk91lx4s79wxsflz3vw001y2r/T/tmpxjjk65uw/quic.github.io
WARNING reporter [FAIL] javascript-package-metadata-exists: No file matching ['package.json'] found in: /var/folders/cj/rh7njyk91lx4s79wxsflz3vw001y2r/T/tmpxjjk65uw/quic.github.io
WARNING reporter [FAIL] github-issue-template-exists: No file matching ['ISSUE_TEMPLATE*', 'ISSUE_TEMPLATE/**', '.github/ISSUE_TEMPLATE*', '.github/ISSUE_TEMPLATE/**'] found in: /var/folders/cj/rh7njyk91lx4s79wxsflz3vw001y2r/T/tmpe24n3_au/gunyah-support-scripts
WARNING reporter [FAIL] github-pull-request-template-exists: No file matching ['PULL_REQUEST_TEMPLATE*', 'PULL_REQUEST_TEMPLATE/**', '.github/PULL_REQUEST_TEMPLATE*', '.github/PULL_REQUEST_TEMPLATE/**'] found in: /var/folders/cj/rh7njyk91lx4s79wxsflz3vw001y2r/T/tmpe24n3_au/gunyah-support-scripts
WARNING reporter [FAIL] source-license-headers-exist: Pattern 'Copyright(\\s)*(\\(c\\)|©)?' not found in arch/armv8/include/arch_def.h
WARNING reporter [FAIL] changelog-file-exists: No file matching ['CHANGELOG*'] found in: /var/folders/cj/rh7njyk91lx4s79wxsflz3vw001y2r/T/tmp2f9a0bmk/sense
WARNING reporter [FAIL] source-qualcomm-license-headers-exist: Pattern '(Copyright|©).*Qualcomm Innovation Center, Inc|Qualcomm Technologies, Inc|Copyright (\\(c\\)|©) (20(1[2-9]|2[0-2])(-|,|\\s)*)+ The Linux Foundation' not found in src/guest_interface.c
WARNING reporter [FAIL] github-issue-template-exists: No file matching ['ISSUE_TEMPLATE*', 'ISSUE_TEMPLATE/**', '.github/ISSUE_TEMPLATE*', '.github/ISSUE_TEMPLATE/**'] found in: /var/folders/cj/rh7njyk91lx4s79wxsflz3vw001y2r/T/tmp_qiwzpo8/gunyah-c-runtime
WARNING reporter [FAIL] github-pull-request-template-exists: No file matching ['PULL_REQUEST_TEMPLATE*', 'PULL_REQUEST_TEMPLATE/**', '.github/PULL_REQUEST_TEMPLATE*', '.github/PULL_REQUEST_TEMPLATE/**'] found in: /var/folders/cj/rh7njyk91lx4s79wxsflz3vw001y2r/T/tmp_qiwzpo8/gunyah-c-runtime
WARNING reporter [FAIL] python-package-metadata-exists: No file matching ['setup.py', 'requirements.txt'] found in: /var/folders/cj/rh7njyk91lx4s79wxsflz3vw001y2r/T/tmp_qiwzpo8/gunyah-c-runtime
::warning title=Policy Violation: code-of-conduct-file-exists::No file matching ['{docs/,.github/,}CODEOFCONDUCT*', '{docs/,.github/,}CODE-OF-CONDUCT*', '{docs/,.github/,}CODE_OF_CONDUCT*'] found in: /var/folders/cj/rh7njyk91lx4s79wxsflz3vw001y2r/T/tmp_qiwzpo8/gunyah-c-runtime
::warning title=Policy Violation: changelog-file-exists::No file matching ['CHANGELOG*'] found in: /var/folders/cj/rh7njyk91lx4s79wxsflz3vw001y2r/T/tmp_qiwzpo8/gunyah-c-runtime
::warning title=Policy Violation: code-of-conduct-file-exists::No file matching ['{docs/,.github/,}CODEOFCONDUCT*', '{docs/,.github/,}CODE-OF-CONDUCT*', '{docs/,.github/,}CODE_OF_CONDUCT*'] found in: /var/folders/cj/rh7njyk91lx4s79wxsflz3vw001y2r/T/tmpm3twgbqg/aimet-model-zoo
::warning title=Policy Violation: changelog-file-exists::No file matching ['CHANGELOG*'] found in: /var/folders/cj/rh7njyk91lx4s79wxsflz3vw001y2r/T/tmpm3twgbqg/aimet-model-zoo
::warning title=Policy Violation: changelog-file-exists::No file matching ['CHANGELOG*'] found in: /var/folders/cj/rh7njyk91lx4s79wxsflz3vw001y2r/T/tmpslmntqny/sample-apps-for-robotics-platforms
::warning title=Policy Violation: contributing-file-exists::No file matching ['{docs/,.github/,}CONTRIB*'] found in: /var/folders/cj/rh7njyk91lx4s79wxsflz3vw001y2r/T/tmpe24n3_au/gunyah-support-scripts
::warning title=Policy Violation: code-of-conduct-file-exists::No file matching ['{docs/,.github/,}CODEOFCONDUCT*', '{docs/,.github/,}CODE-OF-CONDUCT*', '{docs/,.github/,}CODE_OF_CONDUCT*'] found in: /var/folders/cj/rh7njyk91lx4s79wxsflz3vw001y2r/T/tmpe24n3_au/gunyah-support-scripts
::warning title=Policy Violation: changelog-file-exists::No file matching ['CHANGELOG*'] found in: /var/folders/cj/rh7njyk91lx4s79wxsflz3vw001y2r/T/tmpe24n3_au/gunyah-support-scripts
::warning title=Policy Violation: test-directory-exists::No directory matching ['**/test*', '**/specs', '**/*test*'] found under /var/folders/cj/rh7njyk91lx4s79wxsflz3vw001y2r/T/tmpxjjk65uw/quic.github.io
::error title=Policy Violation: source-license-headers-exist,file=assets/js/external/aos.js::Pattern 'SPDX-License-Identifier|Redistribution and use in source and binary forms, with or without' not found in assets/js/external/aos.js
::warning title=Policy Violation: test-directory-exists::No directory matching ['**/test*', '**/specs', '**/*test*'] found under /var/folders/cj/rh7njyk91lx4s79wxsflz3vw001y2r/T/tmpe24n3_au/gunyah-support-scripts
::warning title=Policy Violation: source-qualcomm-license-headers-exist,file=assets/js/external/aos.js::Pattern '(Copyright|©).*Qualcomm Innovation Center, Inc|Qualcomm Technologies, Inc|Copyright (\\(c\\)|©) (20(1[2-9]|2[0-2])(-|,|\\s)*)+ The Linux Foundation' not found in assets/js/external/aos.js
::warning title=Policy Violation: github-issue-template-exists::No file matching ['ISSUE_TEMPLATE*', 'ISSUE_TEMPLATE/**', '.github/ISSUE_TEMPLATE*', '.github/ISSUE_TEMPLATE/**'] found in: /var/folders/cj/rh7njyk91lx4s79wxsflz3vw001y2r/T/tmpxjjk65uw/quic.github.io
::warning title=Policy Violation: github-pull-request-template-exists::No file matching ['PULL_REQUEST_TEMPLATE*', 'PULL_REQUEST_TEMPLATE/**', '.github/PULL_REQUEST_TEMPLATE*', '.github/PULL_REQUEST_TEMPLATE/**'] found in: /var/folders/cj/rh7njyk91lx4s79wxsflz3vw001y2r/T/tmpxjjk65uw/quic.github.io
::warning title=Policy Violation: javascript-package-metadata-exists::No file matching ['package.json'] found in: /var/folders/cj/rh7njyk91lx4s79wxsflz3vw001y2r/T/tmpxjjk65uw/quic.github.io
::warning title=Policy Violation: github-issue-template-exists::No file matching ['ISSUE_TEMPLATE*', 'ISSUE_TEMPLATE/**', '.github/ISSUE_TEMPLATE*', '.github/ISSUE_TEMPLATE/**'] found in: /var/folders/cj/rh7njyk91lx4s79wxsflz3vw001y2r/T/tmpe24n3_au/gunyah-support-scripts
::warning title=Policy Violation: github-pull-request-template-exists::No file matching ['PULL_REQUEST_TEMPLATE*', 'PULL_REQUEST_TEMPLATE/**', '.github/PULL_REQUEST_TEMPLATE*', '.github/PULL_REQUEST_TEMPLATE/**'] found in: /var/folders/cj/rh7njyk91lx4s79wxsflz3vw001y2r/T/tmpe24n3_au/gunyah-support-scripts
::error title=Policy Violation: source-license-headers-exist,file=arch/armv8/include/arch_def.h::Pattern 'Copyright(\\s)*(\\(c\\)|©)?' not found in arch/armv8/include/arch_def.h
::warning title=Policy Violation: changelog-file-exists::No file matching ['CHANGELOG*'] found in: /var/folders/cj/rh7njyk91lx4s79wxsflz3vw001y2r/T/tmp2f9a0bmk/sense
::warning title=Policy Violation: source-qualcomm-license-headers-exist,file=src/guest_interface.c::Pattern '(Copyright|©).*Qualcomm Innovation Center, Inc|Qualcomm Technologies, Inc|Copyright (\\(c\\)|©) (20(1[2-9]|2[0-2])(-|,|\\s)*)+ The Linux Foundation' not found in src/guest_interface.c
::warning title=Policy Violation: github-issue-template-exists::No file matching ['ISSUE_TEMPLATE*', 'ISSUE_TEMPLATE/**', '.github/ISSUE_TEMPLATE*', '.github/ISSUE_TEMPLATE/**'] found in: /var/folders/cj/rh7njyk91lx4s79wxsflz3vw001y2r/T/tmp_qiwzpo8/gunyah-c-runtime
::warning title=Policy Violation: github-pull-request-template-exists::No file matching ['PULL_REQUEST_TEMPLATE*', 'PULL_REQUEST_TEMPLATE/**', '.github/PULL_REQUEST_TEMPLATE*', '.github/PULL_REQUEST_TEMPLATE/**'] found in: /var/folders/cj/rh7njyk91lx4s79wxsflz3vw001y2r/T/tmp_qiwzpo8/gunyah-c-runtime
::warning title=Policy Violation: python-package-metadata-exists::No file matching ['setup.py', 'requirements.txt'] found in: /var/folders/cj/rh7njyk91lx4s79wxsflz3vw001y2r/T/tmp_qiwzpo8/gunyah-c-runtime
  [  8/313] quic/quic.github.io: 0 discrepancies
  [  9/313] quic/gunyah-support-scripts: 1 discrepancies
  [ 10/313] quic/gunyah-c-runtime: 0 discrepancies
WARNING reporter [FAIL] contributing-file-exists: No file matching ['{docs/,.github/,}CONTRIB*'] found in: /var/folders/cj/rh7njyk91lx4s79wxsflz3vw001y2r/T/tmpy3am1rts/gunyah-resource-manager
WARNING reporter [FAIL] source-license-headers-exist: Pattern 'Copyright(\\s)*(\\(c\\)|©)?' not found in examples/run_action_recognition.py
WARNING reporter [FAIL] source-qualcomm-license-headers-exist: Pattern '(Copyright|©).*Qualcomm Innovation Center, Inc|Qualcomm Technologies, Inc|Copyright (\\(c\\)|©) (20(1[2-9]|2[0-2])(-|,|\\s)*)+ The Linux Foundation' not found in examples/run_action_recognition.py
WARNING reporter [FAIL] github-issue-template-exists: No file matching ['ISSUE_TEMPLATE*', 'ISSUE_TEMPLATE/**', '.github/ISSUE_TEMPLATE*', '.github/ISSUE_TEMPLATE/**'] found in: /var/folders/cj/rh7njyk91lx4s79wxsflz3vw001y2r/T/tmp2f9a0bmk/sense
WARNING reporter [FAIL] github-pull-request-template-exists: No file matching ['PULL_REQUEST_TEMPLATE*', 'PULL_REQUEST_TEMPLATE/**', '.github/PULL_REQUEST_TEMPLATE*', '.github/PULL_REQUEST_TEMPLATE/**'] found in: /var/folders/cj/rh7njyk91lx4s79wxsflz3vw001y2r/T/tmp2f9a0bmk/sense
WARNING reporter [FAIL] javascript-package-metadata-exists: No file matching ['package.json'] found in: /var/folders/cj/rh7njyk91lx4s79wxsflz3vw001y2r/T/tmp2f9a0bmk/sense
WARNING reporter [FAIL] code-of-conduct-file-exists: No file matching ['{docs/,.github/,}CODEOFCONDUCT*', '{docs/,.github/,}CODE-OF-CONDUCT*', '{docs/,.github/,}CODE_OF_CONDUCT*'] found in: /var/folders/cj/rh7njyk91lx4s79wxsflz3vw001y2r/T/tmpy3am1rts/gunyah-resource-manager
WARNING reporter [FAIL] changelog-file-exists: No file matching ['CHANGELOG*'] found in: /var/folders/cj/rh7njyk91lx4s79wxsflz3vw001y2r/T/tmpy3am1rts/gunyah-resource-manager
::warning title=Policy Violation: contributing-file-exists::No file matching ['{docs/,.github/,}CONTRIB*'] found in: /var/folders/cj/rh7njyk91lx4s79wxsflz3vw001y2r/T/tmpy3am1rts/gunyah-resource-manager
::error title=Policy Violation: source-license-headers-exist,file=examples/run_action_recognition.py::Pattern 'Copyright(\\s)*(\\(c\\)|©)?' not found in examples/run_action_recognition.py
::warning title=Policy Violation: source-qualcomm-license-headers-exist,file=examples/run_action_recognition.py::Pattern '(Copyright|©).*Qualcomm Innovation Center, Inc|Qualcomm Technologies, Inc|Copyright (\\(c\\)|©) (20(1[2-9]|2[0-2])(-|,|\\s)*)+ The Linux Foundation' not found in examples/run_action_recognition.py
::warning title=Policy Violation: github-issue-template-exists::No file matching ['ISSUE_TEMPLATE*', 'ISSUE_TEMPLATE/**', '.github/ISSUE_TEMPLATE*', '.github/ISSUE_TEMPLATE/**'] found in: /var/folders/cj/rh7njyk91lx4s79wxsflz3vw001y2r/T/tmp2f9a0bmk/sense
::warning title=Policy Violation: github-pull-request-template-exists::No file matching ['PULL_REQUEST_TEMPLATE*', 'PULL_REQUEST_TEMPLATE/**', '.github/PULL_REQUEST_TEMPLATE*', '.github/PULL_REQUEST_TEMPLATE/**'] found in: /var/folders/cj/rh7njyk91lx4s79wxsflz3vw001y2r/T/tmp2f9a0bmk/sense
::warning title=Policy Violation: javascript-package-metadata-exists::No file matching ['package.json'] found in: /var/folders/cj/rh7njyk91lx4s79wxsflz3vw001y2r/T/tmp2f9a0bmk/sense
::warning title=Policy Violation: code-of-conduct-file-exists::No file matching ['{docs/,.github/,}CODEOFCONDUCT*', '{docs/,.github/,}CODE-OF-CONDUCT*', '{docs/,.github/,}CODE_OF_CONDUCT*'] found in: /var/folders/cj/rh7njyk91lx4s79wxsflz3vw001y2r/T/tmpy3am1rts/gunyah-resource-manager
::warning title=Policy Violation: changelog-file-exists::No file matching ['CHANGELOG*'] found in: /var/folders/cj/rh7njyk91lx4s79wxsflz3vw001y2r/T/tmpy3am1rts/gunyah-resource-manager
  [ 11/313] quic/sense: 0 discrepancies
WARNING reporter [FAIL] source-license-headers-exist: Pattern 'Copyright(\\s)*(\\(c\\)|©)?' not found in arch/armv8/include/asm/interrupt.h
WARNING reporter [FAIL] contributing-file-exists: No file matching ['{docs/,.github/,}CONTRIB*'] found in: /var/folders/cj/rh7njyk91lx4s79wxsflz3vw001y2r/T/tmp1nnogtcy/.github
WARNING reporter [FAIL] code-of-conduct-file-exists: No file matching ['{docs/,.github/,}CODEOFCONDUCT*', '{docs/,.github/,}CODE-OF-CONDUCT*', '{docs/,.github/,}CODE_OF_CONDUCT*'] found in: /var/folders/cj/rh7njyk91lx4s79wxsflz3vw001y2r/T/tmp1nnogtcy/.github
WARNING reporter [FAIL] changelog-file-exists: No file matching ['CHANGELOG*'] found in: /var/folders/cj/rh7njyk91lx4s79wxsflz3vw001y2r/T/tmp1nnogtcy/.github
WARNING reporter [FAIL] integrates-with-ci: No file matching ['.gitlab-ci.yml', '.travis.yml', 'appveyor.yml', '.appveyor.yml', 'circle.yml', '.circleci/config.yml', 'Jenkinsfile', '.drone.yml', '.github/workflows/*', 'azure-pipelines.yml'] found in: /var/folders/cj/rh7njyk91lx4s79wxsflz3vw001y2r/T/tmp1nnogtcy/.github
WARNING reporter [FAIL] source-qualcomm-license-headers-exist: Pattern '(Copyright|©).*Qualcomm Innovation Center, Inc|Qualcomm Technologies, Inc|Copyright (\\(c\\)|©) (20(1[2-9]|2[0-2])(-|,|\\s)*)+ The Linux Foundation' not found in src/guest_interface.c
WARNING reporter [FAIL] github-issue-template-exists: No file matching ['ISSUE_TEMPLATE*', 'ISSUE_TEMPLATE/**', '.github/ISSUE_TEMPLATE*', '.github/ISSUE_TEMPLATE/**'] found in: /var/folders/cj/rh7njyk91lx4s79wxsflz3vw001y2r/T/tmpy3am1rts/gunyah-resource-manager
WARNING reporter [FAIL] github-pull-request-template-exists: No file matching ['PULL_REQUEST_TEMPLATE*', 'PULL_REQUEST_TEMPLATE/**', '.github/PULL_REQUEST_TEMPLATE*', '.github/PULL_REQUEST_TEMPLATE/**'] found in: /var/folders/cj/rh7njyk91lx4s79wxsflz3vw001y2r/T/tmpy3am1rts/gunyah-resource-manager
WARNING reporter [FAIL] python-package-metadata-exists: No file matching ['setup.py', 'requirements.txt'] found in: /var/folders/cj/rh7njyk91lx4s79wxsflz3vw001y2r/T/tmpy3am1rts/gunyah-resource-manager
WARNING reporter [FAIL] source-license-headers-exist: Pattern 'SPDX-License-Identifier|Redistribution and use in source and binary forms, with or without' not found in repolinter-test-data/fail-qti-copy.c
WARNING reporter [FAIL] source-qualcomm-license-headers-exist: Pattern '(Copyright|©).*Qualcomm Innovation Center, Inc|Qualcomm Technologies, Inc|Copyright (\\(c\\)|©) (20(1[2-9]|2[0-2])(-|,|\\s)*)+ The Linux Foundation' not found in repolinter-test-data/fail-lf-copy-2024.c
WARNING reporter [FAIL] github-issue-template-exists: No file matching ['ISSUE_TEMPLATE*', 'ISSUE_TEMPLATE/**', '.github/ISSUE_TEMPLATE*', '.github/ISSUE_TEMPLATE/**'] found in: /var/folders/cj/rh7njyk91lx4s79wxsflz3vw001y2r/T/tmp1nnogtcy/.github
WARNING reporter [FAIL] github-pull-request-template-exists: No file matching ['PULL_REQUEST_TEMPLATE*', 'PULL_REQUEST_TEMPLATE/**', '.github/PULL_REQUEST_TEMPLATE*', '.github/PULL_REQUEST_TEMPLATE/**'] found in: /var/folders/cj/rh7njyk91lx4s79wxsflz3vw001y2r/T/tmp1nnogtcy/.github
WARNING reporter [FAIL] python-package-metadata-exists: No file matching ['setup.py', 'requirements.txt'] found in: /var/folders/cj/rh7njyk91lx4s79wxsflz3vw001y2r/T/tmp1nnogtcy/.github
WARNING reporter [FAIL] binaries-not-present: Binary file found (MIME: application/x-sharedlib): aimet_zoo_torch/hrnet_posenet/models/nms/gpu_nms.cpython-38-x86_64-linux-gnu.so
WARNING reporter [FAIL] test-directory-exists: No directory matching ['**/test*', '**/specs', '**/*test*'] found under /var/folders/cj/rh7njyk91lx4s79wxsflz3vw001y2r/T/tmpm3twgbqg/aimet-model-zoo
WARNING reporter [FAIL] integrates-with-ci: No file matching ['.gitlab-ci.yml', '.travis.yml', 'appveyor.yml', '.appveyor.yml', 'circle.yml', '.circleci/config.yml', 'Jenkinsfile', '.drone.yml', '.github/workflows/*', 'azure-pipelines.yml'] found in: /var/folders/cj/rh7njyk91lx4s79wxsflz3vw001y2r/T/tmpm3twgbqg/aimet-model-zoo
WARNING reporter [FAIL] test-directory-exists: No directory matching ['**/test*', '**/specs', '**/*test*'] found under /var/folders/cj/rh7njyk91lx4s79wxsflz3vw001y2r/T/tmpslmntqny/sample-apps-for-robotics-platforms
::error title=Policy Violation: source-license-headers-exist,file=arch/armv8/include/asm/interrupt.h::Pattern 'Copyright(\\s)*(\\(c\\)|©)?' not found in arch/armv8/include/asm/interrupt.h
::warning title=Policy Violation: contributing-file-exists::No file matching ['{docs/,.github/,}CONTRIB*'] found in: /var/folders/cj/rh7njyk91lx4s79wxsflz3vw001y2r/T/tmp1nnogtcy/.github
::warning title=Policy Violation: code-of-conduct-file-exists::No file matching ['{docs/,.github/,}CODEOFCONDUCT*', '{docs/,.github/,}CODE-OF-CONDUCT*', '{docs/,.github/,}CODE_OF_CONDUCT*'] found in: /var/folders/cj/rh7njyk91lx4s79wxsflz3vw001y2r/T/tmp1nnogtcy/.github
::warning title=Policy Violation: changelog-file-exists::No file matching ['CHANGELOG*'] found in: /var/folders/cj/rh7njyk91lx4s79wxsflz3vw001y2r/T/tmp1nnogtcy/.github
::warning title=Policy Violation: integrates-with-ci::No file matching ['.gitlab-ci.yml', '.travis.yml', 'appveyor.yml', '.appveyor.yml', 'circle.yml', '.circleci/config.yml', 'Jenkinsfile', '.drone.yml', '.github/workflows/*', 'azure-pipelines.yml'] found in: /var/folders/cj/rh7njyk91lx4s79wxsflz3vw001y2r/T/tmp1nnogtcy/.github
::warning title=Policy Violation: source-qualcomm-license-headers-exist,file=src/guest_interface.c::Pattern '(Copyright|©).*Qualcomm Innovation Center, Inc|Qualcomm Technologies, Inc|Copyright (\\(c\\)|©) (20(1[2-9]|2[0-2])(-|,|\\s)*)+ The Linux Foundation' not found in src/guest_interface.c
::warning title=Policy Violation: github-issue-template-exists::No file matching ['ISSUE_TEMPLATE*', 'ISSUE_TEMPLATE/**', '.github/ISSUE_TEMPLATE*', '.github/ISSUE_TEMPLATE/**'] found in: /var/folders/cj/rh7njyk91lx4s79wxsflz3vw001y2r/T/tmpy3am1rts/gunyah-resource-manager
::warning title=Policy Violation: github-pull-request-template-exists::No file matching ['PULL_REQUEST_TEMPLATE*', 'PULL_REQUEST_TEMPLATE/**', '.github/PULL_REQUEST_TEMPLATE*', '.github/PULL_REQUEST_TEMPLATE/**'] found in: /var/folders/cj/rh7njyk91lx4s79wxsflz3vw001y2r/T/tmpy3am1rts/gunyah-resource-manager
::warning title=Policy Violation: python-package-metadata-exists::No file matching ['setup.py', 'requirements.txt'] found in: /var/folders/cj/rh7njyk91lx4s79wxsflz3vw001y2r/T/tmpy3am1rts/gunyah-resource-manager
::error title=Policy Violation: source-license-headers-exist,file=repolinter-test-data/fail-qti-copy.c::Pattern 'SPDX-License-Identifier|Redistribution and use in source and binary forms, with or without' not found in repolinter-test-data/fail-qti-copy.c
::warning title=Policy Violation: source-qualcomm-license-headers-exist,file=repolinter-test-data/fail-lf-copy-2024.c::Pattern '(Copyright|©).*Qualcomm Innovation Center, Inc|Qualcomm Technologies, Inc|Copyright (\\(c\\)|©) (20(1[2-9]|2[0-2])(-|,|\\s)*)+ The Linux Foundation' not found in repolinter-test-data/fail-lf-copy-2024.c
::warning title=Policy Violation: github-issue-template-exists::No file matching ['ISSUE_TEMPLATE*', 'ISSUE_TEMPLATE/**', '.github/ISSUE_TEMPLATE*', '.github/ISSUE_TEMPLATE/**'] found in: /var/folders/cj/rh7njyk91lx4s79wxsflz3vw001y2r/T/tmp1nnogtcy/.github
::warning title=Policy Violation: github-pull-request-template-exists::No file matching ['PULL_REQUEST_TEMPLATE*', 'PULL_REQUEST_TEMPLATE/**', '.github/PULL_REQUEST_TEMPLATE*', '.github/PULL_REQUEST_TEMPLATE/**'] found in: /var/folders/cj/rh7njyk91lx4s79wxsflz3vw001y2r/T/tmp1nnogtcy/.github
::warning title=Policy Violation: python-package-metadata-exists::No file matching ['setup.py', 'requirements.txt'] found in: /var/folders/cj/rh7njyk91lx4s79wxsflz3vw001y2r/T/tmp1nnogtcy/.github
::warning title=Policy Violation: binaries-not-present,file=aimet_zoo_torch/hrnet_posenet/models/nms/gpu_nms.cpython-38-x86_64-linux-gnu.so::Binary file found (MIME: application/x-sharedlib): aimet_zoo_torch/hrnet_posenet/models/nms/gpu_nms.cpython-38-x86_64-linux-gnu.so
::warning title=Policy Violation: test-directory-exists::No directory matching ['**/test*', '**/specs', '**/*test*'] found under /var/folders/cj/rh7njyk91lx4s79wxsflz3vw001y2r/T/tmpm3twgbqg/aimet-model-zoo
::warning title=Policy Violation: integrates-with-ci::No file matching ['.gitlab-ci.yml', '.travis.yml', 'appveyor.yml', '.appveyor.yml', 'circle.yml', '.circleci/config.yml', 'Jenkinsfile', '.drone.yml', '.github/workflows/*', 'azure-pipelines.yml'] found in: /var/folders/cj/rh7njyk91lx4s79wxsflz3vw001y2r/T/tmpm3twgbqg/aimet-model-zoo
::warning title=Policy Violation: test-directory-exists::No directory matching ['**/test*', '**/specs', '**/*test*'] found under /var/folders/cj/rh7njyk91lx4s79wxsflz3vw001y2r/T/tmpslmntqny/sample-apps-for-robotics-platforms
  [ 12/313] quic/.github: 0 discrepancies
  [ 13/313] quic/gunyah-resource-manager: 0 discrepancies
WARNING reporter [FAIL] license-file-exists: No file matching ['LICENSE*', 'COPYING*', 'NOTICE*'] found in: /var/folders/cj/rh7njyk91lx4s79wxsflz3vw001y2r/T/tmptczps295/wifi-commonsys
WARNING reporter [FAIL] contributing-file-exists: No file matching ['{docs/,.github/,}CONTRIB*'] found in: /var/folders/cj/rh7njyk91lx4s79wxsflz3vw001y2r/T/tmptczps295/wifi-commonsys
WARNING reporter [FAIL] code-of-conduct-file-exists: No file matching ['{docs/,.github/,}CODEOFCONDUCT*', '{docs/,.github/,}CODE-OF-CONDUCT*', '{docs/,.github/,}CODE_OF_CONDUCT*'] found in: /var/folders/cj/rh7njyk91lx4s79wxsflz3vw001y2r/T/tmptczps295/wifi-commonsys
WARNING reporter [FAIL] changelog-file-exists: No file matching ['CHANGELOG*'] found in: /var/folders/cj/rh7njyk91lx4s79wxsflz3vw001y2r/T/tmptczps295/wifi-commonsys
WARNING reporter [FAIL] readme-references-license: Pattern 'license|notice' not found in README.md
WARNING reporter [FAIL] source-license-headers-exist: Pattern 'Copyright(\\s)*(\\(c\\)|©)?' not found in RB5/linux_kernel_4_x/AI-ML-apps/AI_Vision_Solutions/inc/Configuration.h
WARNING reporter [FAIL] test-directory-exists: No directory matching ['**/test*', '**/specs', '**/*test*'] found under /var/folders/cj/rh7njyk91lx4s79wxsflz3vw001y2r/T/tmptczps295/wifi-commonsys
WARNING reporter [FAIL] source-license-headers-exist: Pattern 'SPDX-License-Identifier|Redistribution and use in source and binary forms, with or without' not found in AcceptanceTests/tensorflow/conftest.py
WARNING reporter [FAIL] changelog-file-exists: No file matching ['CHANGELOG*'] found in: /var/folders/cj/rh7njyk91lx4s79wxsflz3vw001y2r/T/tmpd7zw76no/startupkits
WARNING reporter [FAIL] github-issue-template-exists: No file matching ['ISSUE_TEMPLATE*', 'ISSUE_TEMPLATE/**', '.github/ISSUE_TEMPLATE*', '.github/ISSUE_TEMPLATE/**'] found in: /var/folders/cj/rh7njyk91lx4s79wxsflz3vw001y2r/T/tmptczps295/wifi-commonsys
WARNING reporter [FAIL] github-pull-request-template-exists: No file matching ['PULL_REQUEST_TEMPLATE*', 'PULL_REQUEST_TEMPLATE/**', '.github/PULL_REQUEST_TEMPLATE*', '.github/PULL_REQUEST_TEMPLATE/**'] found in: /var/folders/cj/rh7njyk91lx4s79wxsflz3vw001y2r/T/tmptczps295/wifi-commonsys
WARNING reporter [FAIL] java-package-metadata-exists: No file matching ['pom.xml', 'build.xml', 'build.gradle'] found in: /var/folders/cj/rh7njyk91lx4s79wxsflz3vw001y2r/T/tmptczps295/wifi-commonsys
WARNING reporter [FAIL] source-qualcomm-license-headers-exist: Pattern '(Copyright|©).*Qualcomm Innovation Center, Inc|Qualcomm Technologies, Inc|Copyright (\\(c\\)|©) (20(1[2-9]|2[0-2])(-|,|\\s)*)+ The Linux Foundation' not found in RB5/linux_kernel_4_x/AI-ML-apps/AI_Vision_Solutions/inc/Configuration.h
WARNING reporter [FAIL] github-issue-template-exists: No file matching ['ISSUE_TEMPLATE*', 'ISSUE_TEMPLATE/**', '.github/ISSUE_TEMPLATE*', '.github/ISSUE_TEMPLATE/**'] found in: /var/folders/cj/rh7njyk91lx4s79wxsflz3vw001y2r/T/tmpslmntqny/sample-apps-for-robotics-platforms
WARNING reporter [FAIL] github-pull-request-template-exists: No file matching ['PULL_REQUEST_TEMPLATE*', 'PULL_REQUEST_TEMPLATE/**', '.github/PULL_REQUEST_TEMPLATE*', '.github/PULL_REQUEST_TEMPLATE/**'] found in: /var/folders/cj/rh7njyk91lx4s79wxsflz3vw001y2r/T/tmpslmntqny/sample-apps-for-robotics-platforms
WARNING reporter [FAIL] python-package-metadata-exists: No file matching ['setup.py', 'requirements.txt'] found in: /var/folders/cj/rh7njyk91lx4s79wxsflz3vw001y2r/T/tmpslmntqny/sample-apps-for-robotics-platforms
::error title=Policy Violation: license-file-exists::No file matching ['LICENSE*', 'COPYING*', 'NOTICE*'] found in: /var/folders/cj/rh7njyk91lx4s79wxsflz3vw001y2r/T/tmptczps295/wifi-commonsys
::warning title=Policy Violation: contributing-file-exists::No file matching ['{docs/,.github/,}CONTRIB*'] found in: /var/folders/cj/rh7njyk91lx4s79wxsflz3vw001y2r/T/tmptczps295/wifi-commonsys
::warning title=Policy Violation: code-of-conduct-file-exists::No file matching ['{docs/,.github/,}CODEOFCONDUCT*', '{docs/,.github/,}CODE-OF-CONDUCT*', '{docs/,.github/,}CODE_OF_CONDUCT*'] found in: /var/folders/cj/rh7njyk91lx4s79wxsflz3vw001y2r/T/tmptczps295/wifi-commonsys
::warning title=Policy Violation: changelog-file-exists::No file matching ['CHANGELOG*'] found in: /var/folders/cj/rh7njyk91lx4s79wxsflz3vw001y2r/T/tmptczps295/wifi-commonsys
::error title=Policy Violation: readme-references-license,file=README.md::Pattern 'license|notice' not found in README.md
::error title=Policy Violation: source-license-headers-exist,file=RB5/linux_kernel_4_x/AI-ML-apps/AI_Vision_Solutions/inc/Configuration.h::Pattern 'Copyright(\\s)*(\\(c\\)|©)?' not found in RB5/linux_kernel_4_x/AI-ML-apps/AI_Vision_Solutions/inc/Configuration.h
::warning title=Policy Violation: test-directory-exists::No directory matching ['**/test*', '**/specs', '**/*test*'] found under /var/folders/cj/rh7njyk91lx4s79wxsflz3vw001y2r/T/tmptczps295/wifi-commonsys
::error title=Policy Violation: source-license-headers-exist,file=AcceptanceTests/tensorflow/conftest.py::Pattern 'SPDX-License-Identifier|Redistribution and use in source and binary forms, with or without' not found in AcceptanceTests/tensorflow/conftest.py
::warning title=Policy Violation: changelog-file-exists::No file matching ['CHANGELOG*'] found in: /var/folders/cj/rh7njyk91lx4s79wxsflz3vw001y2r/T/tmpd7zw76no/startupkits
::warning title=Policy Violation: github-issue-template-exists::No file matching ['ISSUE_TEMPLATE*', 'ISSUE_TEMPLATE/**', '.github/ISSUE_TEMPLATE*', '.github/ISSUE_TEMPLATE/**'] found in: /var/folders/cj/rh7njyk91lx4s79wxsflz3vw001y2r/T/tmptczps295/wifi-commonsys
::warning title=Policy Violation: github-pull-request-template-exists::No file matching ['PULL_REQUEST_TEMPLATE*', 'PULL_REQUEST_TEMPLATE/**', '.github/PULL_REQUEST_TEMPLATE*', '.github/PULL_REQUEST_TEMPLATE/**'] found in: /var/folders/cj/rh7njyk91lx4s79wxsflz3vw001y2r/T/tmptczps295/wifi-commonsys
::warning title=Policy Violation: java-package-metadata-exists::No file matching ['pom.xml', 'build.xml', 'build.gradle'] found in: /var/folders/cj/rh7njyk91lx4s79wxsflz3vw001y2r/T/tmptczps295/wifi-commonsys
::warning title=Policy Violation: source-qualcomm-license-headers-exist,file=RB5/linux_kernel_4_x/AI-ML-apps/AI_Vision_Solutions/inc/Configuration.h::Pattern '(Copyright|©).*Qualcomm Innovation Center, Inc|Qualcomm Technologies, Inc|Copyright (\\(c\\)|©) (20(1[2-9]|2[0-2])(-|,|\\s)*)+ The Linux Foundation' not found in RB5/linux_kernel_4_x/AI-ML-apps/AI_Vision_Solutions/inc/Configuration.h
::warning title=Policy Violation: github-issue-template-exists::No file matching ['ISSUE_TEMPLATE*', 'ISSUE_TEMPLATE/**', '.github/ISSUE_TEMPLATE*', '.github/ISSUE_TEMPLATE/**'] found in: /var/folders/cj/rh7njyk91lx4s79wxsflz3vw001y2r/T/tmpslmntqny/sample-apps-for-robotics-platforms
::warning title=Policy Violation: github-pull-request-template-exists::No file matching ['PULL_REQUEST_TEMPLATE*', 'PULL_REQUEST_TEMPLATE/**', '.github/PULL_REQUEST_TEMPLATE*', '.github/PULL_REQUEST_TEMPLATE/**'] found in: /var/folders/cj/rh7njyk91lx4s79wxsflz3vw001y2r/T/tmpslmntqny/sample-apps-for-robotics-platforms
::warning title=Policy Violation: python-package-metadata-exists::No file matching ['setup.py', 'requirements.txt'] found in: /var/folders/cj/rh7njyk91lx4s79wxsflz3vw001y2r/T/tmpslmntqny/sample-apps-for-robotics-platforms
  [ 14/313] quic/wifi-commonsys: 0 discrepancies
WARNING reporter [FAIL] test-directory-exists: No directory matching ['**/test*', '**/specs', '**/*test*'] found under /var/folders/cj/rh7njyk91lx4s79wxsflz3vw001y2r/T/tmpd7zw76no/startupkits
WARNING reporter [FAIL] source-license-headers-exist: Pattern 'Copyright(\\s)*(\\(c\\)|©)?' not found in docs/BG96/board.js
WARNING reporter [FAIL] source-qualcomm-license-headers-exist: Pattern '(Copyright|©).*Qualcomm Innovation Center, Inc|Qualcomm Technologies, Inc|Copyright (\\(c\\)|©) (20(1[2-9]|2[0-2])(-|,|\\s)*)+ The Linux Foundation' not found in aimet_zoo_tensorflow/common/object_detection/data_decoder.py
WARNING reporter [FAIL] github-issue-template-exists: No file matching ['ISSUE_TEMPLATE*', 'ISSUE_TEMPLATE/**', '.github/ISSUE_TEMPLATE*', '.github/ISSUE_TEMPLATE/**'] found in: /var/folders/cj/rh7njyk91lx4s79wxsflz3vw001y2r/T/tmpm3twgbqg/aimet-model-zoo
WARNING reporter [FAIL] github-pull-request-template-exists: No file matching ['PULL_REQUEST_TEMPLATE*', 'PULL_REQUEST_TEMPLATE/**', '.github/PULL_REQUEST_TEMPLATE*', '.github/PULL_REQUEST_TEMPLATE/**'] found in: /var/folders/cj/rh7njyk91lx4s79wxsflz3vw001y2r/T/tmpm3twgbqg/aimet-model-zoo
WARNING reporter [FAIL] python-package-metadata-exists: No file matching ['setup.py', 'requirements.txt'] found in: /var/folders/cj/rh7njyk91lx4s79wxsflz3vw001y2r/T/tmpm3twgbqg/aimet-model-zoo
WARNING reporter [FAIL] test-directory-exists: No directory matching ['**/test*', '**/specs', '**/*test*'] found under /var/folders/cj/rh7njyk91lx4s79wxsflz3vw001y2r/T/tmpig6zu32v/musl
WARNING reporter [FAIL] source-qualcomm-license-headers-exist: Pattern '(Copyright|©).*Qualcomm Innovation Center, Inc|Qualcomm Technologies, Inc|Copyright (\\(c\\)|©) (20(1[2-9]|2[0-2])(-|,|\\s)*)+ The Linux Foundation' not found in docs/BG96/board.js
WARNING reporter [FAIL] github-issue-template-exists: No file matching ['ISSUE_TEMPLATE*', 'ISSUE_TEMPLATE/**', '.github/ISSUE_TEMPLATE*', '.github/ISSUE_TEMPLATE/**'] found in: /var/folders/cj/rh7njyk91lx4s79wxsflz3vw001y2r/T/tmpd7zw76no/startupkits
WARNING reporter [FAIL] github-pull-request-template-exists: No file matching ['PULL_REQUEST_TEMPLATE*', 'PULL_REQUEST_TEMPLATE/**', '.github/PULL_REQUEST_TEMPLATE*', '.github/PULL_REQUEST_TEMPLATE/**'] found in: /var/folders/cj/rh7njyk91lx4s79wxsflz3vw001y2r/T/tmpd7zw76no/startupkits
WARNING reporter [FAIL] javascript-package-metadata-exists: No file matching ['package.json'] found in: /var/folders/cj/rh7njyk91lx4s79wxsflz3vw001y2r/T/tmpd7zw76no/startupkits
::warning title=Policy Violation: test-directory-exists::No directory matching ['**/test*', '**/specs', '**/*test*'] found under /var/folders/cj/rh7njyk91lx4s79wxsflz3vw001y2r/T/tmpd7zw76no/startupkits
::error title=Policy Violation: source-license-headers-exist,file=docs/BG96/board.js::Pattern 'Copyright(\\s)*(\\(c\\)|©)?' not found in docs/BG96/board.js
::warning title=Policy Violation: source-qualcomm-license-headers-exist,file=aimet_zoo_tensorflow/common/object_detection/data_decoder.py::Pattern '(Copyright|©).*Qualcomm Innovation Center, Inc|Qualcomm Technologies, Inc|Copyright (\\(c\\)|©) (20(1[2-9]|2[0-2])(-|,|\\s)*)+ The Linux Foundation' not found in aimet_zoo_tensorflow/common/object_detection/data_decoder.py
::warning title=Policy Violation: github-issue-template-exists::No file matching ['ISSUE_TEMPLATE*', 'ISSUE_TEMPLATE/**', '.github/ISSUE_TEMPLATE*', '.github/ISSUE_TEMPLATE/**'] found in: /var/folders/cj/rh7njyk91lx4s79wxsflz3vw001y2r/T/tmpm3twgbqg/aimet-model-zoo
::warning title=Policy Violation: github-pull-request-template-exists::No file matching ['PULL_REQUEST_TEMPLATE*', 'PULL_REQUEST_TEMPLATE/**', '.github/PULL_REQUEST_TEMPLATE*', '.github/PULL_REQUEST_TEMPLATE/**'] found in: /var/folders/cj/rh7njyk91lx4s79wxsflz3vw001y2r/T/tmpm3twgbqg/aimet-model-zoo
::warning title=Policy Violation: python-package-metadata-exists::No file matching ['setup.py', 'requirements.txt'] found in: /var/folders/cj/rh7njyk91lx4s79wxsflz3vw001y2r/T/tmpm3twgbqg/aimet-model-zoo
::warning title=Policy Violation: test-directory-exists::No directory matching ['**/test*', '**/specs', '**/*test*'] found under /var/folders/cj/rh7njyk91lx4s79wxsflz3vw001y2r/T/tmpig6zu32v/musl
::warning title=Policy Violation: source-qualcomm-license-headers-exist,file=docs/BG96/board.js::Pattern '(Copyright|©).*Qualcomm Innovation Center, Inc|Qualcomm Technologies, Inc|Copyright (\\(c\\)|©) (20(1[2-9]|2[0-2])(-|,|\\s)*)+ The Linux Foundation' not found in docs/BG96/board.js
::warning title=Policy Violation: github-issue-template-exists::No file matching ['ISSUE_TEMPLATE*', 'ISSUE_TEMPLATE/**', '.github/ISSUE_TEMPLATE*', '.github/ISSUE_TEMPLATE/**'] found in: /var/folders/cj/rh7njyk91lx4s79wxsflz3vw001y2r/T/tmpd7zw76no/startupkits
::warning title=Policy Violation: github-pull-request-template-exists::No file matching ['PULL_REQUEST_TEMPLATE*', 'PULL_REQUEST_TEMPLATE/**', '.github/PULL_REQUEST_TEMPLATE*', '.github/PULL_REQUEST_TEMPLATE/**'] found in: /var/folders/cj/rh7njyk91lx4s79wxsflz3vw001y2r/T/tmpd7zw76no/startupkits
::warning title=Policy Violation: javascript-package-metadata-exists::No file matching ['package.json'] found in: /var/folders/cj/rh7njyk91lx4s79wxsflz3vw001y2r/T/tmpd7zw76no/startupkits
  [ 15/313] quic/sample-apps-for-robotics-platforms: 1 discrepancies
WARNING reporter [FAIL] github-issue-template-exists: No file matching ['ISSUE_TEMPLATE*', 'ISSUE_TEMPLATE/**', '.github/ISSUE_TEMPLATE*', '.github/ISSUE_TEMPLATE/**'] found in: /var/folders/cj/rh7njyk91lx4s79wxsflz3vw001y2r/T/tmpzqns6c0b/ghe-policy-check
WARNING reporter [FAIL] github-pull-request-template-exists: No file matching ['PULL_REQUEST_TEMPLATE*', 'PULL_REQUEST_TEMPLATE/**', '.github/PULL_REQUEST_TEMPLATE*', '.github/PULL_REQUEST_TEMPLATE/**'] found in: /var/folders/cj/rh7njyk91lx4s79wxsflz3vw001y2r/T/tmpzqns6c0b/ghe-policy-check
::warning title=Policy Violation: github-issue-template-exists::No file matching ['ISSUE_TEMPLATE*', 'ISSUE_TEMPLATE/**', '.github/ISSUE_TEMPLATE*', '.github/ISSUE_TEMPLATE/**'] found in: /var/folders/cj/rh7njyk91lx4s79wxsflz3vw001y2r/T/tmpzqns6c0b/ghe-policy-check
::warning title=Policy Violation: github-pull-request-template-exists::No file matching ['PULL_REQUEST_TEMPLATE*', 'PULL_REQUEST_TEMPLATE/**', '.github/PULL_REQUEST_TEMPLATE*', '.github/PULL_REQUEST_TEMPLATE/**'] found in: /var/folders/cj/rh7njyk91lx4s79wxsflz3vw001y2r/T/tmpzqns6c0b/ghe-policy-check
  [ 16/313] quic/startupkits: 3 discrepancies *** RPA ERROR NOT IN RL ***
WARNING reporter [FAIL] changelog-file-exists: No file matching ['CHANGELOG*'] found in: /var/folders/cj/rh7njyk91lx4s79wxsflz3vw001y2r/T/tmpcdlg4iln/vsf-service
WARNING reporter [FAIL] source-license-headers-exist: Pattern 'Copyright(\\s)*(\\(c\\)|©)?' not found in arch/aarch64/atomic_arch.h
WARNING reporter [FAIL] source-license-headers-exist: Pattern 'Copyright(\\s)*(\\(c\\)|©)?' not found in manage.py
::warning title=Policy Violation: changelog-file-exists::No file matching ['CHANGELOG*'] found in: /var/folders/cj/rh7njyk91lx4s79wxsflz3vw001y2r/T/tmpcdlg4iln/vsf-service
::error title=Policy Violation: source-license-headers-exist,file=arch/aarch64/atomic_arch.h::Pattern 'Copyright(\\s)*(\\(c\\)|©)?' not found in arch/aarch64/atomic_arch.h
::error title=Policy Violation: source-license-headers-exist,file=manage.py::Pattern 'Copyright(\\s)*(\\(c\\)|©)?' not found in manage.py
  [ 17/313] quic/aimet-model-zoo: 1 discrepancies
WARNING reporter [FAIL] source-qualcomm-license-headers-exist: Pattern '(Copyright|©).*Qualcomm Innovation Center, Inc|Qualcomm Technologies, Inc|Copyright (\\(c\\)|©) (20(1[2-9]|2[0-2])(-|,|\\s)*)+ The Linux Foundation' not found in manage.py
WARNING reporter [FAIL] github-issue-template-exists: No file matching ['ISSUE_TEMPLATE*', 'ISSUE_TEMPLATE/**', '.github/ISSUE_TEMPLATE*', '.github/ISSUE_TEMPLATE/**'] found in: /var/folders/cj/rh7njyk91lx4s79wxsflz3vw001y2r/T/tmpcdlg4iln/vsf-service
WARNING reporter [FAIL] github-pull-request-template-exists: No file matching ['PULL_REQUEST_TEMPLATE*', 'PULL_REQUEST_TEMPLATE/**', '.github/PULL_REQUEST_TEMPLATE*', '.github/PULL_REQUEST_TEMPLATE/**'] found in: /var/folders/cj/rh7njyk91lx4s79wxsflz3vw001y2r/T/tmpcdlg4iln/vsf-service
::warning title=Policy Violation: source-qualcomm-license-headers-exist,file=manage.py::Pattern '(Copyright|©).*Qualcomm Innovation Center, Inc|Qualcomm Technologies, Inc|Copyright (\\(c\\)|©) (20(1[2-9]|2[0-2])(-|,|\\s)*)+ The Linux Foundation' not found in manage.py
::warning title=Policy Violation: github-issue-template-exists::No file matching ['ISSUE_TEMPLATE*', 'ISSUE_TEMPLATE/**', '.github/ISSUE_TEMPLATE*', '.github/ISSUE_TEMPLATE/**'] found in: /var/folders/cj/rh7njyk91lx4s79wxsflz3vw001y2r/T/tmpcdlg4iln/vsf-service
::warning title=Policy Violation: github-pull-request-template-exists::No file matching ['PULL_REQUEST_TEMPLATE*', 'PULL_REQUEST_TEMPLATE/**', '.github/PULL_REQUEST_TEMPLATE*', '.github/PULL_REQUEST_TEMPLATE/**'] found in: /var/folders/cj/rh7njyk91lx4s79wxsflz3vw001y2r/T/tmpcdlg4iln/vsf-service
  [ 18/313] quic/ghe-policy-check: 0 discrepancies
WARNING reporter [FAIL] contributing-file-exists: No file matching ['{docs/,.github/,}CONTRIB*'] found in: /var/folders/cj/rh7njyk91lx4s79wxsflz3vw001y2r/T/tmpyrxp_njd/lsbug
WARNING reporter [FAIL] code-of-conduct-file-exists: No file matching ['{docs/,.github/,}CODEOFCONDUCT*', '{docs/,.github/,}CODE-OF-CONDUCT*', '{docs/,.github/,}CODE_OF_CONDUCT*'] found in: /var/folders/cj/rh7njyk91lx4s79wxsflz3vw001y2r/T/tmpyrxp_njd/lsbug
WARNING reporter [FAIL] changelog-file-exists: No file matching ['CHANGELOG*'] found in: /var/folders/cj/rh7njyk91lx4s79wxsflz3vw001y2r/T/tmpyrxp_njd/lsbug
WARNING reporter [FAIL] test-directory-exists: No directory matching ['**/test*', '**/specs', '**/*test*'] found under /var/folders/cj/rh7njyk91lx4s79wxsflz3vw001y2r/T/tmpyrxp_njd/lsbug
WARNING reporter [FAIL] github-issue-template-exists: No file matching ['ISSUE_TEMPLATE*', 'ISSUE_TEMPLATE/**', '.github/ISSUE_TEMPLATE*', '.github/ISSUE_TEMPLATE/**'] found in: /var/folders/cj/rh7njyk91lx4s79wxsflz3vw001y2r/T/tmpyrxp_njd/lsbug
WARNING reporter [FAIL] github-pull-request-template-exists: No file matching ['PULL_REQUEST_TEMPLATE*', 'PULL_REQUEST_TEMPLATE/**', '.github/PULL_REQUEST_TEMPLATE*', '.github/PULL_REQUEST_TEMPLATE/**'] found in: /var/folders/cj/rh7njyk91lx4s79wxsflz3vw001y2r/T/tmpyrxp_njd/lsbug
WARNING reporter [FAIL] python-package-metadata-exists: No file matching ['setup.py', 'requirements.txt'] found in: /var/folders/cj/rh7njyk91lx4s79wxsflz3vw001y2r/T/tmpyrxp_njd/lsbug
::warning title=Policy Violation: contributing-file-exists::No file matching ['{docs/,.github/,}CONTRIB*'] found in: /var/folders/cj/rh7njyk91lx4s79wxsflz3vw001y2r/T/tmpyrxp_njd/lsbug
::warning title=Policy Violation: code-of-conduct-file-exists::No file matching ['{docs/,.github/,}CODEOFCONDUCT*', '{docs/,.github/,}CODE-OF-CONDUCT*', '{docs/,.github/,}CODE_OF_CONDUCT*'] found in: /var/folders/cj/rh7njyk91lx4s79wxsflz3vw001y2r/T/tmpyrxp_njd/lsbug
::warning title=Policy Violation: changelog-file-exists::No file matching ['CHANGELOG*'] found in: /var/folders/cj/rh7njyk91lx4s79wxsflz3vw001y2r/T/tmpyrxp_njd/lsbug
::warning title=Policy Violation: test-directory-exists::No directory matching ['**/test*', '**/specs', '**/*test*'] found under /var/folders/cj/rh7njyk91lx4s79wxsflz3vw001y2r/T/tmpyrxp_njd/lsbug
::warning title=Policy Violation: github-issue-template-exists::No file matching ['ISSUE_TEMPLATE*', 'ISSUE_TEMPLATE/**', '.github/ISSUE_TEMPLATE*', '.github/ISSUE_TEMPLATE/**'] found in: /var/folders/cj/rh7njyk91lx4s79wxsflz3vw001y2r/T/tmpyrxp_njd/lsbug
::warning title=Policy Violation: github-pull-request-template-exists::No file matching ['PULL_REQUEST_TEMPLATE*', 'PULL_REQUEST_TEMPLATE/**', '.github/PULL_REQUEST_TEMPLATE*', '.github/PULL_REQUEST_TEMPLATE/**'] found in: /var/folders/cj/rh7njyk91lx4s79wxsflz3vw001y2r/T/tmpyrxp_njd/lsbug
::warning title=Policy Violation: python-package-metadata-exists::No file matching ['setup.py', 'requirements.txt'] found in: /var/folders/cj/rh7njyk91lx4s79wxsflz3vw001y2r/T/tmpyrxp_njd/lsbug
  [ 19/313] quic/vsf-service: 0 discrepancies
WARNING reporter [FAIL] source-qualcomm-license-headers-exist: Pattern '(Copyright|©).*Qualcomm Innovation Center, Inc|Qualcomm Technologies, Inc|Copyright (\\(c\\)|©) (20(1[2-9]|2[0-2])(-|,|\\s)*)+ The Linux Foundation' not found in arch/aarch64/atomic_arch.h
WARNING reporter [FAIL] github-issue-template-exists: No file matching ['ISSUE_TEMPLATE*', 'ISSUE_TEMPLATE/**', '.github/ISSUE_TEMPLATE*', '.github/ISSUE_TEMPLATE/**'] found in: /var/folders/cj/rh7njyk91lx4s79wxsflz3vw001y2r/T/tmpig6zu32v/musl
WARNING reporter [FAIL] github-pull-request-template-exists: No file matching ['PULL_REQUEST_TEMPLATE*', 'PULL_REQUEST_TEMPLATE/**', '.github/PULL_REQUEST_TEMPLATE*', '.github/PULL_REQUEST_TEMPLATE/**'] found in: /var/folders/cj/rh7njyk91lx4s79wxsflz3vw001y2r/T/tmpig6zu32v/musl
::warning title=Policy Violation: source-qualcomm-license-headers-exist,file=arch/aarch64/atomic_arch.h::Pattern '(Copyright|©).*Qualcomm Innovation Center, Inc|Qualcomm Technologies, Inc|Copyright (\\(c\\)|©) (20(1[2-9]|2[0-2])(-|,|\\s)*)+ The Linux Foundation' not found in arch/aarch64/atomic_arch.h
::warning title=Policy Violation: github-issue-template-exists::No file matching ['ISSUE_TEMPLATE*', 'ISSUE_TEMPLATE/**', '.github/ISSUE_TEMPLATE*', '.github/ISSUE_TEMPLATE/**'] found in: /var/folders/cj/rh7njyk91lx4s79wxsflz3vw001y2r/T/tmpig6zu32v/musl
::warning title=Policy Violation: github-pull-request-template-exists::No file matching ['PULL_REQUEST_TEMPLATE*', 'PULL_REQUEST_TEMPLATE/**', '.github/PULL_REQUEST_TEMPLATE*', '.github/PULL_REQUEST_TEMPLATE/**'] found in: /var/folders/cj/rh7njyk91lx4s79wxsflz3vw001y2r/T/tmpig6zu32v/musl
  [ 20/313] quic/lsbug: 0 discrepancies
WARNING reporter [FAIL] changelog-file-exists: No file matching ['CHANGELOG*'] found in: /var/folders/cj/rh7njyk91lx4s79wxsflz3vw001y2r/T/tmplh804cbt/software-kit-for-qualcomm-cloud-ai-100
WARNING reporter [FAIL] changelog-file-exists: No file matching ['CHANGELOG*'] found in: /var/folders/cj/rh7njyk91lx4s79wxsflz3vw001y2r/T/tmpg6lk7b4g/software-kit-for-qualcomm-cloud-ai-100-cc
::warning title=Policy Violation: changelog-file-exists::No file matching ['CHANGELOG*'] found in: /var/folders/cj/rh7njyk91lx4s79wxsflz3vw001y2r/T/tmplh804cbt/software-kit-for-qualcomm-cloud-ai-100
::warning title=Policy Violation: changelog-file-exists::No file matching ['CHANGELOG*'] found in: /var/folders/cj/rh7njyk91lx4s79wxsflz3vw001y2r/T/tmpg6lk7b4g/software-kit-for-qualcomm-cloud-ai-100-cc
  [ 21/313] quic/vasp: 0 discrepancies
  [ 22/313] quic/musl: 1 discrepancies
WARNING reporter [FAIL] github-issue-template-exists: No file matching ['ISSUE_TEMPLATE*', 'ISSUE_TEMPLATE/**', '.github/ISSUE_TEMPLATE*', '.github/ISSUE_TEMPLATE/**'] found in: /var/folders/cj/rh7njyk91lx4s79wxsflz3vw001y2r/T/tmplh804cbt/software-kit-for-qualcomm-cloud-ai-100
WARNING reporter [FAIL] github-pull-request-template-exists: No file matching ['PULL_REQUEST_TEMPLATE*', 'PULL_REQUEST_TEMPLATE/**', '.github/PULL_REQUEST_TEMPLATE*', '.github/PULL_REQUEST_TEMPLATE/**'] found in: /var/folders/cj/rh7njyk91lx4s79wxsflz3vw001y2r/T/tmplh804cbt/software-kit-for-qualcomm-cloud-ai-100
WARNING reporter [FAIL] source-qualcomm-license-headers-exist: Pattern '(Copyright|©).*Qualcomm Innovation Center, Inc|Qualcomm Technologies, Inc|Copyright (\\(c\\)|©) (20(1[2-9]|2[0-2])(-|,|\\s)*)+ The Linux Foundation' not found in scripts/build.sh
WARNING reporter [FAIL] github-issue-template-exists: No file matching ['ISSUE_TEMPLATE*', 'ISSUE_TEMPLATE/**', '.github/ISSUE_TEMPLATE*', '.github/ISSUE_TEMPLATE/**'] found in: /var/folders/cj/rh7njyk91lx4s79wxsflz3vw001y2r/T/tmpg6lk7b4g/software-kit-for-qualcomm-cloud-ai-100-cc
WARNING reporter [FAIL] github-pull-request-template-exists: No file matching ['PULL_REQUEST_TEMPLATE*', 'PULL_REQUEST_TEMPLATE/**', '.github/PULL_REQUEST_TEMPLATE*', '.github/PULL_REQUEST_TEMPLATE/**'] found in: /var/folders/cj/rh7njyk91lx4s79wxsflz3vw001y2r/T/tmpg6lk7b4g/software-kit-for-qualcomm-cloud-ai-100-cc
WARNING reporter [FAIL] changelog-file-exists: No file matching ['CHANGELOG*'] found in: /var/folders/cj/rh7njyk91lx4s79wxsflz3vw001y2r/T/tmplq4at9z8/homebrew-quic
WARNING reporter [FAIL] test-directory-exists: No directory matching ['**/test*', '**/specs', '**/*test*'] found under /var/folders/cj/rh7njyk91lx4s79wxsflz3vw001y2r/T/tmplq4at9z8/homebrew-quic
WARNING reporter [FAIL] github-issue-template-exists: No file matching ['ISSUE_TEMPLATE*', 'ISSUE_TEMPLATE/**', '.github/ISSUE_TEMPLATE*', '.github/ISSUE_TEMPLATE/**'] found in: /var/folders/cj/rh7njyk91lx4s79wxsflz3vw001y2r/T/tmplq4at9z8/homebrew-quic
WARNING reporter [FAIL] github-pull-request-template-exists: No file matching ['PULL_REQUEST_TEMPLATE*', 'PULL_REQUEST_TEMPLATE/**', '.github/PULL_REQUEST_TEMPLATE*', '.github/PULL_REQUEST_TEMPLATE/**'] found in: /var/folders/cj/rh7njyk91lx4s79wxsflz3vw001y2r/T/tmplq4at9z8/homebrew-quic
WARNING reporter [FAIL] ruby-package-metadata-exists: No file matching ['Gemfile'] found in: /var/folders/cj/rh7njyk91lx4s79wxsflz3vw001y2r/T/tmplq4at9z8/homebrew-quic
WARNING reporter [FAIL] source-license-headers-exist: Pattern 'Copyright(\\s)*(\\(c\\)|©)?' not found in hyp/arch/aarch64/include/asm/nospec_checks.h
::warning title=Policy Violation: github-issue-template-exists::No file matching ['ISSUE_TEMPLATE*', 'ISSUE_TEMPLATE/**', '.github/ISSUE_TEMPLATE*', '.github/ISSUE_TEMPLATE/**'] found in: /var/folders/cj/rh7njyk91lx4s79wxsflz3vw001y2r/T/tmplh804cbt/software-kit-for-qualcomm-cloud-ai-100
::warning title=Policy Violation: github-pull-request-template-exists::No file matching ['PULL_REQUEST_TEMPLATE*', 'PULL_REQUEST_TEMPLATE/**', '.github/PULL_REQUEST_TEMPLATE*', '.github/PULL_REQUEST_TEMPLATE/**'] found in: /var/folders/cj/rh7njyk91lx4s79wxsflz3vw001y2r/T/tmplh804cbt/software-kit-for-qualcomm-cloud-ai-100
::warning title=Policy Violation: source-qualcomm-license-headers-exist,file=scripts/build.sh::Pattern '(Copyright|©).*Qualcomm Innovation Center, Inc|Qualcomm Technologies, Inc|Copyright (\\(c\\)|©) (20(1[2-9]|2[0-2])(-|,|\\s)*)+ The Linux Foundation' not found in scripts/build.sh
::warning title=Policy Violation: github-issue-template-exists::No file matching ['ISSUE_TEMPLATE*', 'ISSUE_TEMPLATE/**', '.github/ISSUE_TEMPLATE*', '.github/ISSUE_TEMPLATE/**'] found in: /var/folders/cj/rh7njyk91lx4s79wxsflz3vw001y2r/T/tmpg6lk7b4g/software-kit-for-qualcomm-cloud-ai-100-cc
::warning title=Policy Violation: github-pull-request-template-exists::No file matching ['PULL_REQUEST_TEMPLATE*', 'PULL_REQUEST_TEMPLATE/**', '.github/PULL_REQUEST_TEMPLATE*', '.github/PULL_REQUEST_TEMPLATE/**'] found in: /var/folders/cj/rh7njyk91lx4s79wxsflz3vw001y2r/T/tmpg6lk7b4g/software-kit-for-qualcomm-cloud-ai-100-cc
::warning title=Policy Violation: changelog-file-exists::No file matching ['CHANGELOG*'] found in: /var/folders/cj/rh7njyk91lx4s79wxsflz3vw001y2r/T/tmplq4at9z8/homebrew-quic
::warning title=Policy Violation: test-directory-exists::No directory matching ['**/test*', '**/specs', '**/*test*'] found under /var/folders/cj/rh7njyk91lx4s79wxsflz3vw001y2r/T/tmplq4at9z8/homebrew-quic
::warning title=Policy Violation: github-issue-template-exists::No file matching ['ISSUE_TEMPLATE*', 'ISSUE_TEMPLATE/**', '.github/ISSUE_TEMPLATE*', '.github/ISSUE_TEMPLATE/**'] found in: /var/folders/cj/rh7njyk91lx4s79wxsflz3vw001y2r/T/tmplq4at9z8/homebrew-quic
::warning title=Policy Violation: github-pull-request-template-exists::No file matching ['PULL_REQUEST_TEMPLATE*', 'PULL_REQUEST_TEMPLATE/**', '.github/PULL_REQUEST_TEMPLATE*', '.github/PULL_REQUEST_TEMPLATE/**'] found in: /var/folders/cj/rh7njyk91lx4s79wxsflz3vw001y2r/T/tmplq4at9z8/homebrew-quic
::warning title=Policy Violation: ruby-package-metadata-exists::No file matching ['Gemfile'] found in: /var/folders/cj/rh7njyk91lx4s79wxsflz3vw001y2r/T/tmplq4at9z8/homebrew-quic
::error title=Policy Violation: source-license-headers-exist,file=hyp/arch/aarch64/include/asm/nospec_checks.h::Pattern 'Copyright(\\s)*(\\(c\\)|©)?' not found in hyp/arch/aarch64/include/asm/nospec_checks.h
  [ 23/313] quic/software-kit-for-qualcomm-cloud-ai-100-cc: 0 discrepancies
  [ 24/313] quic/software-kit-for-qualcomm-cloud-ai-100: 0 discrepancies
WARNING reporter [FAIL] contributing-file-exists: No file matching ['{docs/,.github/,}CONTRIB*'] found in: /var/folders/cj/rh7njyk91lx4s79wxsflz3vw001y2r/T/tmpguakmkc0/aimet-pages
::warning title=Policy Violation: contributing-file-exists::No file matching ['{docs/,.github/,}CONTRIB*'] found in: /var/folders/cj/rh7njyk91lx4s79wxsflz3vw001y2r/T/tmpguakmkc0/aimet-pages
  [ 25/313] quic/homebrew-quic: 1 discrepancies
WARNING reporter [FAIL] license-file-exists: No file matching ['LICENSE*', 'COPYING*', 'NOTICE*'] found in: /var/folders/cj/rh7njyk91lx4s79wxsflz3vw001y2r/T/tmp7c3otw57/android-on-snapdragon
WARNING reporter [FAIL] license-file-exists: No file matching ['LICENSE*', 'COPYING*', 'NOTICE*'] found in: /var/folders/cj/rh7njyk91lx4s79wxsflz3vw001y2r/T/tmp0y4qz00e/cloud-ai-sdk-pages
WARNING reporter [FAIL] contributing-file-exists: No file matching ['{docs/,.github/,}CONTRIB*'] found in: /var/folders/cj/rh7njyk91lx4s79wxsflz3vw001y2r/T/tmp0y4qz00e/cloud-ai-sdk-pages
WARNING reporter [FAIL] code-of-conduct-file-exists: No file matching ['{docs/,.github/,}CODEOFCONDUCT*', '{docs/,.github/,}CODE-OF-CONDUCT*', '{docs/,.github/,}CODE_OF_CONDUCT*'] found in: /var/folders/cj/rh7njyk91lx4s79wxsflz3vw001y2r/T/tmp0y4qz00e/cloud-ai-sdk-pages
WARNING reporter [FAIL] changelog-file-exists: No file matching ['CHANGELOG*'] found in: /var/folders/cj/rh7njyk91lx4s79wxsflz3vw001y2r/T/tmp0y4qz00e/cloud-ai-sdk-pages
WARNING reporter [FAIL] readme-references-license: Pattern 'license|notice' not found in README.md
WARNING reporter [FAIL] test-directory-exists: No directory matching ['**/test*', '**/specs', '**/*test*'] found under /var/folders/cj/rh7njyk91lx4s79wxsflz3vw001y2r/T/tmp0y4qz00e/cloud-ai-sdk-pages
WARNING reporter [FAIL] integrates-with-ci: No file matching ['.gitlab-ci.yml', '.travis.yml', 'appveyor.yml', '.appveyor.yml', 'circle.yml', '.circleci/config.yml', 'Jenkinsfile', '.drone.yml', '.github/workflows/*', 'azure-pipelines.yml'] found in: /var/folders/cj/rh7njyk91lx4s79wxsflz3vw001y2r/T/tmp0y4qz00e/cloud-ai-sdk-pages
WARNING reporter [FAIL] contributing-file-exists: No file matching ['{docs/,.github/,}CONTRIB*'] found in: /var/folders/cj/rh7njyk91lx4s79wxsflz3vw001y2r/T/tmp7c3otw57/android-on-snapdragon
WARNING reporter [FAIL] github-issue-template-exists: No file matching ['ISSUE_TEMPLATE*', 'ISSUE_TEMPLATE/**', '.github/ISSUE_TEMPLATE*', '.github/ISSUE_TEMPLATE/**'] found in: /var/folders/cj/rh7njyk91lx4s79wxsflz3vw001y2r/T/tmp0y4qz00e/cloud-ai-sdk-pages
WARNING reporter [FAIL] github-pull-request-template-exists: No file matching ['PULL_REQUEST_TEMPLATE*', 'PULL_REQUEST_TEMPLATE/**', '.github/PULL_REQUEST_TEMPLATE*', '.github/PULL_REQUEST_TEMPLATE/**'] found in: /var/folders/cj/rh7njyk91lx4s79wxsflz3vw001y2r/T/tmp0y4qz00e/cloud-ai-sdk-pages
::error title=Policy Violation: license-file-exists::No file matching ['LICENSE*', 'COPYING*', 'NOTICE*'] found in: /var/folders/cj/rh7njyk91lx4s79wxsflz3vw001y2r/T/tmp7c3otw57/android-on-snapdragon
::error title=Policy Violation: license-file-exists::No file matching ['LICENSE*', 'COPYING*', 'NOTICE*'] found in: /var/folders/cj/rh7njyk91lx4s79wxsflz3vw001y2r/T/tmp0y4qz00e/cloud-ai-sdk-pages
::warning title=Policy Violation: contributing-file-exists::No file matching ['{docs/,.github/,}CONTRIB*'] found in: /var/folders/cj/rh7njyk91lx4s79wxsflz3vw001y2r/T/tmp0y4qz00e/cloud-ai-sdk-pages
::warning title=Policy Violation: code-of-conduct-file-exists::No file matching ['{docs/,.github/,}CODEOFCONDUCT*', '{docs/,.github/,}CODE-OF-CONDUCT*', '{docs/,.github/,}CODE_OF_CONDUCT*'] found in: /var/folders/cj/rh7njyk91lx4s79wxsflz3vw001y2r/T/tmp0y4qz00e/cloud-ai-sdk-pages
::warning title=Policy Violation: changelog-file-exists::No file matching ['CHANGELOG*'] found in: /var/folders/cj/rh7njyk91lx4s79wxsflz3vw001y2r/T/tmp0y4qz00e/cloud-ai-sdk-pages
::error title=Policy Violation: readme-references-license,file=README.md::Pattern 'license|notice' not found in README.md
::warning title=Policy Violation: test-directory-exists::No directory matching ['**/test*', '**/specs', '**/*test*'] found under /var/folders/cj/rh7njyk91lx4s79wxsflz3vw001y2r/T/tmp0y4qz00e/cloud-ai-sdk-pages
::warning title=Policy Violation: integrates-with-ci::No file matching ['.gitlab-ci.yml', '.travis.yml', 'appveyor.yml', '.appveyor.yml', 'circle.yml', '.circleci/config.yml', 'Jenkinsfile', '.drone.yml', '.github/workflows/*', 'azure-pipelines.yml'] found in: /var/folders/cj/rh7njyk91lx4s79wxsflz3vw001y2r/T/tmp0y4qz00e/cloud-ai-sdk-pages
::warning title=Policy Violation: contributing-file-exists::No file matching ['{docs/,.github/,}CONTRIB*'] found in: /var/folders/cj/rh7njyk91lx4s79wxsflz3vw001y2r/T/tmp7c3otw57/android-on-snapdragon
::warning title=Policy Violation: github-issue-template-exists::No file matching ['ISSUE_TEMPLATE*', 'ISSUE_TEMPLATE/**', '.github/ISSUE_TEMPLATE*', '.github/ISSUE_TEMPLATE/**'] found in: /var/folders/cj/rh7njyk91lx4s79wxsflz3vw001y2r/T/tmp0y4qz00e/cloud-ai-sdk-pages
::warning title=Policy Violation: github-pull-request-template-exists::No file matching ['PULL_REQUEST_TEMPLATE*', 'PULL_REQUEST_TEMPLATE/**', '.github/PULL_REQUEST_TEMPLATE*', '.github/PULL_REQUEST_TEMPLATE/**'] found in: /var/folders/cj/rh7njyk91lx4s79wxsflz3vw001y2r/T/tmp0y4qz00e/cloud-ai-sdk-pages
  [ 26/313] quic/cloud-ai-sdk-pages: 1 discrepancies
WARNING reporter [FAIL] changelog-file-exists: No file matching ['CHANGELOG*'] found in: /var/folders/cj/rh7njyk91lx4s79wxsflz3vw001y2r/T/tmpy3cb3noo/cloud-ai-sdk
WARNING reporter [FAIL] code-of-conduct-file-exists: No file matching ['{docs/,.github/,}CODEOFCONDUCT*', '{docs/,.github/,}CODE-OF-CONDUCT*', '{docs/,.github/,}CODE_OF_CONDUCT*'] found in: /var/folders/cj/rh7njyk91lx4s79wxsflz3vw001y2r/T/tmp7c3otw57/android-on-snapdragon
WARNING reporter [FAIL] changelog-file-exists: No file matching ['CHANGELOG*'] found in: /var/folders/cj/rh7njyk91lx4s79wxsflz3vw001y2r/T/tmp7c3otw57/android-on-snapdragon
WARNING reporter [FAIL] readme-references-license: Pattern 'license|notice' not found in README.md
WARNING reporter [FAIL] contributing-file-exists: No file matching ['{docs/,.github/,}CONTRIB*'] found in: /var/folders/cj/rh7njyk91lx4s79wxsflz3vw001y2r/T/tmp0fhw7rs0/qccsdk-qcc711
WARNING reporter [FAIL] contributing-file-exists: No file matching ['{docs/,.github/,}CONTRIB*'] found in: /var/folders/cj/rh7njyk91lx4s79wxsflz3vw001y2r/T/tmpek66l6vz/qccsdk-qcc730
WARNING reporter [FAIL] code-of-conduct-file-exists: No file matching ['{docs/,.github/,}CODEOFCONDUCT*', '{docs/,.github/,}CODE-OF-CONDUCT*', '{docs/,.github/,}CODE_OF_CONDUCT*'] found in: /var/folders/cj/rh7njyk91lx4s79wxsflz3vw001y2r/T/tmpek66l6vz/qccsdk-qcc730
WARNING reporter [FAIL] changelog-file-exists: No file matching ['CHANGELOG*'] found in: /var/folders/cj/rh7njyk91lx4s79wxsflz3vw001y2r/T/tmpek66l6vz/qccsdk-qcc730
WARNING reporter [FAIL] test-directory-exists: No directory matching ['**/test*', '**/specs', '**/*test*'] found under /var/folders/cj/rh7njyk91lx4s79wxsflz3vw001y2r/T/tmpek66l6vz/qccsdk-qcc730
WARNING reporter [FAIL] github-issue-template-exists: No file matching ['ISSUE_TEMPLATE*', 'ISSUE_TEMPLATE/**', '.github/ISSUE_TEMPLATE*', '.github/ISSUE_TEMPLATE/**'] found in: /var/folders/cj/rh7njyk91lx4s79wxsflz3vw001y2r/T/tmpek66l6vz/qccsdk-qcc730
WARNING reporter [FAIL] github-pull-request-template-exists: No file matching ['PULL_REQUEST_TEMPLATE*', 'PULL_REQUEST_TEMPLATE/**', '.github/PULL_REQUEST_TEMPLATE*', '.github/PULL_REQUEST_TEMPLATE/**'] found in: /var/folders/cj/rh7njyk91lx4s79wxsflz3vw001y2r/T/tmpek66l6vz/qccsdk-qcc730
WARNING reporter [FAIL] code-of-conduct-file-exists: No file matching ['{docs/,.github/,}CODEOFCONDUCT*', '{docs/,.github/,}CODE-OF-CONDUCT*', '{docs/,.github/,}CODE_OF_CONDUCT*'] found in: /var/folders/cj/rh7njyk91lx4s79wxsflz3vw001y2r/T/tmp0fhw7rs0/qccsdk-qcc711
WARNING reporter [FAIL] changelog-file-exists: No file matching ['CHANGELOG*'] found in: /var/folders/cj/rh7njyk91lx4s79wxsflz3vw001y2r/T/tmp0fhw7rs0/qccsdk-qcc711
WARNING reporter [FAIL] test-directory-exists: No directory matching ['**/test*', '**/specs', '**/*test*'] found under /var/folders/cj/rh7njyk91lx4s79wxsflz3vw001y2r/T/tmpy3cb3noo/cloud-ai-sdk
WARNING reporter [FAIL] integrates-with-ci: No file matching ['.gitlab-ci.yml', '.travis.yml', 'appveyor.yml', '.appveyor.yml', 'circle.yml', '.circleci/config.yml', 'Jenkinsfile', '.drone.yml', '.github/workflows/*', 'azure-pipelines.yml'] found in: /var/folders/cj/rh7njyk91lx4s79wxsflz3vw001y2r/T/tmpy3cb3noo/cloud-ai-sdk
WARNING reporter [FAIL] source-qualcomm-license-headers-exist: Pattern '(Copyright|©).*Qualcomm Innovation Center, Inc|Qualcomm Technologies, Inc|Copyright (\\(c\\)|©) (20(1[2-9]|2[0-2])(-|,|\\s)*)+ The Linux Foundation' not found in hyp/misc/log_standard/test/build.sh
WARNING reporter [FAIL] github-issue-template-exists: No file matching ['ISSUE_TEMPLATE*', 'ISSUE_TEMPLATE/**', '.github/ISSUE_TEMPLATE*', '.github/ISSUE_TEMPLATE/**'] found in: /var/folders/cj/rh7njyk91lx4s79wxsflz3vw001y2r/T/tmpwugm5ot8/gunyah-hypervisor
WARNING reporter [FAIL] github-pull-request-template-exists: No file matching ['PULL_REQUEST_TEMPLATE*', 'PULL_REQUEST_TEMPLATE/**', '.github/PULL_REQUEST_TEMPLATE*', '.github/PULL_REQUEST_TEMPLATE/**'] found in: /var/folders/cj/rh7njyk91lx4s79wxsflz3vw001y2r/T/tmpwugm5ot8/gunyah-hypervisor
WARNING reporter [FAIL] python-package-metadata-exists: No file matching ['setup.py', 'requirements.txt'] found in: /var/folders/cj/rh7njyk91lx4s79wxsflz3vw001y2r/T/tmpwugm5ot8/gunyah-hypervisor
::warning title=Policy Violation: changelog-file-exists::No file matching ['CHANGELOG*'] found in: /var/folders/cj/rh7njyk91lx4s79wxsflz3vw001y2r/T/tmpy3cb3noo/cloud-ai-sdk
::warning title=Policy Violation: code-of-conduct-file-exists::No file matching ['{docs/,.github/,}CODEOFCONDUCT*', '{docs/,.github/,}CODE-OF-CONDUCT*', '{docs/,.github/,}CODE_OF_CONDUCT*'] found in: /var/folders/cj/rh7njyk91lx4s79wxsflz3vw001y2r/T/tmp7c3otw57/android-on-snapdragon
::warning title=Policy Violation: changelog-file-exists::No file matching ['CHANGELOG*'] found in: /var/folders/cj/rh7njyk91lx4s79wxsflz3vw001y2r/T/tmp7c3otw57/android-on-snapdragon
::error title=Policy Violation: readme-references-license,file=README.md::Pattern 'license|notice' not found in README.md
::warning title=Policy Violation: contributing-file-exists::No file matching ['{docs/,.github/,}CONTRIB*'] found in: /var/folders/cj/rh7njyk91lx4s79wxsflz3vw001y2r/T/tmp0fhw7rs0/qccsdk-qcc711
::warning title=Policy Violation: contributing-file-exists::No file matching ['{docs/,.github/,}CONTRIB*'] found in: /var/folders/cj/rh7njyk91lx4s79wxsflz3vw001y2r/T/tmpek66l6vz/qccsdk-qcc730
::warning title=Policy Violation: code-of-conduct-file-exists::No file matching ['{docs/,.github/,}CODEOFCONDUCT*', '{docs/,.github/,}CODE-OF-CONDUCT*', '{docs/,.github/,}CODE_OF_CONDUCT*'] found in: /var/folders/cj/rh7njyk91lx4s79wxsflz3vw001y2r/T/tmpek66l6vz/qccsdk-qcc730
::warning title=Policy Violation: changelog-file-exists::No file matching ['CHANGELOG*'] found in: /var/folders/cj/rh7njyk91lx4s79wxsflz3vw001y2r/T/tmpek66l6vz/qccsdk-qcc730
::warning title=Policy Violation: test-directory-exists::No directory matching ['**/test*', '**/specs', '**/*test*'] found under /var/folders/cj/rh7njyk91lx4s79wxsflz3vw001y2r/T/tmpek66l6vz/qccsdk-qcc730
::warning title=Policy Violation: github-issue-template-exists::No file matching ['ISSUE_TEMPLATE*', 'ISSUE_TEMPLATE/**', '.github/ISSUE_TEMPLATE*', '.github/ISSUE_TEMPLATE/**'] found in: /var/folders/cj/rh7njyk91lx4s79wxsflz3vw001y2r/T/tmpek66l6vz/qccsdk-qcc730
::warning title=Policy Violation: github-pull-request-template-exists::No file matching ['PULL_REQUEST_TEMPLATE*', 'PULL_REQUEST_TEMPLATE/**', '.github/PULL_REQUEST_TEMPLATE*', '.github/PULL_REQUEST_TEMPLATE/**'] found in: /var/folders/cj/rh7njyk91lx4s79wxsflz3vw001y2r/T/tmpek66l6vz/qccsdk-qcc730
::warning title=Policy Violation: code-of-conduct-file-exists::No file matching ['{docs/,.github/,}CODEOFCONDUCT*', '{docs/,.github/,}CODE-OF-CONDUCT*', '{docs/,.github/,}CODE_OF_CONDUCT*'] found in: /var/folders/cj/rh7njyk91lx4s79wxsflz3vw001y2r/T/tmp0fhw7rs0/qccsdk-qcc711
::warning title=Policy Violation: changelog-file-exists::No file matching ['CHANGELOG*'] found in: /var/folders/cj/rh7njyk91lx4s79wxsflz3vw001y2r/T/tmp0fhw7rs0/qccsdk-qcc711
::warning title=Policy Violation: test-directory-exists::No directory matching ['**/test*', '**/specs', '**/*test*'] found under /var/folders/cj/rh7njyk91lx4s79wxsflz3vw001y2r/T/tmpy3cb3noo/cloud-ai-sdk
::warning title=Policy Violation: integrates-with-ci::No file matching ['.gitlab-ci.yml', '.travis.yml', 'appveyor.yml', '.appveyor.yml', 'circle.yml', '.circleci/config.yml', 'Jenkinsfile', '.drone.yml', '.github/workflows/*', 'azure-pipelines.yml'] found in: /var/folders/cj/rh7njyk91lx4s79wxsflz3vw001y2r/T/tmpy3cb3noo/cloud-ai-sdk
::warning title=Policy Violation: source-qualcomm-license-headers-exist,file=hyp/misc/log_standard/test/build.sh::Pattern '(Copyright|©).*Qualcomm Innovation Center, Inc|Qualcomm Technologies, Inc|Copyright (\\(c\\)|©) (20(1[2-9]|2[0-2])(-|,|\\s)*)+ The Linux Foundation' not found in hyp/misc/log_standard/test/build.sh
::warning title=Policy Violation: github-issue-template-exists::No file matching ['ISSUE_TEMPLATE*', 'ISSUE_TEMPLATE/**', '.github/ISSUE_TEMPLATE*', '.github/ISSUE_TEMPLATE/**'] found in: /var/folders/cj/rh7njyk91lx4s79wxsflz3vw001y2r/T/tmpwugm5ot8/gunyah-hypervisor
::warning title=Policy Violation: github-pull-request-template-exists::No file matching ['PULL_REQUEST_TEMPLATE*', 'PULL_REQUEST_TEMPLATE/**', '.github/PULL_REQUEST_TEMPLATE*', '.github/PULL_REQUEST_TEMPLATE/**'] found in: /var/folders/cj/rh7njyk91lx4s79wxsflz3vw001y2r/T/tmpwugm5ot8/gunyah-hypervisor
::warning title=Policy Violation: python-package-metadata-exists::No file matching ['setup.py', 'requirements.txt'] found in: /var/folders/cj/rh7njyk91lx4s79wxsflz3vw001y2r/T/tmpwugm5ot8/gunyah-hypervisor
  [ 27/313] quic/qccsdk-qcc730: 1 discrepancies
WARNING reporter [FAIL] binaries-not-present: Binary file found (MIME: application/x-executable): qcc711_sdk/iar/qcc710_Loader/qcc710_Loader.out
WARNING reporter [FAIL] integrates-with-ci: No file matching ['.gitlab-ci.yml', '.travis.yml', 'appveyor.yml', '.appveyor.yml', 'circle.yml', '.circleci/config.yml', 'Jenkinsfile', '.drone.yml', '.github/workflows/*', 'azure-pipelines.yml'] found in: /var/folders/cj/rh7njyk91lx4s79wxsflz3vw001y2r/T/tmp7c3otw57/android-on-snapdragon
WARNING reporter [FAIL] source-qualcomm-license-headers-exist: Pattern '(Copyright|©).*Qualcomm Innovation Center, Inc|Qualcomm Technologies, Inc|Copyright (\\(c\\)|©) (20(1[2-9]|2[0-2])(-|,|\\s)*)+ The Linux Foundation' not found in models/language_processing/decoder/DeciCoder-6b/compileModel.sh
WARNING reporter [FAIL] github-issue-template-exists: No file matching ['ISSUE_TEMPLATE*', 'ISSUE_TEMPLATE/**', '.github/ISSUE_TEMPLATE*', '.github/ISSUE_TEMPLATE/**'] found in: /var/folders/cj/rh7njyk91lx4s79wxsflz3vw001y2r/T/tmpy3cb3noo/cloud-ai-sdk
WARNING reporter [FAIL] github-pull-request-template-exists: No file matching ['PULL_REQUEST_TEMPLATE*', 'PULL_REQUEST_TEMPLATE/**', '.github/PULL_REQUEST_TEMPLATE*', '.github/PULL_REQUEST_TEMPLATE/**'] found in: /var/folders/cj/rh7njyk91lx4s79wxsflz3vw001y2r/T/tmpy3cb3noo/cloud-ai-sdk
WARNING reporter [FAIL] python-package-metadata-exists: No file matching ['setup.py', 'requirements.txt'] found in: /var/folders/cj/rh7njyk91lx4s79wxsflz3vw001y2r/T/tmpy3cb3noo/cloud-ai-sdk
WARNING reporter [FAIL] changelog-file-exists: No file matching ['CHANGELOG*'] found in: /var/folders/cj/rh7njyk91lx4s79wxsflz3vw001y2r/T/tmpn9dun1vl/dwarfparser
WARNING reporter [FAIL] source-license-headers-exist: Pattern 'SPDX-License-Identifier|Redistribution and use in source and binary forms, with or without' not found in qcc711_sdk/qapi/ble/qapi_ble_atttypes.h
WARNING reporter [FAIL] test-directory-exists: No directory matching ['**/test*', '**/specs', '**/*test*'] found under /var/folders/cj/rh7njyk91lx4s79wxsflz3vw001y2r/T/tmpn9dun1vl/dwarfparser
WARNING reporter [FAIL] github-issue-template-exists: No file matching ['ISSUE_TEMPLATE*', 'ISSUE_TEMPLATE/**', '.github/ISSUE_TEMPLATE*', '.github/ISSUE_TEMPLATE/**'] found in: /var/folders/cj/rh7njyk91lx4s79wxsflz3vw001y2r/T/tmpn9dun1vl/dwarfparser
WARNING reporter [FAIL] github-pull-request-template-exists: No file matching ['PULL_REQUEST_TEMPLATE*', 'PULL_REQUEST_TEMPLATE/**', '.github/PULL_REQUEST_TEMPLATE*', '.github/PULL_REQUEST_TEMPLATE/**'] found in: /var/folders/cj/rh7njyk91lx4s79wxsflz3vw001y2r/T/tmpn9dun1vl/dwarfparser
::warning title=Policy Violation: binaries-not-present,file=qcc711_sdk/iar/qcc710_Loader/qcc710_Loader.out::Binary file found (MIME: application/x-executable): qcc711_sdk/iar/qcc710_Loader/qcc710_Loader.out
::warning title=Policy Violation: integrates-with-ci::No file matching ['.gitlab-ci.yml', '.travis.yml', 'appveyor.yml', '.appveyor.yml', 'circle.yml', '.circleci/config.yml', 'Jenkinsfile', '.drone.yml', '.github/workflows/*', 'azure-pipelines.yml'] found in: /var/folders/cj/rh7njyk91lx4s79wxsflz3vw001y2r/T/tmp7c3otw57/android-on-snapdragon
::warning title=Policy Violation: source-qualcomm-license-headers-exist,file=models/language_processing/decoder/DeciCoder-6b/compileModel.sh::Pattern '(Copyright|©).*Qualcomm Innovation Center, Inc|Qualcomm Technologies, Inc|Copyright (\\(c\\)|©) (20(1[2-9]|2[0-2])(-|,|\\s)*)+ The Linux Foundation' not found in models/language_processing/decoder/DeciCoder-6b/compileModel.sh
::warning title=Policy Violation: github-issue-template-exists::No file matching ['ISSUE_TEMPLATE*', 'ISSUE_TEMPLATE/**', '.github/ISSUE_TEMPLATE*', '.github/ISSUE_TEMPLATE/**'] found in: /var/folders/cj/rh7njyk91lx4s79wxsflz3vw001y2r/T/tmpy3cb3noo/cloud-ai-sdk
::warning title=Policy Violation: github-pull-request-template-exists::No file matching ['PULL_REQUEST_TEMPLATE*', 'PULL_REQUEST_TEMPLATE/**', '.github/PULL_REQUEST_TEMPLATE*', '.github/PULL_REQUEST_TEMPLATE/**'] found in: /var/folders/cj/rh7njyk91lx4s79wxsflz3vw001y2r/T/tmpy3cb3noo/cloud-ai-sdk
::warning title=Policy Violation: python-package-metadata-exists::No file matching ['setup.py', 'requirements.txt'] found in: /var/folders/cj/rh7njyk91lx4s79wxsflz3vw001y2r/T/tmpy3cb3noo/cloud-ai-sdk
::warning title=Policy Violation: changelog-file-exists::No file matching ['CHANGELOG*'] found in: /var/folders/cj/rh7njyk91lx4s79wxsflz3vw001y2r/T/tmpn9dun1vl/dwarfparser
::error title=Policy Violation: source-license-headers-exist,file=qcc711_sdk/qapi/ble/qapi_ble_atttypes.h::Pattern 'SPDX-License-Identifier|Redistribution and use in source and binary forms, with or without' not found in qcc711_sdk/qapi/ble/qapi_ble_atttypes.h
::warning title=Policy Violation: test-directory-exists::No directory matching ['**/test*', '**/specs', '**/*test*'] found under /var/folders/cj/rh7njyk91lx4s79wxsflz3vw001y2r/T/tmpn9dun1vl/dwarfparser
::warning title=Policy Violation: github-issue-template-exists::No file matching ['ISSUE_TEMPLATE*', 'ISSUE_TEMPLATE/**', '.github/ISSUE_TEMPLATE*', '.github/ISSUE_TEMPLATE/**'] found in: /var/folders/cj/rh7njyk91lx4s79wxsflz3vw001y2r/T/tmpn9dun1vl/dwarfparser
::warning title=Policy Violation: github-pull-request-template-exists::No file matching ['PULL_REQUEST_TEMPLATE*', 'PULL_REQUEST_TEMPLATE/**', '.github/PULL_REQUEST_TEMPLATE*', '.github/PULL_REQUEST_TEMPLATE/**'] found in: /var/folders/cj/rh7njyk91lx4s79wxsflz3vw001y2r/T/tmpn9dun1vl/dwarfparser
  [ 28/313] quic/cloud-ai-sdk: 0 discrepancies
WARNING reporter [FAIL] source-qualcomm-license-headers-exist: Pattern '(Copyright|©).*Qualcomm Innovation Center, Inc|Qualcomm Technologies, Inc|Copyright (\\(c\\)|©) (20(1[2-9]|2[0-2])(-|,|\\s)*)+ The Linux Foundation' not found in qcc711_sdk/src/CMSIS/Core/Include/cmsis_compiler.h
WARNING reporter [FAIL] github-issue-template-exists: No file matching ['ISSUE_TEMPLATE*', 'ISSUE_TEMPLATE/**', '.github/ISSUE_TEMPLATE*', '.github/ISSUE_TEMPLATE/**'] found in: /var/folders/cj/rh7njyk91lx4s79wxsflz3vw001y2r/T/tmp0fhw7rs0/qccsdk-qcc711
WARNING reporter [FAIL] github-pull-request-template-exists: No file matching ['PULL_REQUEST_TEMPLATE*', 'PULL_REQUEST_TEMPLATE/**', '.github/PULL_REQUEST_TEMPLATE*', '.github/PULL_REQUEST_TEMPLATE/**'] found in: /var/folders/cj/rh7njyk91lx4s79wxsflz3vw001y2r/T/tmp0fhw7rs0/qccsdk-qcc711
WARNING reporter [FAIL] python-package-metadata-exists: No file matching ['setup.py', 'requirements.txt'] found in: /var/folders/cj/rh7njyk91lx4s79wxsflz3vw001y2r/T/tmp0fhw7rs0/qccsdk-qcc711
::warning title=Policy Violation: source-qualcomm-license-headers-exist,file=qcc711_sdk/src/CMSIS/Core/Include/cmsis_compiler.h::Pattern '(Copyright|©).*Qualcomm Innovation Center, Inc|Qualcomm Technologies, Inc|Copyright (\\(c\\)|©) (20(1[2-9]|2[0-2])(-|,|\\s)*)+ The Linux Foundation' not found in qcc711_sdk/src/CMSIS/Core/Include/cmsis_compiler.h
::warning title=Policy Violation: github-issue-template-exists::No file matching ['ISSUE_TEMPLATE*', 'ISSUE_TEMPLATE/**', '.github/ISSUE_TEMPLATE*', '.github/ISSUE_TEMPLATE/**'] found in: /var/folders/cj/rh7njyk91lx4s79wxsflz3vw001y2r/T/tmp0fhw7rs0/qccsdk-qcc711
::warning title=Policy Violation: github-pull-request-template-exists::No file matching ['PULL_REQUEST_TEMPLATE*', 'PULL_REQUEST_TEMPLATE/**', '.github/PULL_REQUEST_TEMPLATE*', '.github/PULL_REQUEST_TEMPLATE/**'] found in: /var/folders/cj/rh7njyk91lx4s79wxsflz3vw001y2r/T/tmp0fhw7rs0/qccsdk-qcc711
::warning title=Policy Violation: python-package-metadata-exists::No file matching ['setup.py', 'requirements.txt'] found in: /var/folders/cj/rh7njyk91lx4s79wxsflz3vw001y2r/T/tmp0fhw7rs0/qccsdk-qcc711
  [ 29/313] quic/gunyah-hypervisor: 0 discrepancies
  [ 30/313] quic/dwarfparser: 0 discrepancies
WARNING reporter [FAIL] source-license-headers-exist: Pattern 'SPDX-License-Identifier|Redistribution and use in source and binary forms, with or without' not found in Camera/FlashPowerControl/app/src/main/java/com/example/flashpowercontrol/AutoFitTextureView.java
::error title=Policy Violation: source-license-headers-exist,file=Camera/FlashPowerControl/app/src/main/java/com/example/flashpowercontrol/AutoFitTextureView.java::Pattern 'SPDX-License-Identifier|Redistribution and use in source and binary forms, with or without' not found in Camera/FlashPowerControl/app/src/main/java/com/example/flashpowercontrol/AutoFitTextureView.java
  [ 31/313] quic/qccsdk-qcc711: 1 discrepancies
WARNING reporter [FAIL] contributing-file-exists: No file matching ['{docs/,.github/,}CONTRIB*'] found in: /var/folders/cj/rh7njyk91lx4s79wxsflz3vw001y2r/T/tmpmnxt8vkt/v4l-video-test-app
WARNING reporter [FAIL] code-of-conduct-file-exists: No file matching ['{docs/,.github/,}CODEOFCONDUCT*', '{docs/,.github/,}CODE-OF-CONDUCT*', '{docs/,.github/,}CODE_OF_CONDUCT*'] found in: /var/folders/cj/rh7njyk91lx4s79wxsflz3vw001y2r/T/tmpmnxt8vkt/v4l-video-test-app
WARNING reporter [FAIL] changelog-file-exists: No file matching ['CHANGELOG*'] found in: /var/folders/cj/rh7njyk91lx4s79wxsflz3vw001y2r/T/tmpmnxt8vkt/v4l-video-test-app
WARNING reporter [FAIL] test-directory-exists: No directory matching ['**/test*', '**/specs', '**/*test*'] found under /var/folders/cj/rh7njyk91lx4s79wxsflz3vw001y2r/T/tmpmnxt8vkt/v4l-video-test-app
WARNING reporter [FAIL] integrates-with-ci: No file matching ['.gitlab-ci.yml', '.travis.yml', 'appveyor.yml', '.appveyor.yml', 'circle.yml', '.circleci/config.yml', 'Jenkinsfile', '.drone.yml', '.github/workflows/*', 'azure-pipelines.yml'] found in: /var/folders/cj/rh7njyk91lx4s79wxsflz3vw001y2r/T/tmpmnxt8vkt/v4l-video-test-app
WARNING reporter [FAIL] source-license-headers-exist: Pattern 'Copyright(\\s)*(\\(c\\)|©)?' not found in inc/Buffer.h
WARNING reporter [FAIL] contributing-file-exists: No file matching ['{docs/,.github/,}CONTRIB*'] found in: /var/folders/cj/rh7njyk91lx4s79wxsflz3vw001y2r/T/tmp9xy_2r_o/hexagonMVM
WARNING reporter [FAIL] source-qualcomm-license-headers-exist: Pattern '(Copyright|©).*Qualcomm Innovation Center, Inc|Qualcomm Technologies, Inc|Copyright (\\(c\\)|©) (20(1[2-9]|2[0-2])(-|,|\\s)*)+ The Linux Foundation' not found in inc/Buffer.h
WARNING reporter [FAIL] github-issue-template-exists: No file matching ['ISSUE_TEMPLATE*', 'ISSUE_TEMPLATE/**', '.github/ISSUE_TEMPLATE*', '.github/ISSUE_TEMPLATE/**'] found in: /var/folders/cj/rh7njyk91lx4s79wxsflz3vw001y2r/T/tmpmnxt8vkt/v4l-video-test-app
WARNING reporter [FAIL] github-pull-request-template-exists: No file matching ['PULL_REQUEST_TEMPLATE*', 'PULL_REQUEST_TEMPLATE/**', '.github/PULL_REQUEST_TEMPLATE*', '.github/PULL_REQUEST_TEMPLATE/**'] found in: /var/folders/cj/rh7njyk91lx4s79wxsflz3vw001y2r/T/tmpmnxt8vkt/v4l-video-test-app
WARNING reporter [FAIL] source-qualcomm-license-headers-exist: Pattern '(Copyright|©).*Qualcomm Innovation Center, Inc|Qualcomm Technologies, Inc|Copyright (\\(c\\)|©) (20(1[2-9]|2[0-2])(-|,|\\s)*)+ The Linux Foundation' not found in Camera/FlashPowerControl/app/src/main/java/com/example/flashpowercontrol/AutoFitTextureView.java
WARNING reporter [FAIL] github-issue-template-exists: No file matching ['ISSUE_TEMPLATE*', 'ISSUE_TEMPLATE/**', '.github/ISSUE_TEMPLATE*', '.github/ISSUE_TEMPLATE/**'] found in: /var/folders/cj/rh7njyk91lx4s79wxsflz3vw001y2r/T/tmp7c3otw57/android-on-snapdragon
WARNING reporter [FAIL] github-pull-request-template-exists: No file matching ['PULL_REQUEST_TEMPLATE*', 'PULL_REQUEST_TEMPLATE/**', '.github/PULL_REQUEST_TEMPLATE*', '.github/PULL_REQUEST_TEMPLATE/**'] found in: /var/folders/cj/rh7njyk91lx4s79wxsflz3vw001y2r/T/tmp7c3otw57/android-on-snapdragon
WARNING reporter [FAIL] java-package-metadata-exists: No file matching ['pom.xml', 'build.xml', 'build.gradle'] found in: /var/folders/cj/rh7njyk91lx4s79wxsflz3vw001y2r/T/tmp7c3otw57/android-on-snapdragon
WARNING reporter [FAIL] code-of-conduct-file-exists: No file matching ['{docs/,.github/,}CODEOFCONDUCT*', '{docs/,.github/,}CODE-OF-CONDUCT*', '{docs/,.github/,}CODE_OF_CONDUCT*'] found in: /var/folders/cj/rh7njyk91lx4s79wxsflz3vw001y2r/T/tmp9xy_2r_o/hexagonMVM
WARNING reporter [FAIL] changelog-file-exists: No file matching ['CHANGELOG*'] found in: /var/folders/cj/rh7njyk91lx4s79wxsflz3vw001y2r/T/tmp9xy_2r_o/hexagonMVM
WARNING reporter [FAIL] contributing-file-exists: No file matching ['{docs/,.github/,}CONTRIB*'] found in: /var/folders/cj/rh7njyk91lx4s79wxsflz3vw001y2r/T/tmpjutx0rjr/upstream-wifi-fw
::warning title=Policy Violation: contributing-file-exists::No file matching ['{docs/,.github/,}CONTRIB*'] found in: /var/folders/cj/rh7njyk91lx4s79wxsflz3vw001y2r/T/tmpmnxt8vkt/v4l-video-test-app
::warning title=Policy Violation: code-of-conduct-file-exists::No file matching ['{docs/,.github/,}CODEOFCONDUCT*', '{docs/,.github/,}CODE-OF-CONDUCT*', '{docs/,.github/,}CODE_OF_CONDUCT*'] found in: /var/folders/cj/rh7njyk91lx4s79wxsflz3vw001y2r/T/tmpmnxt8vkt/v4l-video-test-app
::warning title=Policy Violation: changelog-file-exists::No file matching ['CHANGELOG*'] found in: /var/folders/cj/rh7njyk91lx4s79wxsflz3vw001y2r/T/tmpmnxt8vkt/v4l-video-test-app
::warning title=Policy Violation: test-directory-exists::No directory matching ['**/test*', '**/specs', '**/*test*'] found under /var/folders/cj/rh7njyk91lx4s79wxsflz3vw001y2r/T/tmpmnxt8vkt/v4l-video-test-app
::warning title=Policy Violation: integrates-with-ci::No file matching ['.gitlab-ci.yml', '.travis.yml', 'appveyor.yml', '.appveyor.yml', 'circle.yml', '.circleci/config.yml', 'Jenkinsfile', '.drone.yml', '.github/workflows/*', 'azure-pipelines.yml'] found in: /var/folders/cj/rh7njyk91lx4s79wxsflz3vw001y2r/T/tmpmnxt8vkt/v4l-video-test-app
::error title=Policy Violation: source-license-headers-exist,file=inc/Buffer.h::Pattern 'Copyright(\\s)*(\\(c\\)|©)?' not found in inc/Buffer.h
::warning title=Policy Violation: contributing-file-exists::No file matching ['{docs/,.github/,}CONTRIB*'] found in: /var/folders/cj/rh7njyk91lx4s79wxsflz3vw001y2r/T/tmp9xy_2r_o/hexagonMVM
::warning title=Policy Violation: source-qualcomm-license-headers-exist,file=inc/Buffer.h::Pattern '(Copyright|©).*Qualcomm Innovation Center, Inc|Qualcomm Technologies, Inc|Copyright (\\(c\\)|©) (20(1[2-9]|2[0-2])(-|,|\\s)*)+ The Linux Foundation' not found in inc/Buffer.h
::warning title=Policy Violation: github-issue-template-exists::No file matching ['ISSUE_TEMPLATE*', 'ISSUE_TEMPLATE/**', '.github/ISSUE_TEMPLATE*', '.github/ISSUE_TEMPLATE/**'] found in: /var/folders/cj/rh7njyk91lx4s79wxsflz3vw001y2r/T/tmpmnxt8vkt/v4l-video-test-app
::warning title=Policy Violation: github-pull-request-template-exists::No file matching ['PULL_REQUEST_TEMPLATE*', 'PULL_REQUEST_TEMPLATE/**', '.github/PULL_REQUEST_TEMPLATE*', '.github/PULL_REQUEST_TEMPLATE/**'] found in: /var/folders/cj/rh7njyk91lx4s79wxsflz3vw001y2r/T/tmpmnxt8vkt/v4l-video-test-app
::warning title=Policy Violation: source-qualcomm-license-headers-exist,file=Camera/FlashPowerControl/app/src/main/java/com/example/flashpowercontrol/AutoFitTextureView.java::Pattern '(Copyright|©).*Qualcomm Innovation Center, Inc|Qualcomm Technologies, Inc|Copyright (\\(c\\)|©) (20(1[2-9]|2[0-2])(-|,|\\s)*)+ The Linux Foundation' not found in Camera/FlashPowerControl/app/src/main/java/com/example/flashpowercontrol/AutoFitTextureView.java
::warning title=Policy Violation: github-issue-template-exists::No file matching ['ISSUE_TEMPLATE*', 'ISSUE_TEMPLATE/**', '.github/ISSUE_TEMPLATE*', '.github/ISSUE_TEMPLATE/**'] found in: /var/folders/cj/rh7njyk91lx4s79wxsflz3vw001y2r/T/tmp7c3otw57/android-on-snapdragon
::warning title=Policy Violation: github-pull-request-template-exists::No file matching ['PULL_REQUEST_TEMPLATE*', 'PULL_REQUEST_TEMPLATE/**', '.github/PULL_REQUEST_TEMPLATE*', '.github/PULL_REQUEST_TEMPLATE/**'] found in: /var/folders/cj/rh7njyk91lx4s79wxsflz3vw001y2r/T/tmp7c3otw57/android-on-snapdragon
::warning title=Policy Violation: java-package-metadata-exists::No file matching ['pom.xml', 'build.xml', 'build.gradle'] found in: /var/folders/cj/rh7njyk91lx4s79wxsflz3vw001y2r/T/tmp7c3otw57/android-on-snapdragon
::warning title=Policy Violation: code-of-conduct-file-exists::No file matching ['{docs/,.github/,}CODEOFCONDUCT*', '{docs/,.github/,}CODE-OF-CONDUCT*', '{docs/,.github/,}CODE_OF_CONDUCT*'] found in: /var/folders/cj/rh7njyk91lx4s79wxsflz3vw001y2r/T/tmp9xy_2r_o/hexagonMVM
::warning title=Policy Violation: changelog-file-exists::No file matching ['CHANGELOG*'] found in: /var/folders/cj/rh7njyk91lx4s79wxsflz3vw001y2r/T/tmp9xy_2r_o/hexagonMVM
::warning title=Policy Violation: contributing-file-exists::No file matching ['{docs/,.github/,}CONTRIB*'] found in: /var/folders/cj/rh7njyk91lx4s79wxsflz3vw001y2r/T/tmpjutx0rjr/upstream-wifi-fw
  [ 32/313] quic/quic-usb-drivers: 0 discrepancies
WARNING reporter [FAIL] source-qualcomm-license-headers-exist: Pattern '(Copyright|©).*Qualcomm Innovation Center, Inc|Qualcomm Technologies, Inc|Copyright (\\(c\\)|©) (20(1[2-9]|2[0-2])(-|,|\\s)*)+ The Linux Foundation' not found in tests/first.S
WARNING reporter [FAIL] github-issue-template-exists: No file matching ['ISSUE_TEMPLATE*', 'ISSUE_TEMPLATE/**', '.github/ISSUE_TEMPLATE*', '.github/ISSUE_TEMPLATE/**'] found in: /var/folders/cj/rh7njyk91lx4s79wxsflz3vw001y2r/T/tmp9xy_2r_o/hexagonMVM
WARNING reporter [FAIL] github-pull-request-template-exists: No file matching ['PULL_REQUEST_TEMPLATE*', 'PULL_REQUEST_TEMPLATE/**', '.github/PULL_REQUEST_TEMPLATE*', '.github/PULL_REQUEST_TEMPLATE/**'] found in: /var/folders/cj/rh7njyk91lx4s79wxsflz3vw001y2r/T/tmp9xy_2r_o/hexagonMVM
::warning title=Policy Violation: source-qualcomm-license-headers-exist,file=tests/first.S::Pattern '(Copyright|©).*Qualcomm Innovation Center, Inc|Qualcomm Technologies, Inc|Copyright (\\(c\\)|©) (20(1[2-9]|2[0-2])(-|,|\\s)*)+ The Linux Foundation' not found in tests/first.S
::warning title=Policy Violation: github-issue-template-exists::No file matching ['ISSUE_TEMPLATE*', 'ISSUE_TEMPLATE/**', '.github/ISSUE_TEMPLATE*', '.github/ISSUE_TEMPLATE/**'] found in: /var/folders/cj/rh7njyk91lx4s79wxsflz3vw001y2r/T/tmp9xy_2r_o/hexagonMVM
::warning title=Policy Violation: github-pull-request-template-exists::No file matching ['PULL_REQUEST_TEMPLATE*', 'PULL_REQUEST_TEMPLATE/**', '.github/PULL_REQUEST_TEMPLATE*', '.github/PULL_REQUEST_TEMPLATE/**'] found in: /var/folders/cj/rh7njyk91lx4s79wxsflz3vw001y2r/T/tmp9xy_2r_o/hexagonMVM
  [ 33/313] quic/v4l-video-test-app: 1 discrepancies
WARNING reporter [FAIL] contributing-file-exists: No file matching ['{docs/,.github/,}CONTRIB*'] found in: /var/folders/cj/rh7njyk91lx4s79wxsflz3vw001y2r/T/tmptaciqwr_/dcc-parser
WARNING reporter [FAIL] code-of-conduct-file-exists: No file matching ['{docs/,.github/,}CODEOFCONDUCT*', '{docs/,.github/,}CODE-OF-CONDUCT*', '{docs/,.github/,}CODE_OF_CONDUCT*'] found in: /var/folders/cj/rh7njyk91lx4s79wxsflz3vw001y2r/T/tmptaciqwr_/dcc-parser
WARNING reporter [FAIL] changelog-file-exists: No file matching ['CHANGELOG*'] found in: /var/folders/cj/rh7njyk91lx4s79wxsflz3vw001y2r/T/tmptaciqwr_/dcc-parser
WARNING reporter [FAIL] test-directory-exists: No directory matching ['**/test*', '**/specs', '**/*test*'] found under /var/folders/cj/rh7njyk91lx4s79wxsflz3vw001y2r/T/tmptaciqwr_/dcc-parser
WARNING reporter [FAIL] changelog-file-exists: No file matching ['CHANGELOG*'] found in: /var/folders/cj/rh7njyk91lx4s79wxsflz3vw001y2r/T/tmpsvgdiyvi/efficient-transformers
::warning title=Policy Violation: contributing-file-exists::No file matching ['{docs/,.github/,}CONTRIB*'] found in: /var/folders/cj/rh7njyk91lx4s79wxsflz3vw001y2r/T/tmptaciqwr_/dcc-parser
::warning title=Policy Violation: code-of-conduct-file-exists::No file matching ['{docs/,.github/,}CODEOFCONDUCT*', '{docs/,.github/,}CODE-OF-CONDUCT*', '{docs/,.github/,}CODE_OF_CONDUCT*'] found in: /var/folders/cj/rh7njyk91lx4s79wxsflz3vw001y2r/T/tmptaciqwr_/dcc-parser
::warning title=Policy Violation: changelog-file-exists::No file matching ['CHANGELOG*'] found in: /var/folders/cj/rh7njyk91lx4s79wxsflz3vw001y2r/T/tmptaciqwr_/dcc-parser
::warning title=Policy Violation: test-directory-exists::No directory matching ['**/test*', '**/specs', '**/*test*'] found under /var/folders/cj/rh7njyk91lx4s79wxsflz3vw001y2r/T/tmptaciqwr_/dcc-parser
::warning title=Policy Violation: changelog-file-exists::No file matching ['CHANGELOG*'] found in: /var/folders/cj/rh7njyk91lx4s79wxsflz3vw001y2r/T/tmpsvgdiyvi/efficient-transformers
  [ 34/313] quic/hexagonMVM: 0 discrepancies
WARNING reporter [FAIL] github-issue-template-exists: No file matching ['ISSUE_TEMPLATE*', 'ISSUE_TEMPLATE/**', '.github/ISSUE_TEMPLATE*', '.github/ISSUE_TEMPLATE/**'] found in: /var/folders/cj/rh7njyk91lx4s79wxsflz3vw001y2r/T/tmptaciqwr_/dcc-parser
WARNING reporter [FAIL] github-pull-request-template-exists: No file matching ['PULL_REQUEST_TEMPLATE*', 'PULL_REQUEST_TEMPLATE/**', '.github/PULL_REQUEST_TEMPLATE*', '.github/PULL_REQUEST_TEMPLATE/**'] found in: /var/folders/cj/rh7njyk91lx4s79wxsflz3vw001y2r/T/tmptaciqwr_/dcc-parser
::warning title=Policy Violation: github-issue-template-exists::No file matching ['ISSUE_TEMPLATE*', 'ISSUE_TEMPLATE/**', '.github/ISSUE_TEMPLATE*', '.github/ISSUE_TEMPLATE/**'] found in: /var/folders/cj/rh7njyk91lx4s79wxsflz3vw001y2r/T/tmptaciqwr_/dcc-parser
::warning title=Policy Violation: github-pull-request-template-exists::No file matching ['PULL_REQUEST_TEMPLATE*', 'PULL_REQUEST_TEMPLATE/**', '.github/PULL_REQUEST_TEMPLATE*', '.github/PULL_REQUEST_TEMPLATE/**'] found in: /var/folders/cj/rh7njyk91lx4s79wxsflz3vw001y2r/T/tmptaciqwr_/dcc-parser
  [ 35/313] quic/android-on-snapdragon: 0 discrepancies
WARNING reporter [FAIL] changelog-file-exists: No file matching ['CHANGELOG*'] found in: /var/folders/cj/rh7njyk91lx4s79wxsflz3vw001y2r/T/tmpyzvcym8l/aic-operator
WARNING reporter [FAIL] contributing-file-exists: No file matching ['{docs/,.github/,}CONTRIB*'] found in: /var/folders/cj/rh7njyk91lx4s79wxsflz3vw001y2r/T/tmp7mlmq3y7/oss
WARNING reporter [FAIL] code-of-conduct-file-exists: No file matching ['{docs/,.github/,}CODEOFCONDUCT*', '{docs/,.github/,}CODE-OF-CONDUCT*', '{docs/,.github/,}CODE_OF_CONDUCT*'] found in: /var/folders/cj/rh7njyk91lx4s79wxsflz3vw001y2r/T/tmp7mlmq3y7/oss
WARNING reporter [FAIL] changelog-file-exists: No file matching ['CHANGELOG*'] found in: /var/folders/cj/rh7njyk91lx4s79wxsflz3vw001y2r/T/tmp7mlmq3y7/oss
WARNING reporter [FAIL] readme-references-license: Pattern 'license|notice' not found in README.md
WARNING reporter [FAIL] test-directory-exists: No directory matching ['**/test*', '**/specs', '**/*test*'] found under /var/folders/cj/rh7njyk91lx4s79wxsflz3vw001y2r/T/tmp7mlmq3y7/oss
WARNING reporter [FAIL] integrates-with-ci: No file matching ['.gitlab-ci.yml', '.travis.yml', 'appveyor.yml', '.appveyor.yml', 'circle.yml', '.circleci/config.yml', 'Jenkinsfile', '.drone.yml', '.github/workflows/*', 'azure-pipelines.yml'] found in: /var/folders/cj/rh7njyk91lx4s79wxsflz3vw001y2r/T/tmp7mlmq3y7/oss
WARNING reporter [FAIL] changelog-file-exists: No file matching ['CHANGELOG*'] found in: /var/folders/cj/rh7njyk91lx4s79wxsflz3vw001y2r/T/tmpmp5h9_i1/sbom-check
::warning title=Policy Violation: changelog-file-exists::No file matching ['CHANGELOG*'] found in: /var/folders/cj/rh7njyk91lx4s79wxsflz3vw001y2r/T/tmpyzvcym8l/aic-operator
::warning title=Policy Violation: contributing-file-exists::No file matching ['{docs/,.github/,}CONTRIB*'] found in: /var/folders/cj/rh7njyk91lx4s79wxsflz3vw001y2r/T/tmp7mlmq3y7/oss
::warning title=Policy Violation: code-of-conduct-file-exists::No file matching ['{docs/,.github/,}CODEOFCONDUCT*', '{docs/,.github/,}CODE-OF-CONDUCT*', '{docs/,.github/,}CODE_OF_CONDUCT*'] found in: /var/folders/cj/rh7njyk91lx4s79wxsflz3vw001y2r/T/tmp7mlmq3y7/oss
::warning title=Policy Violation: changelog-file-exists::No file matching ['CHANGELOG*'] found in: /var/folders/cj/rh7njyk91lx4s79wxsflz3vw001y2r/T/tmp7mlmq3y7/oss
::error title=Policy Violation: readme-references-license,file=README.md::Pattern 'license|notice' not found in README.md
::warning title=Policy Violation: test-directory-exists::No directory matching ['**/test*', '**/specs', '**/*test*'] found under /var/folders/cj/rh7njyk91lx4s79wxsflz3vw001y2r/T/tmp7mlmq3y7/oss
::warning title=Policy Violation: integrates-with-ci::No file matching ['.gitlab-ci.yml', '.travis.yml', 'appveyor.yml', '.appveyor.yml', 'circle.yml', '.circleci/config.yml', 'Jenkinsfile', '.drone.yml', '.github/workflows/*', 'azure-pipelines.yml'] found in: /var/folders/cj/rh7njyk91lx4s79wxsflz3vw001y2r/T/tmp7mlmq3y7/oss
::warning title=Policy Violation: changelog-file-exists::No file matching ['CHANGELOG*'] found in: /var/folders/cj/rh7njyk91lx4s79wxsflz3vw001y2r/T/tmpmp5h9_i1/sbom-check
  [ 36/313] quic/dcc-parser: 0 discrepancies
WARNING reporter [FAIL] github-issue-template-exists: No file matching ['ISSUE_TEMPLATE*', 'ISSUE_TEMPLATE/**', '.github/ISSUE_TEMPLATE*', '.github/ISSUE_TEMPLATE/**'] found in: /var/folders/cj/rh7njyk91lx4s79wxsflz3vw001y2r/T/tmp7mlmq3y7/oss
WARNING reporter [FAIL] github-pull-request-template-exists: No file matching ['PULL_REQUEST_TEMPLATE*', 'PULL_REQUEST_TEMPLATE/**', '.github/PULL_REQUEST_TEMPLATE*', '.github/PULL_REQUEST_TEMPLATE/**'] found in: /var/folders/cj/rh7njyk91lx4s79wxsflz3vw001y2r/T/tmp7mlmq3y7/oss
WARNING reporter [FAIL] github-issue-template-exists: No file matching ['ISSUE_TEMPLATE*', 'ISSUE_TEMPLATE/**', '.github/ISSUE_TEMPLATE*', '.github/ISSUE_TEMPLATE/**'] found in: /var/folders/cj/rh7njyk91lx4s79wxsflz3vw001y2r/T/tmpmp5h9_i1/sbom-check
WARNING reporter [FAIL] python-package-metadata-exists: No file matching ['setup.py', 'requirements.txt'] found in: /var/folders/cj/rh7njyk91lx4s79wxsflz3vw001y2r/T/tmpmp5h9_i1/sbom-check
WARNING reporter [FAIL] github-issue-template-exists: No file matching ['ISSUE_TEMPLATE*', 'ISSUE_TEMPLATE/**', '.github/ISSUE_TEMPLATE*', '.github/ISSUE_TEMPLATE/**'] found in: /var/folders/cj/rh7njyk91lx4s79wxsflz3vw001y2r/T/tmpyzvcym8l/aic-operator
WARNING reporter [FAIL] github-pull-request-template-exists: No file matching ['PULL_REQUEST_TEMPLATE*', 'PULL_REQUEST_TEMPLATE/**', '.github/PULL_REQUEST_TEMPLATE*', '.github/PULL_REQUEST_TEMPLATE/**'] found in: /var/folders/cj/rh7njyk91lx4s79wxsflz3vw001y2r/T/tmpyzvcym8l/aic-operator
WARNING reporter [FAIL] contributing-file-exists: No file matching ['{docs/,.github/,}CONTRIB*'] found in: /var/folders/cj/rh7njyk91lx4s79wxsflz3vw001y2r/T/tmpqg3pr_r5/host-signing-tool
WARNING reporter [FAIL] code-of-conduct-file-exists: No file matching ['{docs/,.github/,}CODEOFCONDUCT*', '{docs/,.github/,}CODE-OF-CONDUCT*', '{docs/,.github/,}CODE_OF_CONDUCT*'] found in: /var/folders/cj/rh7njyk91lx4s79wxsflz3vw001y2r/T/tmpqg3pr_r5/host-signing-tool
WARNING reporter [FAIL] changelog-file-exists: No file matching ['CHANGELOG*'] found in: /var/folders/cj/rh7njyk91lx4s79wxsflz3vw001y2r/T/tmpqg3pr_r5/host-signing-tool
WARNING reporter [FAIL] test-directory-exists: No directory matching ['**/test*', '**/specs', '**/*test*'] found under /var/folders/cj/rh7njyk91lx4s79wxsflz3vw001y2r/T/tmpqg3pr_r5/host-signing-tool
WARNING reporter [FAIL] code-of-conduct-file-exists: No file matching ['{docs/,.github/,}CODEOFCONDUCT*', '{docs/,.github/,}CODE-OF-CONDUCT*', '{docs/,.github/,}CODE_OF_CONDUCT*'] found in: /var/folders/cj/rh7njyk91lx4s79wxsflz3vw001y2r/T/tmpjutx0rjr/upstream-wifi-fw
::warning title=Policy Violation: github-issue-template-exists::No file matching ['ISSUE_TEMPLATE*', 'ISSUE_TEMPLATE/**', '.github/ISSUE_TEMPLATE*', '.github/ISSUE_TEMPLATE/**'] found in: /var/folders/cj/rh7njyk91lx4s79wxsflz3vw001y2r/T/tmp7mlmq3y7/oss
::warning title=Policy Violation: github-pull-request-template-exists::No file matching ['PULL_REQUEST_TEMPLATE*', 'PULL_REQUEST_TEMPLATE/**', '.github/PULL_REQUEST_TEMPLATE*', '.github/PULL_REQUEST_TEMPLATE/**'] found in: /var/folders/cj/rh7njyk91lx4s79wxsflz3vw001y2r/T/tmp7mlmq3y7/oss
::warning title=Policy Violation: github-issue-template-exists::No file matching ['ISSUE_TEMPLATE*', 'ISSUE_TEMPLATE/**', '.github/ISSUE_TEMPLATE*', '.github/ISSUE_TEMPLATE/**'] found in: /var/folders/cj/rh7njyk91lx4s79wxsflz3vw001y2r/T/tmpmp5h9_i1/sbom-check
::warning title=Policy Violation: python-package-metadata-exists::No file matching ['setup.py', 'requirements.txt'] found in: /var/folders/cj/rh7njyk91lx4s79wxsflz3vw001y2r/T/tmpmp5h9_i1/sbom-check
::warning title=Policy Violation: github-issue-template-exists::No file matching ['ISSUE_TEMPLATE*', 'ISSUE_TEMPLATE/**', '.github/ISSUE_TEMPLATE*', '.github/ISSUE_TEMPLATE/**'] found in: /var/folders/cj/rh7njyk91lx4s79wxsflz3vw001y2r/T/tmpyzvcym8l/aic-operator
::warning title=Policy Violation: github-pull-request-template-exists::No file matching ['PULL_REQUEST_TEMPLATE*', 'PULL_REQUEST_TEMPLATE/**', '.github/PULL_REQUEST_TEMPLATE*', '.github/PULL_REQUEST_TEMPLATE/**'] found in: /var/folders/cj/rh7njyk91lx4s79wxsflz3vw001y2r/T/tmpyzvcym8l/aic-operator
::warning title=Policy Violation: contributing-file-exists::No file matching ['{docs/,.github/,}CONTRIB*'] found in: /var/folders/cj/rh7njyk91lx4s79wxsflz3vw001y2r/T/tmpqg3pr_r5/host-signing-tool
::warning title=Policy Violation: code-of-conduct-file-exists::No file matching ['{docs/,.github/,}CODEOFCONDUCT*', '{docs/,.github/,}CODE-OF-CONDUCT*', '{docs/,.github/,}CODE_OF_CONDUCT*'] found in: /var/folders/cj/rh7njyk91lx4s79wxsflz3vw001y2r/T/tmpqg3pr_r5/host-signing-tool
::warning title=Policy Violation: changelog-file-exists::No file matching ['CHANGELOG*'] found in: /var/folders/cj/rh7njyk91lx4s79wxsflz3vw001y2r/T/tmpqg3pr_r5/host-signing-tool
::warning title=Policy Violation: test-directory-exists::No directory matching ['**/test*', '**/specs', '**/*test*'] found under /var/folders/cj/rh7njyk91lx4s79wxsflz3vw001y2r/T/tmpqg3pr_r5/host-signing-tool
::warning title=Policy Violation: code-of-conduct-file-exists::No file matching ['{docs/,.github/,}CODEOFCONDUCT*', '{docs/,.github/,}CODE-OF-CONDUCT*', '{docs/,.github/,}CODE_OF_CONDUCT*'] found in: /var/folders/cj/rh7njyk91lx4s79wxsflz3vw001y2r/T/tmpjutx0rjr/upstream-wifi-fw
  [ 37/313] quic/oss: 1 discrepancies
WARNING reporter [FAIL] binaries-not-present: Binary file found (MIME: application/x-sharedlib): examples/onboarding_guide/customop/CustomGELU/src/customop_lib.so
WARNING reporter [FAIL] github-issue-template-exists: No file matching ['ISSUE_TEMPLATE*', 'ISSUE_TEMPLATE/**', '.github/ISSUE_TEMPLATE*', '.github/ISSUE_TEMPLATE/**'] found in: /var/folders/cj/rh7njyk91lx4s79wxsflz3vw001y2r/T/tmpqg3pr_r5/host-signing-tool
WARNING reporter [FAIL] github-pull-request-template-exists: No file matching ['PULL_REQUEST_TEMPLATE*', 'PULL_REQUEST_TEMPLATE/**', '.github/PULL_REQUEST_TEMPLATE*', '.github/PULL_REQUEST_TEMPLATE/**'] found in: /var/folders/cj/rh7njyk91lx4s79wxsflz3vw001y2r/T/tmpqg3pr_r5/host-signing-tool
WARNING reporter [FAIL] changelog-file-exists: No file matching ['CHANGELOG*'] found in: /var/folders/cj/rh7njyk91lx4s79wxsflz3vw001y2r/T/tmpjutx0rjr/upstream-wifi-fw
WARNING reporter [FAIL] readme-references-license: Pattern 'license|notice' not found in README.md
::warning title=Policy Violation: binaries-not-present,file=examples/onboarding_guide/customop/CustomGELU/src/customop_lib.so::Binary file found (MIME: application/x-sharedlib): examples/onboarding_guide/customop/CustomGELU/src/customop_lib.so
::warning title=Policy Violation: github-issue-template-exists::No file matching ['ISSUE_TEMPLATE*', 'ISSUE_TEMPLATE/**', '.github/ISSUE_TEMPLATE*', '.github/ISSUE_TEMPLATE/**'] found in: /var/folders/cj/rh7njyk91lx4s79wxsflz3vw001y2r/T/tmpqg3pr_r5/host-signing-tool
::warning title=Policy Violation: github-pull-request-template-exists::No file matching ['PULL_REQUEST_TEMPLATE*', 'PULL_REQUEST_TEMPLATE/**', '.github/PULL_REQUEST_TEMPLATE*', '.github/PULL_REQUEST_TEMPLATE/**'] found in: /var/folders/cj/rh7njyk91lx4s79wxsflz3vw001y2r/T/tmpqg3pr_r5/host-signing-tool
::warning title=Policy Violation: changelog-file-exists::No file matching ['CHANGELOG*'] found in: /var/folders/cj/rh7njyk91lx4s79wxsflz3vw001y2r/T/tmpjutx0rjr/upstream-wifi-fw
::error title=Policy Violation: readme-references-license,file=README.md::Pattern 'license|notice' not found in README.md
  [ 38/313] quic/sbom-check: 0 discrepancies
  [ 39/313] quic/aic-operator: 0 discrepancies
WARNING reporter [FAIL] contributing-file-exists: No file matching ['{docs/,.github/,}CONTRIB*'] found in: /var/folders/cj/rh7njyk91lx4s79wxsflz3vw001y2r/T/tmpkjvig7gr/wos-ai
WARNING reporter [FAIL] code-of-conduct-file-exists: No file matching ['{docs/,.github/,}CODEOFCONDUCT*', '{docs/,.github/,}CODE-OF-CONDUCT*', '{docs/,.github/,}CODE_OF_CONDUCT*'] found in: /var/folders/cj/rh7njyk91lx4s79wxsflz3vw001y2r/T/tmpkjvig7gr/wos-ai
WARNING reporter [FAIL] changelog-file-exists: No file matching ['CHANGELOG*'] found in: /var/folders/cj/rh7njyk91lx4s79wxsflz3vw001y2r/T/tmpkjvig7gr/wos-ai
::warning title=Policy Violation: contributing-file-exists::No file matching ['{docs/,.github/,}CONTRIB*'] found in: /var/folders/cj/rh7njyk91lx4s79wxsflz3vw001y2r/T/tmpkjvig7gr/wos-ai
::warning title=Policy Violation: code-of-conduct-file-exists::No file matching ['{docs/,.github/,}CODEOFCONDUCT*', '{docs/,.github/,}CODE-OF-CONDUCT*', '{docs/,.github/,}CODE_OF_CONDUCT*'] found in: /var/folders/cj/rh7njyk91lx4s79wxsflz3vw001y2r/T/tmpkjvig7gr/wos-ai
::warning title=Policy Violation: changelog-file-exists::No file matching ['CHANGELOG*'] found in: /var/folders/cj/rh7njyk91lx4s79wxsflz3vw001y2r/T/tmpkjvig7gr/wos-ai
  [ 40/313] quic/host-signing-tool: 0 discrepancies
WARNING reporter [FAIL] contributing-file-exists: No file matching ['{docs/,.github/,}CONTRIB*'] found in: /var/folders/cj/rh7njyk91lx4s79wxsflz3vw001y2r/T/tmpi6lkqkhf/cloud-ai-containers
WARNING reporter [FAIL] test-directory-exists: No directory matching ['**/test*', '**/specs', '**/*test*'] found under /var/folders/cj/rh7njyk91lx4s79wxsflz3vw001y2r/T/tmpkjvig7gr/wos-ai
WARNING reporter [FAIL] code-of-conduct-file-exists: No file matching ['{docs/,.github/,}CODEOFCONDUCT*', '{docs/,.github/,}CODE-OF-CONDUCT*', '{docs/,.github/,}CODE_OF_CONDUCT*'] found in: /var/folders/cj/rh7njyk91lx4s79wxsflz3vw001y2r/T/tmpi6lkqkhf/cloud-ai-containers
WARNING reporter [FAIL] changelog-file-exists: No file matching ['CHANGELOG*'] found in: /var/folders/cj/rh7njyk91lx4s79wxsflz3vw001y2r/T/tmpi6lkqkhf/cloud-ai-containers
WARNING reporter [FAIL] test-directory-exists: No directory matching ['**/test*', '**/specs', '**/*test*'] found under /var/folders/cj/rh7njyk91lx4s79wxsflz3vw001y2r/T/tmpi6lkqkhf/cloud-ai-containers
WARNING reporter [FAIL] integrates-with-ci: No file matching ['.gitlab-ci.yml', '.travis.yml', 'appveyor.yml', '.appveyor.yml', 'circle.yml', '.circleci/config.yml', 'Jenkinsfile', '.drone.yml', '.github/workflows/*', 'azure-pipelines.yml'] found in: /var/folders/cj/rh7njyk91lx4s79wxsflz3vw001y2r/T/tmpi6lkqkhf/cloud-ai-containers
WARNING reporter [FAIL] binaries-not-present: Binary file found (MIME: application/x-executable): ath12k-firmware/IPQ5322/hw1.0/1.3.1/WLAN.WBE.1.3.1-00130-QCAHKSWPL_SILICONZ-1/iu_fw.b00
WARNING reporter [FAIL] readme-file-exists: No file matching ['README*'] found in: /var/folders/cj/rh7njyk91lx4s79wxsflz3vw001y2r/T/tmpm419xvb7/wos-blender-plugin
WARNING reporter [FAIL] contributing-file-exists: No file matching ['{docs/,.github/,}CONTRIB*'] found in: /var/folders/cj/rh7njyk91lx4s79wxsflz3vw001y2r/T/tmpm419xvb7/wos-blender-plugin
WARNING reporter [FAIL] code-of-conduct-file-exists: No file matching ['{docs/,.github/,}CODEOFCONDUCT*', '{docs/,.github/,}CODE-OF-CONDUCT*', '{docs/,.github/,}CODE_OF_CONDUCT*'] found in: /var/folders/cj/rh7njyk91lx4s79wxsflz3vw001y2r/T/tmpm419xvb7/wos-blender-plugin
WARNING reporter [FAIL] changelog-file-exists: No file matching ['CHANGELOG*'] found in: /var/folders/cj/rh7njyk91lx4s79wxsflz3vw001y2r/T/tmpm419xvb7/wos-blender-plugin
WARNING reporter [FAIL] test-directory-exists: No directory matching ['**/test*', '**/specs', '**/*test*'] found under /var/folders/cj/rh7njyk91lx4s79wxsflz3vw001y2r/T/tmpm419xvb7/wos-blender-plugin
WARNING reporter [FAIL] integrates-with-ci: No file matching ['.gitlab-ci.yml', '.travis.yml', 'appveyor.yml', '.appveyor.yml', 'circle.yml', '.circleci/config.yml', 'Jenkinsfile', '.drone.yml', '.github/workflows/*', 'azure-pipelines.yml'] found in: /var/folders/cj/rh7njyk91lx4s79wxsflz3vw001y2r/T/tmpm419xvb7/wos-blender-plugin
WARNING reporter [FAIL] github-issue-template-exists: No file matching ['ISSUE_TEMPLATE*', 'ISSUE_TEMPLATE/**', '.github/ISSUE_TEMPLATE*', '.github/ISSUE_TEMPLATE/**'] found in: /var/folders/cj/rh7njyk91lx4s79wxsflz3vw001y2r/T/tmpi6lkqkhf/cloud-ai-containers
WARNING reporter [FAIL] github-pull-request-template-exists: No file matching ['PULL_REQUEST_TEMPLATE*', 'PULL_REQUEST_TEMPLATE/**', '.github/PULL_REQUEST_TEMPLATE*', '.github/PULL_REQUEST_TEMPLATE/**'] found in: /var/folders/cj/rh7njyk91lx4s79wxsflz3vw001y2r/T/tmpi6lkqkhf/cloud-ai-containers
WARNING reporter [FAIL] github-issue-template-exists: No file matching ['ISSUE_TEMPLATE*', 'ISSUE_TEMPLATE/**', '.github/ISSUE_TEMPLATE*', '.github/ISSUE_TEMPLATE/**'] found in: /var/folders/cj/rh7njyk91lx4s79wxsflz3vw001y2r/T/tmpkjvig7gr/wos-ai
WARNING reporter [FAIL] github-pull-request-template-exists: No file matching ['PULL_REQUEST_TEMPLATE*', 'PULL_REQUEST_TEMPLATE/**', '.github/PULL_REQUEST_TEMPLATE*', '.github/PULL_REQUEST_TEMPLATE/**'] found in: /var/folders/cj/rh7njyk91lx4s79wxsflz3vw001y2r/T/tmpkjvig7gr/wos-ai
WARNING reporter [FAIL] python-package-metadata-exists: No file matching ['setup.py', 'requirements.txt'] found in: /var/folders/cj/rh7njyk91lx4s79wxsflz3vw001y2r/T/tmpkjvig7gr/wos-ai
WARNING reporter [FAIL] github-issue-template-exists: No file matching ['ISSUE_TEMPLATE*', 'ISSUE_TEMPLATE/**', '.github/ISSUE_TEMPLATE*', '.github/ISSUE_TEMPLATE/**'] found in: /var/folders/cj/rh7njyk91lx4s79wxsflz3vw001y2r/T/tmpm419xvb7/wos-blender-plugin
WARNING reporter [FAIL] github-pull-request-template-exists: No file matching ['PULL_REQUEST_TEMPLATE*', 'PULL_REQUEST_TEMPLATE/**', '.github/PULL_REQUEST_TEMPLATE*', '.github/PULL_REQUEST_TEMPLATE/**'] found in: /var/folders/cj/rh7njyk91lx4s79wxsflz3vw001y2r/T/tmpm419xvb7/wos-blender-plugin
WARNING reporter [FAIL] changelog-file-exists: No file matching ['CHANGELOG*'] found in: /var/folders/cj/rh7njyk91lx4s79wxsflz3vw001y2r/T/tmpgn33a32t/contribution-tracker
WARNING reporter [FAIL] github-issue-template-exists: No file matching ['ISSUE_TEMPLATE*', 'ISSUE_TEMPLATE/**', '.github/ISSUE_TEMPLATE*', '.github/ISSUE_TEMPLATE/**'] found in: /var/folders/cj/rh7njyk91lx4s79wxsflz3vw001y2r/T/tmpgn33a32t/contribution-tracker
WARNING reporter [FAIL] github-pull-request-template-exists: No file matching ['PULL_REQUEST_TEMPLATE*', 'PULL_REQUEST_TEMPLATE/**', '.github/PULL_REQUEST_TEMPLATE*', '.github/PULL_REQUEST_TEMPLATE/**'] found in: /var/folders/cj/rh7njyk91lx4s79wxsflz3vw001y2r/T/tmpgn33a32t/contribution-tracker
::warning title=Policy Violation: contributing-file-exists::No file matching ['{docs/,.github/,}CONTRIB*'] found in: /var/folders/cj/rh7njyk91lx4s79wxsflz3vw001y2r/T/tmpi6lkqkhf/cloud-ai-containers
::warning title=Policy Violation: test-directory-exists::No directory matching ['**/test*', '**/specs', '**/*test*'] found under /var/folders/cj/rh7njyk91lx4s79wxsflz3vw001y2r/T/tmpkjvig7gr/wos-ai
::warning title=Policy Violation: code-of-conduct-file-exists::No file matching ['{docs/,.github/,}CODEOFCONDUCT*', '{docs/,.github/,}CODE-OF-CONDUCT*', '{docs/,.github/,}CODE_OF_CONDUCT*'] found in: /var/folders/cj/rh7njyk91lx4s79wxsflz3vw001y2r/T/tmpi6lkqkhf/cloud-ai-containers
::warning title=Policy Violation: changelog-file-exists::No file matching ['CHANGELOG*'] found in: /var/folders/cj/rh7njyk91lx4s79wxsflz3vw001y2r/T/tmpi6lkqkhf/cloud-ai-containers
::warning title=Policy Violation: test-directory-exists::No directory matching ['**/test*', '**/specs', '**/*test*'] found under /var/folders/cj/rh7njyk91lx4s79wxsflz3vw001y2r/T/tmpi6lkqkhf/cloud-ai-containers
::warning title=Policy Violation: integrates-with-ci::No file matching ['.gitlab-ci.yml', '.travis.yml', 'appveyor.yml', '.appveyor.yml', 'circle.yml', '.circleci/config.yml', 'Jenkinsfile', '.drone.yml', '.github/workflows/*', 'azure-pipelines.yml'] found in: /var/folders/cj/rh7njyk91lx4s79wxsflz3vw001y2r/T/tmpi6lkqkhf/cloud-ai-containers
::warning title=Policy Violation: binaries-not-present,file=ath12k-firmware/IPQ5322/hw1.0/1.3.1/WLAN.WBE.1.3.1-00130-QCAHKSWPL_SILICONZ-1/iu_fw.b00::Binary file found (MIME: application/x-executable): ath12k-firmware/IPQ5322/hw1.0/1.3.1/WLAN.WBE.1.3.1-00130-QCAHKSWPL_SILICONZ-1/iu_fw.b00
::error title=Policy Violation: readme-file-exists::No file matching ['README*'] found in: /var/folders/cj/rh7njyk91lx4s79wxsflz3vw001y2r/T/tmpm419xvb7/wos-blender-plugin
::warning title=Policy Violation: contributing-file-exists::No file matching ['{docs/,.github/,}CONTRIB*'] found in: /var/folders/cj/rh7njyk91lx4s79wxsflz3vw001y2r/T/tmpm419xvb7/wos-blender-plugin
::warning title=Policy Violation: code-of-conduct-file-exists::No file matching ['{docs/,.github/,}CODEOFCONDUCT*', '{docs/,.github/,}CODE-OF-CONDUCT*', '{docs/,.github/,}CODE_OF_CONDUCT*'] found in: /var/folders/cj/rh7njyk91lx4s79wxsflz3vw001y2r/T/tmpm419xvb7/wos-blender-plugin
::warning title=Policy Violation: changelog-file-exists::No file matching ['CHANGELOG*'] found in: /var/folders/cj/rh7njyk91lx4s79wxsflz3vw001y2r/T/tmpm419xvb7/wos-blender-plugin
::warning title=Policy Violation: test-directory-exists::No directory matching ['**/test*', '**/specs', '**/*test*'] found under /var/folders/cj/rh7njyk91lx4s79wxsflz3vw001y2r/T/tmpm419xvb7/wos-blender-plugin
::warning title=Policy Violation: integrates-with-ci::No file matching ['.gitlab-ci.yml', '.travis.yml', 'appveyor.yml', '.appveyor.yml', 'circle.yml', '.circleci/config.yml', 'Jenkinsfile', '.drone.yml', '.github/workflows/*', 'azure-pipelines.yml'] found in: /var/folders/cj/rh7njyk91lx4s79wxsflz3vw001y2r/T/tmpm419xvb7/wos-blender-plugin
::warning title=Policy Violation: github-issue-template-exists::No file matching ['ISSUE_TEMPLATE*', 'ISSUE_TEMPLATE/**', '.github/ISSUE_TEMPLATE*', '.github/ISSUE_TEMPLATE/**'] found in: /var/folders/cj/rh7njyk91lx4s79wxsflz3vw001y2r/T/tmpi6lkqkhf/cloud-ai-containers
::warning title=Policy Violation: github-pull-request-template-exists::No file matching ['PULL_REQUEST_TEMPLATE*', 'PULL_REQUEST_TEMPLATE/**', '.github/PULL_REQUEST_TEMPLATE*', '.github/PULL_REQUEST_TEMPLATE/**'] found in: /var/folders/cj/rh7njyk91lx4s79wxsflz3vw001y2r/T/tmpi6lkqkhf/cloud-ai-containers
::warning title=Policy Violation: github-issue-template-exists::No file matching ['ISSUE_TEMPLATE*', 'ISSUE_TEMPLATE/**', '.github/ISSUE_TEMPLATE*', '.github/ISSUE_TEMPLATE/**'] found in: /var/folders/cj/rh7njyk91lx4s79wxsflz3vw001y2r/T/tmpkjvig7gr/wos-ai
::warning title=Policy Violation: github-pull-request-template-exists::No file matching ['PULL_REQUEST_TEMPLATE*', 'PULL_REQUEST_TEMPLATE/**', '.github/PULL_REQUEST_TEMPLATE*', '.github/PULL_REQUEST_TEMPLATE/**'] found in: /var/folders/cj/rh7njyk91lx4s79wxsflz3vw001y2r/T/tmpkjvig7gr/wos-ai
::warning title=Policy Violation: python-package-metadata-exists::No file matching ['setup.py', 'requirements.txt'] found in: /var/folders/cj/rh7njyk91lx4s79wxsflz3vw001y2r/T/tmpkjvig7gr/wos-ai
::warning title=Policy Violation: github-issue-template-exists::No file matching ['ISSUE_TEMPLATE*', 'ISSUE_TEMPLATE/**', '.github/ISSUE_TEMPLATE*', '.github/ISSUE_TEMPLATE/**'] found in: /var/folders/cj/rh7njyk91lx4s79wxsflz3vw001y2r/T/tmpm419xvb7/wos-blender-plugin
::warning title=Policy Violation: github-pull-request-template-exists::No file matching ['PULL_REQUEST_TEMPLATE*', 'PULL_REQUEST_TEMPLATE/**', '.github/PULL_REQUEST_TEMPLATE*', '.github/PULL_REQUEST_TEMPLATE/**'] found in: /var/folders/cj/rh7njyk91lx4s79wxsflz3vw001y2r/T/tmpm419xvb7/wos-blender-plugin
::warning title=Policy Violation: changelog-file-exists::No file matching ['CHANGELOG*'] found in: /var/folders/cj/rh7njyk91lx4s79wxsflz3vw001y2r/T/tmpgn33a32t/contribution-tracker
::warning title=Policy Violation: github-issue-template-exists::No file matching ['ISSUE_TEMPLATE*', 'ISSUE_TEMPLATE/**', '.github/ISSUE_TEMPLATE*', '.github/ISSUE_TEMPLATE/**'] found in: /var/folders/cj/rh7njyk91lx4s79wxsflz3vw001y2r/T/tmpgn33a32t/contribution-tracker
::warning title=Policy Violation: github-pull-request-template-exists::No file matching ['PULL_REQUEST_TEMPLATE*', 'PULL_REQUEST_TEMPLATE/**', '.github/PULL_REQUEST_TEMPLATE*', '.github/PULL_REQUEST_TEMPLATE/**'] found in: /var/folders/cj/rh7njyk91lx4s79wxsflz3vw001y2r/T/tmpgn33a32t/contribution-tracker
  [ 41/313] quic/cloud-ai-containers: 1 discrepancies
  [ 42/313] quic/wos-ai: 0 discrepancies
  [ 43/313] quic/wos-blender-plugin: 1 discrepancies
  [ 44/313] quic/contribution-tracker: 0 discrepancies
WARNING reporter [FAIL] contributing-file-exists: No file matching ['{docs/,.github/,}CONTRIB*'] found in: /var/folders/cj/rh7njyk91lx4s79wxsflz3vw001y2r/T/tmpvgdadfsf/ufs-tools
WARNING reporter [FAIL] test-directory-exists: No directory matching ['**/test*', '**/specs', '**/*test*'] found under /var/folders/cj/rh7njyk91lx4s79wxsflz3vw001y2r/T/tmp7xv83k8h/crustfilt
WARNING reporter [FAIL] code-of-conduct-file-exists: No file matching ['{docs/,.github/,}CODEOFCONDUCT*', '{docs/,.github/,}CODE-OF-CONDUCT*', '{docs/,.github/,}CODE_OF_CONDUCT*'] found in: /var/folders/cj/rh7njyk91lx4s79wxsflz3vw001y2r/T/tmpvgdadfsf/ufs-tools
WARNING reporter [FAIL] changelog-file-exists: No file matching ['CHANGELOG*'] found in: /var/folders/cj/rh7njyk91lx4s79wxsflz3vw001y2r/T/tmpvgdadfsf/ufs-tools
WARNING reporter [FAIL] changelog-file-exists: No file matching ['CHANGELOG*'] found in: /var/folders/cj/rh7njyk91lx4s79wxsflz3vw001y2r/T/tmpmi1ha0q4/Pose-Detection-with-HRPoseNet
WARNING reporter [FAIL] readme-references-license: Pattern 'license|notice' not found in README.md
WARNING reporter [FAIL] test-directory-exists: No directory matching ['**/test*', '**/specs', '**/*test*'] found under /var/folders/cj/rh7njyk91lx4s79wxsflz3vw001y2r/T/tmpvgdadfsf/ufs-tools
WARNING reporter [FAIL] integrates-with-ci: No file matching ['.gitlab-ci.yml', '.travis.yml', 'appveyor.yml', '.appveyor.yml', 'circle.yml', '.circleci/config.yml', 'Jenkinsfile', '.drone.yml', '.github/workflows/*', 'azure-pipelines.yml'] found in: /var/folders/cj/rh7njyk91lx4s79wxsflz3vw001y2r/T/tmpvgdadfsf/ufs-tools
WARNING reporter [FAIL] integrates-with-ci: No file matching ['.gitlab-ci.yml', '.travis.yml', 'appveyor.yml', '.appveyor.yml', 'circle.yml', '.circleci/config.yml', 'Jenkinsfile', '.drone.yml', '.github/workflows/*', 'azure-pipelines.yml'] found in: /var/folders/cj/rh7njyk91lx4s79wxsflz3vw001y2r/T/tmpmi1ha0q4/Pose-Detection-with-HRPoseNet
WARNING reporter [FAIL] source-license-headers-exist: Pattern 'Copyright(\\s)*(\\(c\\)|©)?' not found in ufs-cli/query_desc.h
WARNING reporter [FAIL] source-license-headers-exist: Pattern 'Copyright(\\s)*(\\(c\\)|©)?' not found in conftest.py
WARNING reporter [FAIL] source-qualcomm-license-headers-exist: Pattern '(Copyright|©).*Qualcomm Innovation Center, Inc|Qualcomm Technologies, Inc|Copyright (\\(c\\)|©) (20(1[2-9]|2[0-2])(-|,|\\s)*)+ The Linux Foundation' not found in ufs-cli/query_desc.h
WARNING reporter [FAIL] github-issue-template-exists: No file matching ['ISSUE_TEMPLATE*', 'ISSUE_TEMPLATE/**', '.github/ISSUE_TEMPLATE*', '.github/ISSUE_TEMPLATE/**'] found in: /var/folders/cj/rh7njyk91lx4s79wxsflz3vw001y2r/T/tmpvgdadfsf/ufs-tools
WARNING reporter [FAIL] github-pull-request-template-exists: No file matching ['PULL_REQUEST_TEMPLATE*', 'PULL_REQUEST_TEMPLATE/**', '.github/PULL_REQUEST_TEMPLATE*', '.github/PULL_REQUEST_TEMPLATE/**'] found in: /var/folders/cj/rh7njyk91lx4s79wxsflz3vw001y2r/T/tmpvgdadfsf/ufs-tools
WARNING reporter [FAIL] python-package-metadata-exists: No file matching ['setup.py', 'requirements.txt'] found in: /var/folders/cj/rh7njyk91lx4s79wxsflz3vw001y2r/T/tmpvgdadfsf/ufs-tools
WARNING reporter [FAIL] source-qualcomm-license-headers-exist: Pattern '(Copyright|©).*Qualcomm Innovation Center, Inc|Qualcomm Technologies, Inc|Copyright (\\(c\\)|©) (20(1[2-9]|2[0-2])(-|,|\\s)*)+ The Linux Foundation' not found in conftest.py
WARNING reporter [FAIL] github-issue-template-exists: No file matching ['ISSUE_TEMPLATE*', 'ISSUE_TEMPLATE/**', '.github/ISSUE_TEMPLATE*', '.github/ISSUE_TEMPLATE/**'] found in: /var/folders/cj/rh7njyk91lx4s79wxsflz3vw001y2r/T/tmpmi1ha0q4/Pose-Detection-with-HRPoseNet
WARNING reporter [FAIL] github-pull-request-template-exists: No file matching ['PULL_REQUEST_TEMPLATE*', 'PULL_REQUEST_TEMPLATE/**', '.github/PULL_REQUEST_TEMPLATE*', '.github/PULL_REQUEST_TEMPLATE/**'] found in: /var/folders/cj/rh7njyk91lx4s79wxsflz3vw001y2r/T/tmpmi1ha0q4/Pose-Detection-with-HRPoseNet
WARNING reporter [FAIL] github-pull-request-template-exists: No file matching ['PULL_REQUEST_TEMPLATE*', 'PULL_REQUEST_TEMPLATE/**', '.github/PULL_REQUEST_TEMPLATE*', '.github/PULL_REQUEST_TEMPLATE/**'] found in: /var/folders/cj/rh7njyk91lx4s79wxsflz3vw001y2r/T/tmpsvgdiyvi/efficient-transformers
WARNING reporter [FAIL] python-package-metadata-exists: No file matching ['setup.py', 'requirements.txt'] found in: /var/folders/cj/rh7njyk91lx4s79wxsflz3vw001y2r/T/tmpsvgdiyvi/efficient-transformers
::warning title=Policy Violation: contributing-file-exists::No file matching ['{docs/,.github/,}CONTRIB*'] found in: /var/folders/cj/rh7njyk91lx4s79wxsflz3vw001y2r/T/tmpvgdadfsf/ufs-tools
::warning title=Policy Violation: test-directory-exists::No directory matching ['**/test*', '**/specs', '**/*test*'] found under /var/folders/cj/rh7njyk91lx4s79wxsflz3vw001y2r/T/tmp7xv83k8h/crustfilt
::warning title=Policy Violation: code-of-conduct-file-exists::No file matching ['{docs/,.github/,}CODEOFCONDUCT*', '{docs/,.github/,}CODE-OF-CONDUCT*', '{docs/,.github/,}CODE_OF_CONDUCT*'] found in: /var/folders/cj/rh7njyk91lx4s79wxsflz3vw001y2r/T/tmpvgdadfsf/ufs-tools
::warning title=Policy Violation: changelog-file-exists::No file matching ['CHANGELOG*'] found in: /var/folders/cj/rh7njyk91lx4s79wxsflz3vw001y2r/T/tmpvgdadfsf/ufs-tools
::warning title=Policy Violation: changelog-file-exists::No file matching ['CHANGELOG*'] found in: /var/folders/cj/rh7njyk91lx4s79wxsflz3vw001y2r/T/tmpmi1ha0q4/Pose-Detection-with-HRPoseNet
::error title=Policy Violation: readme-references-license,file=README.md::Pattern 'license|notice' not found in README.md
::warning title=Policy Violation: test-directory-exists::No directory matching ['**/test*', '**/specs', '**/*test*'] found under /var/folders/cj/rh7njyk91lx4s79wxsflz3vw001y2r/T/tmpvgdadfsf/ufs-tools
::warning title=Policy Violation: integrates-with-ci::No file matching ['.gitlab-ci.yml', '.travis.yml', 'appveyor.yml', '.appveyor.yml', 'circle.yml', '.circleci/config.yml', 'Jenkinsfile', '.drone.yml', '.github/workflows/*', 'azure-pipelines.yml'] found in: /var/folders/cj/rh7njyk91lx4s79wxsflz3vw001y2r/T/tmpvgdadfsf/ufs-tools
::warning title=Policy Violation: integrates-with-ci::No file matching ['.gitlab-ci.yml', '.travis.yml', 'appveyor.yml', '.appveyor.yml', 'circle.yml', '.circleci/config.yml', 'Jenkinsfile', '.drone.yml', '.github/workflows/*', 'azure-pipelines.yml'] found in: /var/folders/cj/rh7njyk91lx4s79wxsflz3vw001y2r/T/tmpmi1ha0q4/Pose-Detection-with-HRPoseNet
::error title=Policy Violation: source-license-headers-exist,file=ufs-cli/query_desc.h::Pattern 'Copyright(\\s)*(\\(c\\)|©)?' not found in ufs-cli/query_desc.h
::error title=Policy Violation: source-license-headers-exist,file=conftest.py::Pattern 'Copyright(\\s)*(\\(c\\)|©)?' not found in conftest.py
::warning title=Policy Violation: source-qualcomm-license-headers-exist,file=ufs-cli/query_desc.h::Pattern '(Copyright|©).*Qualcomm Innovation Center, Inc|Qualcomm Technologies, Inc|Copyright (\\(c\\)|©) (20(1[2-9]|2[0-2])(-|,|\\s)*)+ The Linux Foundation' not found in ufs-cli/query_desc.h
::warning title=Policy Violation: github-issue-template-exists::No file matching ['ISSUE_TEMPLATE*', 'ISSUE_TEMPLATE/**', '.github/ISSUE_TEMPLATE*', '.github/ISSUE_TEMPLATE/**'] found in: /var/folders/cj/rh7njyk91lx4s79wxsflz3vw001y2r/T/tmpvgdadfsf/ufs-tools
::warning title=Policy Violation: github-pull-request-template-exists::No file matching ['PULL_REQUEST_TEMPLATE*', 'PULL_REQUEST_TEMPLATE/**', '.github/PULL_REQUEST_TEMPLATE*', '.github/PULL_REQUEST_TEMPLATE/**'] found in: /var/folders/cj/rh7njyk91lx4s79wxsflz3vw001y2r/T/tmpvgdadfsf/ufs-tools
::warning title=Policy Violation: python-package-metadata-exists::No file matching ['setup.py', 'requirements.txt'] found in: /var/folders/cj/rh7njyk91lx4s79wxsflz3vw001y2r/T/tmpvgdadfsf/ufs-tools
::warning title=Policy Violation: source-qualcomm-license-headers-exist,file=conftest.py::Pattern '(Copyright|©).*Qualcomm Innovation Center, Inc|Qualcomm Technologies, Inc|Copyright (\\(c\\)|©) (20(1[2-9]|2[0-2])(-|,|\\s)*)+ The Linux Foundation' not found in conftest.py
::warning title=Policy Violation: github-issue-template-exists::No file matching ['ISSUE_TEMPLATE*', 'ISSUE_TEMPLATE/**', '.github/ISSUE_TEMPLATE*', '.github/ISSUE_TEMPLATE/**'] found in: /var/folders/cj/rh7njyk91lx4s79wxsflz3vw001y2r/T/tmpmi1ha0q4/Pose-Detection-with-HRPoseNet
::warning title=Policy Violation: github-pull-request-template-exists::No file matching ['PULL_REQUEST_TEMPLATE*', 'PULL_REQUEST_TEMPLATE/**', '.github/PULL_REQUEST_TEMPLATE*', '.github/PULL_REQUEST_TEMPLATE/**'] found in: /var/folders/cj/rh7njyk91lx4s79wxsflz3vw001y2r/T/tmpmi1ha0q4/Pose-Detection-with-HRPoseNet
::warning title=Policy Violation: github-pull-request-template-exists::No file matching ['PULL_REQUEST_TEMPLATE*', 'PULL_REQUEST_TEMPLATE/**', '.github/PULL_REQUEST_TEMPLATE*', '.github/PULL_REQUEST_TEMPLATE/**'] found in: /var/folders/cj/rh7njyk91lx4s79wxsflz3vw001y2r/T/tmpsvgdiyvi/efficient-transformers
::warning title=Policy Violation: python-package-metadata-exists::No file matching ['setup.py', 'requirements.txt'] found in: /var/folders/cj/rh7njyk91lx4s79wxsflz3vw001y2r/T/tmpsvgdiyvi/efficient-transformers
  [ 45/313] quic/crustfilt: 1 discrepancies
WARNING reporter [FAIL] integrates-with-ci: No file matching ['.gitlab-ci.yml', '.travis.yml', 'appveyor.yml', '.appveyor.yml', 'circle.yml', '.circleci/config.yml', 'Jenkinsfile', '.drone.yml', '.github/workflows/*', 'azure-pipelines.yml'] found in: /var/folders/cj/rh7njyk91lx4s79wxsflz3vw001y2r/T/tmp6ugd080a/TelAF-Simulation
::warning title=Policy Violation: integrates-with-ci::No file matching ['.gitlab-ci.yml', '.travis.yml', 'appveyor.yml', '.appveyor.yml', 'circle.yml', '.circleci/config.yml', 'Jenkinsfile', '.drone.yml', '.github/workflows/*', 'azure-pipelines.yml'] found in: /var/folders/cj/rh7njyk91lx4s79wxsflz3vw001y2r/T/tmp6ugd080a/TelAF-Simulation
  [ 46/313] quic/ufs-tools: 0 discrepancies
  [ 47/313] quic/Pose-Detection-with-HRPoseNet: 0 discrepancies
WARNING reporter [FAIL] github-issue-template-exists: No file matching ['ISSUE_TEMPLATE*', 'ISSUE_TEMPLATE/**', '.github/ISSUE_TEMPLATE*', '.github/ISSUE_TEMPLATE/**'] found in: /var/folders/cj/rh7njyk91lx4s79wxsflz3vw001y2r/T/tmp6ugd080a/TelAF-Simulation
WARNING reporter [FAIL] github-pull-request-template-exists: No file matching ['PULL_REQUEST_TEMPLATE*', 'PULL_REQUEST_TEMPLATE/**', '.github/PULL_REQUEST_TEMPLATE*', '.github/PULL_REQUEST_TEMPLATE/**'] found in: /var/folders/cj/rh7njyk91lx4s79wxsflz3vw001y2r/T/tmp6ugd080a/TelAF-Simulation
WARNING reporter [FAIL] python-package-metadata-exists: No file matching ['setup.py', 'requirements.txt'] found in: /var/folders/cj/rh7njyk91lx4s79wxsflz3vw001y2r/T/tmp6ugd080a/TelAF-Simulation
WARNING reporter [FAIL] contributing-file-exists: No file matching ['{docs/,.github/,}CONTRIB*'] found in: /var/folders/cj/rh7njyk91lx4s79wxsflz3vw001y2r/T/tmpgyjjdshv/time-services
WARNING reporter [FAIL] changelog-file-exists: No file matching ['CHANGELOG*'] found in: /var/folders/cj/rh7njyk91lx4s79wxsflz3vw001y2r/T/tmpm8kb3dhy/eud
WARNING reporter [FAIL] code-of-conduct-file-exists: No file matching ['{docs/,.github/,}CODEOFCONDUCT*', '{docs/,.github/,}CODE-OF-CONDUCT*', '{docs/,.github/,}CODE_OF_CONDUCT*'] found in: /var/folders/cj/rh7njyk91lx4s79wxsflz3vw001y2r/T/tmpgyjjdshv/time-services
WARNING reporter [FAIL] changelog-file-exists: No file matching ['CHANGELOG*'] found in: /var/folders/cj/rh7njyk91lx4s79wxsflz3vw001y2r/T/tmpgyjjdshv/time-services
WARNING reporter [FAIL] test-directory-exists: No directory matching ['**/test*', '**/specs', '**/*test*'] found under /var/folders/cj/rh7njyk91lx4s79wxsflz3vw001y2r/T/tmpgyjjdshv/time-services
::warning title=Policy Violation: github-issue-template-exists::No file matching ['ISSUE_TEMPLATE*', 'ISSUE_TEMPLATE/**', '.github/ISSUE_TEMPLATE*', '.github/ISSUE_TEMPLATE/**'] found in: /var/folders/cj/rh7njyk91lx4s79wxsflz3vw001y2r/T/tmp6ugd080a/TelAF-Simulation
::warning title=Policy Violation: github-pull-request-template-exists::No file matching ['PULL_REQUEST_TEMPLATE*', 'PULL_REQUEST_TEMPLATE/**', '.github/PULL_REQUEST_TEMPLATE*', '.github/PULL_REQUEST_TEMPLATE/**'] found in: /var/folders/cj/rh7njyk91lx4s79wxsflz3vw001y2r/T/tmp6ugd080a/TelAF-Simulation
::warning title=Policy Violation: python-package-metadata-exists::No file matching ['setup.py', 'requirements.txt'] found in: /var/folders/cj/rh7njyk91lx4s79wxsflz3vw001y2r/T/tmp6ugd080a/TelAF-Simulation
::warning title=Policy Violation: contributing-file-exists::No file matching ['{docs/,.github/,}CONTRIB*'] found in: /var/folders/cj/rh7njyk91lx4s79wxsflz3vw001y2r/T/tmpgyjjdshv/time-services
::warning title=Policy Violation: changelog-file-exists::No file matching ['CHANGELOG*'] found in: /var/folders/cj/rh7njyk91lx4s79wxsflz3vw001y2r/T/tmpm8kb3dhy/eud
::warning title=Policy Violation: code-of-conduct-file-exists::No file matching ['{docs/,.github/,}CODEOFCONDUCT*', '{docs/,.github/,}CODE-OF-CONDUCT*', '{docs/,.github/,}CODE_OF_CONDUCT*'] found in: /var/folders/cj/rh7njyk91lx4s79wxsflz3vw001y2r/T/tmpgyjjdshv/time-services
::warning title=Policy Violation: changelog-file-exists::No file matching ['CHANGELOG*'] found in: /var/folders/cj/rh7njyk91lx4s79wxsflz3vw001y2r/T/tmpgyjjdshv/time-services
::warning title=Policy Violation: test-directory-exists::No directory matching ['**/test*', '**/specs', '**/*test*'] found under /var/folders/cj/rh7njyk91lx4s79wxsflz3vw001y2r/T/tmpgyjjdshv/time-services
  [ 48/313] quic/efficient-transformers: 0 discrepancies
WARNING reporter [FAIL] test-directory-exists: No directory matching ['**/test*', '**/specs', '**/*test*'] found under /var/folders/cj/rh7njyk91lx4s79wxsflz3vw001y2r/T/tmpm8kb3dhy/eud
WARNING reporter [FAIL] github-issue-template-exists: No file matching ['ISSUE_TEMPLATE*', 'ISSUE_TEMPLATE/**', '.github/ISSUE_TEMPLATE*', '.github/ISSUE_TEMPLATE/**'] found in: /var/folders/cj/rh7njyk91lx4s79wxsflz3vw001y2r/T/tmpgyjjdshv/time-services
WARNING reporter [FAIL] github-pull-request-template-exists: No file matching ['PULL_REQUEST_TEMPLATE*', 'PULL_REQUEST_TEMPLATE/**', '.github/PULL_REQUEST_TEMPLATE*', '.github/PULL_REQUEST_TEMPLATE/**'] found in: /var/folders/cj/rh7njyk91lx4s79wxsflz3vw001y2r/T/tmpgyjjdshv/time-services
WARNING reporter [FAIL] github-issue-template-exists: No file matching ['ISSUE_TEMPLATE*', 'ISSUE_TEMPLATE/**', '.github/ISSUE_TEMPLATE*', '.github/ISSUE_TEMPLATE/**'] found in: /var/folders/cj/rh7njyk91lx4s79wxsflz3vw001y2r/T/tmpjutx0rjr/upstream-wifi-fw
WARNING reporter [FAIL] github-pull-request-template-exists: No file matching ['PULL_REQUEST_TEMPLATE*', 'PULL_REQUEST_TEMPLATE/**', '.github/PULL_REQUEST_TEMPLATE*', '.github/PULL_REQUEST_TEMPLATE/**'] found in: /var/folders/cj/rh7njyk91lx4s79wxsflz3vw001y2r/T/tmpjutx0rjr/upstream-wifi-fw
::warning title=Policy Violation: test-directory-exists::No directory matching ['**/test*', '**/specs', '**/*test*'] found under /var/folders/cj/rh7njyk91lx4s79wxsflz3vw001y2r/T/tmpm8kb3dhy/eud
::warning title=Policy Violation: github-issue-template-exists::No file matching ['ISSUE_TEMPLATE*', 'ISSUE_TEMPLATE/**', '.github/ISSUE_TEMPLATE*', '.github/ISSUE_TEMPLATE/**'] found in: /var/folders/cj/rh7njyk91lx4s79wxsflz3vw001y2r/T/tmpgyjjdshv/time-services
::warning title=Policy Violation: github-pull-request-template-exists::No file matching ['PULL_REQUEST_TEMPLATE*', 'PULL_REQUEST_TEMPLATE/**', '.github/PULL_REQUEST_TEMPLATE*', '.github/PULL_REQUEST_TEMPLATE/**'] found in: /var/folders/cj/rh7njyk91lx4s79wxsflz3vw001y2r/T/tmpgyjjdshv/time-services
::warning title=Policy Violation: github-issue-template-exists::No file matching ['ISSUE_TEMPLATE*', 'ISSUE_TEMPLATE/**', '.github/ISSUE_TEMPLATE*', '.github/ISSUE_TEMPLATE/**'] found in: /var/folders/cj/rh7njyk91lx4s79wxsflz3vw001y2r/T/tmpjutx0rjr/upstream-wifi-fw
::warning title=Policy Violation: github-pull-request-template-exists::No file matching ['PULL_REQUEST_TEMPLATE*', 'PULL_REQUEST_TEMPLATE/**', '.github/PULL_REQUEST_TEMPLATE*', '.github/PULL_REQUEST_TEMPLATE/**'] found in: /var/folders/cj/rh7njyk91lx4s79wxsflz3vw001y2r/T/tmpjutx0rjr/upstream-wifi-fw
  [ 49/313] quic/TelAF-Simulation: 0 discrepancies
WARNING reporter [FAIL] license-file-exists: No file matching ['LICENSE*', 'COPYING*', 'NOTICE*'] found in: /var/folders/cj/rh7njyk91lx4s79wxsflz3vw001y2r/T/tmpt60vxjce/sigma-dut
WARNING reporter [FAIL] code-of-conduct-file-exists: No file matching ['{docs/,.github/,}CODEOFCONDUCT*', '{docs/,.github/,}CODE-OF-CONDUCT*', '{docs/,.github/,}CODE_OF_CONDUCT*'] found in: /var/folders/cj/rh7njyk91lx4s79wxsflz3vw001y2r/T/tmpt60vxjce/sigma-dut
WARNING reporter [FAIL] changelog-file-exists: No file matching ['CHANGELOG*'] found in: /var/folders/cj/rh7njyk91lx4s79wxsflz3vw001y2r/T/tmpt60vxjce/sigma-dut
WARNING reporter [FAIL] test-directory-exists: No directory matching ['**/test*', '**/specs', '**/*test*'] found under /var/folders/cj/rh7njyk91lx4s79wxsflz3vw001y2r/T/tmpt60vxjce/sigma-dut
WARNING reporter [FAIL] integrates-with-ci: No file matching ['.gitlab-ci.yml', '.travis.yml', 'appveyor.yml', '.appveyor.yml', 'circle.yml', '.circleci/config.yml', 'Jenkinsfile', '.drone.yml', '.github/workflows/*', 'azure-pipelines.yml'] found in: /var/folders/cj/rh7njyk91lx4s79wxsflz3vw001y2r/T/tmpt60vxjce/sigma-dut
::error title=Policy Violation: license-file-exists::No file matching ['LICENSE*', 'COPYING*', 'NOTICE*'] found in: /var/folders/cj/rh7njyk91lx4s79wxsflz3vw001y2r/T/tmpt60vxjce/sigma-dut
::warning title=Policy Violation: code-of-conduct-file-exists::No file matching ['{docs/,.github/,}CODEOFCONDUCT*', '{docs/,.github/,}CODE-OF-CONDUCT*', '{docs/,.github/,}CODE_OF_CONDUCT*'] found in: /var/folders/cj/rh7njyk91lx4s79wxsflz3vw001y2r/T/tmpt60vxjce/sigma-dut
::warning title=Policy Violation: changelog-file-exists::No file matching ['CHANGELOG*'] found in: /var/folders/cj/rh7njyk91lx4s79wxsflz3vw001y2r/T/tmpt60vxjce/sigma-dut
::warning title=Policy Violation: test-directory-exists::No directory matching ['**/test*', '**/specs', '**/*test*'] found under /var/folders/cj/rh7njyk91lx4s79wxsflz3vw001y2r/T/tmpt60vxjce/sigma-dut
::warning title=Policy Violation: integrates-with-ci::No file matching ['.gitlab-ci.yml', '.travis.yml', 'appveyor.yml', '.appveyor.yml', 'circle.yml', '.circleci/config.yml', 'Jenkinsfile', '.drone.yml', '.github/workflows/*', 'azure-pipelines.yml'] found in: /var/folders/cj/rh7njyk91lx4s79wxsflz3vw001y2r/T/tmpt60vxjce/sigma-dut
  [ 50/313] quic/time-services: 0 discrepancies
WARNING reporter [FAIL] source-license-headers-exist: Pattern 'SPDX-License-Identifier|Redistribution and use in source and binary forms, with or without' not found in DPP/dpp-rest-server.py
::error title=Policy Violation: source-license-headers-exist,file=DPP/dpp-rest-server.py::Pattern 'SPDX-License-Identifier|Redistribution and use in source and binary forms, with or without' not found in DPP/dpp-rest-server.py
  [ 51/313] quic/eud: 1 discrepancies
WARNING reporter [FAIL] source-qualcomm-license-headers-exist: Pattern '(Copyright|©).*Qualcomm Innovation Center, Inc|Qualcomm Technologies, Inc|Copyright (\\(c\\)|©) (20(1[2-9]|2[0-2])(-|,|\\s)*)+ The Linux Foundation' not found in e_loop.c
WARNING reporter [FAIL] github-issue-template-exists: No file matching ['ISSUE_TEMPLATE*', 'ISSUE_TEMPLATE/**', '.github/ISSUE_TEMPLATE*', '.github/ISSUE_TEMPLATE/**'] found in: /var/folders/cj/rh7njyk91lx4s79wxsflz3vw001y2r/T/tmpt60vxjce/sigma-dut
WARNING reporter [FAIL] github-pull-request-template-exists: No file matching ['PULL_REQUEST_TEMPLATE*', 'PULL_REQUEST_TEMPLATE/**', '.github/PULL_REQUEST_TEMPLATE*', '.github/PULL_REQUEST_TEMPLATE/**'] found in: /var/folders/cj/rh7njyk91lx4s79wxsflz3vw001y2r/T/tmpt60vxjce/sigma-dut
WARNING reporter [FAIL] python-package-metadata-exists: No file matching ['setup.py', 'requirements.txt'] found in: /var/folders/cj/rh7njyk91lx4s79wxsflz3vw001y2r/T/tmpt60vxjce/sigma-dut
WARNING reporter [FAIL] contributing-file-exists: No file matching ['{docs/,.github/,}CONTRIB*'] found in: /var/folders/cj/rh7njyk91lx4s79wxsflz3vw001y2r/T/tmpfcue0nql/Supplements-for-University-RB-Platforms
WARNING reporter [FAIL] code-of-conduct-file-exists: No file matching ['{docs/,.github/,}CODEOFCONDUCT*', '{docs/,.github/,}CODE-OF-CONDUCT*', '{docs/,.github/,}CODE_OF_CONDUCT*'] found in: /var/folders/cj/rh7njyk91lx4s79wxsflz3vw001y2r/T/tmpfcue0nql/Supplements-for-University-RB-Platforms
WARNING reporter [FAIL] changelog-file-exists: No file matching ['CHANGELOG*'] found in: /var/folders/cj/rh7njyk91lx4s79wxsflz3vw001y2r/T/tmpfcue0nql/Supplements-for-University-RB-Platforms
WARNING reporter [FAIL] test-directory-exists: No directory matching ['**/test*', '**/specs', '**/*test*'] found under /var/folders/cj/rh7njyk91lx4s79wxsflz3vw001y2r/T/tmpfcue0nql/Supplements-for-University-RB-Platforms
WARNING reporter [FAIL] changelog-file-exists: No file matching ['CHANGELOG*'] found in: /var/folders/cj/rh7njyk91lx4s79wxsflz3vw001y2r/T/tmp84ltfjt0/lockers
WARNING reporter [FAIL] contributing-file-exists: No file matching ['{docs/,.github/,}CONTRIB*'] found in: /var/folders/cj/rh7njyk91lx4s79wxsflz3vw001y2r/T/tmpvw0kwty3/vdds
WARNING reporter [FAIL] changelog-file-exists: No file matching ['CHANGELOG*'] found in: /var/folders/cj/rh7njyk91lx4s79wxsflz3vw001y2r/T/tmpvw0kwty3/vdds
WARNING reporter [FAIL] github-issue-template-exists: No file matching ['ISSUE_TEMPLATE*', 'ISSUE_TEMPLATE/**', '.github/ISSUE_TEMPLATE*', '.github/ISSUE_TEMPLATE/**'] found in: /var/folders/cj/rh7njyk91lx4s79wxsflz3vw001y2r/T/tmpfcue0nql/Supplements-for-University-RB-Platforms
WARNING reporter [FAIL] github-pull-request-template-exists: No file matching ['PULL_REQUEST_TEMPLATE*', 'PULL_REQUEST_TEMPLATE/**', '.github/PULL_REQUEST_TEMPLATE*', '.github/PULL_REQUEST_TEMPLATE/**'] found in: /var/folders/cj/rh7njyk91lx4s79wxsflz3vw001y2r/T/tmpfcue0nql/Supplements-for-University-RB-Platforms
::warning title=Policy Violation: source-qualcomm-license-headers-exist,file=e_loop.c::Pattern '(Copyright|©).*Qualcomm Innovation Center, Inc|Qualcomm Technologies, Inc|Copyright (\\(c\\)|©) (20(1[2-9]|2[0-2])(-|,|\\s)*)+ The Linux Foundation' not found in e_loop.c
::warning title=Policy Violation: github-issue-template-exists::No file matching ['ISSUE_TEMPLATE*', 'ISSUE_TEMPLATE/**', '.github/ISSUE_TEMPLATE*', '.github/ISSUE_TEMPLATE/**'] found in: /var/folders/cj/rh7njyk91lx4s79wxsflz3vw001y2r/T/tmpt60vxjce/sigma-dut
::warning title=Policy Violation: github-pull-request-template-exists::No file matching ['PULL_REQUEST_TEMPLATE*', 'PULL_REQUEST_TEMPLATE/**', '.github/PULL_REQUEST_TEMPLATE*', '.github/PULL_REQUEST_TEMPLATE/**'] found in: /var/folders/cj/rh7njyk91lx4s79wxsflz3vw001y2r/T/tmpt60vxjce/sigma-dut
::warning title=Policy Violation: python-package-metadata-exists::No file matching ['setup.py', 'requirements.txt'] found in: /var/folders/cj/rh7njyk91lx4s79wxsflz3vw001y2r/T/tmpt60vxjce/sigma-dut
::warning title=Policy Violation: contributing-file-exists::No file matching ['{docs/,.github/,}CONTRIB*'] found in: /var/folders/cj/rh7njyk91lx4s79wxsflz3vw001y2r/T/tmpfcue0nql/Supplements-for-University-RB-Platforms
::warning title=Policy Violation: code-of-conduct-file-exists::No file matching ['{docs/,.github/,}CODEOFCONDUCT*', '{docs/,.github/,}CODE-OF-CONDUCT*', '{docs/,.github/,}CODE_OF_CONDUCT*'] found in: /var/folders/cj/rh7njyk91lx4s79wxsflz3vw001y2r/T/tmpfcue0nql/Supplements-for-University-RB-Platforms
::warning title=Policy Violation: changelog-file-exists::No file matching ['CHANGELOG*'] found in: /var/folders/cj/rh7njyk91lx4s79wxsflz3vw001y2r/T/tmpfcue0nql/Supplements-for-University-RB-Platforms
::warning title=Policy Violation: test-directory-exists::No directory matching ['**/test*', '**/specs', '**/*test*'] found under /var/folders/cj/rh7njyk91lx4s79wxsflz3vw001y2r/T/tmpfcue0nql/Supplements-for-University-RB-Platforms
::warning title=Policy Violation: changelog-file-exists::No file matching ['CHANGELOG*'] found in: /var/folders/cj/rh7njyk91lx4s79wxsflz3vw001y2r/T/tmp84ltfjt0/lockers
::warning title=Policy Violation: contributing-file-exists::No file matching ['{docs/,.github/,}CONTRIB*'] found in: /var/folders/cj/rh7njyk91lx4s79wxsflz3vw001y2r/T/tmpvw0kwty3/vdds
::warning title=Policy Violation: changelog-file-exists::No file matching ['CHANGELOG*'] found in: /var/folders/cj/rh7njyk91lx4s79wxsflz3vw001y2r/T/tmpvw0kwty3/vdds
::warning title=Policy Violation: github-issue-template-exists::No file matching ['ISSUE_TEMPLATE*', 'ISSUE_TEMPLATE/**', '.github/ISSUE_TEMPLATE*', '.github/ISSUE_TEMPLATE/**'] found in: /var/folders/cj/rh7njyk91lx4s79wxsflz3vw001y2r/T/tmpfcue0nql/Supplements-for-University-RB-Platforms
::warning title=Policy Violation: github-pull-request-template-exists::No file matching ['PULL_REQUEST_TEMPLATE*', 'PULL_REQUEST_TEMPLATE/**', '.github/PULL_REQUEST_TEMPLATE*', '.github/PULL_REQUEST_TEMPLATE/**'] found in: /var/folders/cj/rh7njyk91lx4s79wxsflz3vw001y2r/T/tmpfcue0nql/Supplements-for-University-RB-Platforms
  [ 52/313] qualcomm/sigma-dut: 1 discrepancies
WARNING reporter [FAIL] github-issue-template-exists: No file matching ['ISSUE_TEMPLATE*', 'ISSUE_TEMPLATE/**', '.github/ISSUE_TEMPLATE*', '.github/ISSUE_TEMPLATE/**'] found in: /var/folders/cj/rh7njyk91lx4s79wxsflz3vw001y2r/T/tmp84ltfjt0/lockers
WARNING reporter [FAIL] github-pull-request-template-exists: No file matching ['PULL_REQUEST_TEMPLATE*', 'PULL_REQUEST_TEMPLATE/**', '.github/PULL_REQUEST_TEMPLATE*', '.github/PULL_REQUEST_TEMPLATE/**'] found in: /var/folders/cj/rh7njyk91lx4s79wxsflz3vw001y2r/T/tmp84ltfjt0/lockers
::warning title=Policy Violation: github-issue-template-exists::No file matching ['ISSUE_TEMPLATE*', 'ISSUE_TEMPLATE/**', '.github/ISSUE_TEMPLATE*', '.github/ISSUE_TEMPLATE/**'] found in: /var/folders/cj/rh7njyk91lx4s79wxsflz3vw001y2r/T/tmp84ltfjt0/lockers
::warning title=Policy Violation: github-pull-request-template-exists::No file matching ['PULL_REQUEST_TEMPLATE*', 'PULL_REQUEST_TEMPLATE/**', '.github/PULL_REQUEST_TEMPLATE*', '.github/PULL_REQUEST_TEMPLATE/**'] found in: /var/folders/cj/rh7njyk91lx4s79wxsflz3vw001y2r/T/tmp84ltfjt0/lockers
  [ 53/313] quic/upstream-wifi-fw: 2 discrepancies
WARNING reporter [FAIL] github-issue-template-exists: No file matching ['ISSUE_TEMPLATE*', 'ISSUE_TEMPLATE/**', '.github/ISSUE_TEMPLATE*', '.github/ISSUE_TEMPLATE/**'] found in: /var/folders/cj/rh7njyk91lx4s79wxsflz3vw001y2r/T/tmpvw0kwty3/vdds
WARNING reporter [FAIL] github-pull-request-template-exists: No file matching ['PULL_REQUEST_TEMPLATE*', 'PULL_REQUEST_TEMPLATE/**', '.github/PULL_REQUEST_TEMPLATE*', '.github/PULL_REQUEST_TEMPLATE/**'] found in: /var/folders/cj/rh7njyk91lx4s79wxsflz3vw001y2r/T/tmpvw0kwty3/vdds
WARNING reporter [FAIL] contributing-file-exists: No file matching ['{docs/,.github/,}CONTRIB*'] found in: /var/folders/cj/rh7njyk91lx4s79wxsflz3vw001y2r/T/tmpngr1xwic/sshash
::warning title=Policy Violation: github-issue-template-exists::No file matching ['ISSUE_TEMPLATE*', 'ISSUE_TEMPLATE/**', '.github/ISSUE_TEMPLATE*', '.github/ISSUE_TEMPLATE/**'] found in: /var/folders/cj/rh7njyk91lx4s79wxsflz3vw001y2r/T/tmpvw0kwty3/vdds
::warning title=Policy Violation: github-pull-request-template-exists::No file matching ['PULL_REQUEST_TEMPLATE*', 'PULL_REQUEST_TEMPLATE/**', '.github/PULL_REQUEST_TEMPLATE*', '.github/PULL_REQUEST_TEMPLATE/**'] found in: /var/folders/cj/rh7njyk91lx4s79wxsflz3vw001y2r/T/tmpvw0kwty3/vdds
::warning title=Policy Violation: contributing-file-exists::No file matching ['{docs/,.github/,}CONTRIB*'] found in: /var/folders/cj/rh7njyk91lx4s79wxsflz3vw001y2r/T/tmpngr1xwic/sshash
  [ 54/313] quic/Supplements-for-University-RB-Platforms: 1 discrepancies
WARNING reporter [FAIL] changelog-file-exists: No file matching ['CHANGELOG*'] found in: /var/folders/cj/rh7njyk91lx4s79wxsflz3vw001y2r/T/tmpngr1xwic/sshash
WARNING reporter [FAIL] contributing-file-exists: No file matching ['{docs/,.github/,}CONTRIB*'] found in: /var/folders/cj/rh7njyk91lx4s79wxsflz3vw001y2r/T/tmpvb63idb9/iodme
WARNING reporter [FAIL] contributing-file-exists: No file matching ['{docs/,.github/,}CONTRIB*'] found in: /var/folders/cj/rh7njyk91lx4s79wxsflz3vw001y2r/T/tmpvwt9ftv7/bstruct-mininet
WARNING reporter [FAIL] changelog-file-exists: No file matching ['CHANGELOG*'] found in: /var/folders/cj/rh7njyk91lx4s79wxsflz3vw001y2r/T/tmpvb63idb9/iodme
::warning title=Policy Violation: changelog-file-exists::No file matching ['CHANGELOG*'] found in: /var/folders/cj/rh7njyk91lx4s79wxsflz3vw001y2r/T/tmpngr1xwic/sshash
::warning title=Policy Violation: contributing-file-exists::No file matching ['{docs/,.github/,}CONTRIB*'] found in: /var/folders/cj/rh7njyk91lx4s79wxsflz3vw001y2r/T/tmpvb63idb9/iodme
::warning title=Policy Violation: contributing-file-exists::No file matching ['{docs/,.github/,}CONTRIB*'] found in: /var/folders/cj/rh7njyk91lx4s79wxsflz3vw001y2r/T/tmpvwt9ftv7/bstruct-mininet
::warning title=Policy Violation: changelog-file-exists::No file matching ['CHANGELOG*'] found in: /var/folders/cj/rh7njyk91lx4s79wxsflz3vw001y2r/T/tmpvb63idb9/iodme
  [ 55/313] qualcomm/lockers: 0 discrepancies
  [ 56/313] qualcomm/vdds: 0 discrepancies
WARNING reporter [FAIL] github-issue-template-exists: No file matching ['ISSUE_TEMPLATE*', 'ISSUE_TEMPLATE/**', '.github/ISSUE_TEMPLATE*', '.github/ISSUE_TEMPLATE/**'] found in: /var/folders/cj/rh7njyk91lx4s79wxsflz3vw001y2r/T/tmpngr1xwic/sshash
WARNING reporter [FAIL] github-pull-request-template-exists: No file matching ['PULL_REQUEST_TEMPLATE*', 'PULL_REQUEST_TEMPLATE/**', '.github/PULL_REQUEST_TEMPLATE*', '.github/PULL_REQUEST_TEMPLATE/**'] found in: /var/folders/cj/rh7njyk91lx4s79wxsflz3vw001y2r/T/tmpngr1xwic/sshash
WARNING reporter [FAIL] github-issue-template-exists: No file matching ['ISSUE_TEMPLATE*', 'ISSUE_TEMPLATE/**', '.github/ISSUE_TEMPLATE*', '.github/ISSUE_TEMPLATE/**'] found in: /var/folders/cj/rh7njyk91lx4s79wxsflz3vw001y2r/T/tmpvb63idb9/iodme
WARNING reporter [FAIL] github-pull-request-template-exists: No file matching ['PULL_REQUEST_TEMPLATE*', 'PULL_REQUEST_TEMPLATE/**', '.github/PULL_REQUEST_TEMPLATE*', '.github/PULL_REQUEST_TEMPLATE/**'] found in: /var/folders/cj/rh7njyk91lx4s79wxsflz3vw001y2r/T/tmpvb63idb9/iodme
WARNING reporter [FAIL] contributing-file-exists: No file matching ['{docs/,.github/,}CONTRIB*'] found in: /var/folders/cj/rh7njyk91lx4s79wxsflz3vw001y2r/T/tmp79avfxni/tps-location-quick-start-native
WARNING reporter [FAIL] code-of-conduct-file-exists: No file matching ['{docs/,.github/,}CODEOFCONDUCT*', '{docs/,.github/,}CODE-OF-CONDUCT*', '{docs/,.github/,}CODE_OF_CONDUCT*'] found in: /var/folders/cj/rh7njyk91lx4s79wxsflz3vw001y2r/T/tmp79avfxni/tps-location-quick-start-native
WARNING reporter [FAIL] changelog-file-exists: No file matching ['CHANGELOG*'] found in: /var/folders/cj/rh7njyk91lx4s79wxsflz3vw001y2r/T/tmp79avfxni/tps-location-quick-start-native
WARNING reporter [FAIL] test-directory-exists: No directory matching ['**/test*', '**/specs', '**/*test*'] found under /var/folders/cj/rh7njyk91lx4s79wxsflz3vw001y2r/T/tmp79avfxni/tps-location-quick-start-native
::warning title=Policy Violation: github-issue-template-exists::No file matching ['ISSUE_TEMPLATE*', 'ISSUE_TEMPLATE/**', '.github/ISSUE_TEMPLATE*', '.github/ISSUE_TEMPLATE/**'] found in: /var/folders/cj/rh7njyk91lx4s79wxsflz3vw001y2r/T/tmpngr1xwic/sshash
::warning title=Policy Violation: github-pull-request-template-exists::No file matching ['PULL_REQUEST_TEMPLATE*', 'PULL_REQUEST_TEMPLATE/**', '.github/PULL_REQUEST_TEMPLATE*', '.github/PULL_REQUEST_TEMPLATE/**'] found in: /var/folders/cj/rh7njyk91lx4s79wxsflz3vw001y2r/T/tmpngr1xwic/sshash
::warning title=Policy Violation: github-issue-template-exists::No file matching ['ISSUE_TEMPLATE*', 'ISSUE_TEMPLATE/**', '.github/ISSUE_TEMPLATE*', '.github/ISSUE_TEMPLATE/**'] found in: /var/folders/cj/rh7njyk91lx4s79wxsflz3vw001y2r/T/tmpvb63idb9/iodme
::warning title=Policy Violation: github-pull-request-template-exists::No file matching ['PULL_REQUEST_TEMPLATE*', 'PULL_REQUEST_TEMPLATE/**', '.github/PULL_REQUEST_TEMPLATE*', '.github/PULL_REQUEST_TEMPLATE/**'] found in: /var/folders/cj/rh7njyk91lx4s79wxsflz3vw001y2r/T/tmpvb63idb9/iodme
::warning title=Policy Violation: contributing-file-exists::No file matching ['{docs/,.github/,}CONTRIB*'] found in: /var/folders/cj/rh7njyk91lx4s79wxsflz3vw001y2r/T/tmp79avfxni/tps-location-quick-start-native
::warning title=Policy Violation: code-of-conduct-file-exists::No file matching ['{docs/,.github/,}CODEOFCONDUCT*', '{docs/,.github/,}CODE-OF-CONDUCT*', '{docs/,.github/,}CODE_OF_CONDUCT*'] found in: /var/folders/cj/rh7njyk91lx4s79wxsflz3vw001y2r/T/tmp79avfxni/tps-location-quick-start-native
::warning title=Policy Violation: changelog-file-exists::No file matching ['CHANGELOG*'] found in: /var/folders/cj/rh7njyk91lx4s79wxsflz3vw001y2r/T/tmp79avfxni/tps-location-quick-start-native
::warning title=Policy Violation: test-directory-exists::No directory matching ['**/test*', '**/specs', '**/*test*'] found under /var/folders/cj/rh7njyk91lx4s79wxsflz3vw001y2r/T/tmp79avfxni/tps-location-quick-start-native
  [ 57/313] qualcomm/sshash: 0 discrepancies
WARNING reporter [FAIL] contributing-file-exists: No file matching ['{docs/,.github/,}CONTRIB*'] found in: /var/folders/cj/rh7njyk91lx4s79wxsflz3vw001y2r/T/tmpazwy6uzf/AFLTriage
::warning title=Policy Violation: contributing-file-exists::No file matching ['{docs/,.github/,}CONTRIB*'] found in: /var/folders/cj/rh7njyk91lx4s79wxsflz3vw001y2r/T/tmpazwy6uzf/AFLTriage
  [ 58/313] qualcomm/iodme: 0 discrepancies
WARNING reporter [FAIL] changelog-file-exists: No file matching ['CHANGELOG*'] found in: /var/folders/cj/rh7njyk91lx4s79wxsflz3vw001y2r/T/tmpazwy6uzf/AFLTriage
WARNING reporter [FAIL] github-issue-template-exists: No file matching ['ISSUE_TEMPLATE*', 'ISSUE_TEMPLATE/**', '.github/ISSUE_TEMPLATE*', '.github/ISSUE_TEMPLATE/**'] found in: /var/folders/cj/rh7njyk91lx4s79wxsflz3vw001y2r/T/tmp79avfxni/tps-location-quick-start-native
WARNING reporter [FAIL] github-pull-request-template-exists: No file matching ['PULL_REQUEST_TEMPLATE*', 'PULL_REQUEST_TEMPLATE/**', '.github/PULL_REQUEST_TEMPLATE*', '.github/PULL_REQUEST_TEMPLATE/**'] found in: /var/folders/cj/rh7njyk91lx4s79wxsflz3vw001y2r/T/tmp79avfxni/tps-location-quick-start-native
WARNING reporter [FAIL] code-of-conduct-file-exists: No file matching ['{docs/,.github/,}CODEOFCONDUCT*', '{docs/,.github/,}CODE-OF-CONDUCT*', '{docs/,.github/,}CODE_OF_CONDUCT*'] found in: /var/folders/cj/rh7njyk91lx4s79wxsflz3vw001y2r/T/tmpguakmkc0/aimet-pages
WARNING reporter [FAIL] contributing-file-exists: No file matching ['{docs/,.github/,}CONTRIB*'] found in: /var/folders/cj/rh7njyk91lx4s79wxsflz3vw001y2r/T/tmp638u3anw/toolchain_for_hexagon
WARNING reporter [FAIL] changelog-file-exists: No file matching ['CHANGELOG*'] found in: /var/folders/cj/rh7njyk91lx4s79wxsflz3vw001y2r/T/tmp9jsqwqz4/aimet
WARNING reporter [FAIL] contributing-file-exists: No file matching ['{docs/,.github/,}CONTRIB*'] found in: /var/folders/cj/rh7njyk91lx4s79wxsflz3vw001y2r/T/tmpedbqt1jk/tps-location-sdk-android
WARNING reporter [FAIL] contributing-file-exists: No file matching ['{docs/,.github/,}CONTRIB*'] found in: /var/folders/cj/rh7njyk91lx4s79wxsflz3vw001y2r/T/tmppt5kfj5s/tps-location-quick-start-android
WARNING reporter [FAIL] code-of-conduct-file-exists: No file matching ['{docs/,.github/,}CODEOFCONDUCT*', '{docs/,.github/,}CODE-OF-CONDUCT*', '{docs/,.github/,}CODE_OF_CONDUCT*'] found in: /var/folders/cj/rh7njyk91lx4s79wxsflz3vw001y2r/T/tmp638u3anw/toolchain_for_hexagon
WARNING reporter [FAIL] changelog-file-exists: No file matching ['CHANGELOG*'] found in: /var/folders/cj/rh7njyk91lx4s79wxsflz3vw001y2r/T/tmp638u3anw/toolchain_for_hexagon
::warning title=Policy Violation: changelog-file-exists::No file matching ['CHANGELOG*'] found in: /var/folders/cj/rh7njyk91lx4s79wxsflz3vw001y2r/T/tmpazwy6uzf/AFLTriage
::warning title=Policy Violation: github-issue-template-exists::No file matching ['ISSUE_TEMPLATE*', 'ISSUE_TEMPLATE/**', '.github/ISSUE_TEMPLATE*', '.github/ISSUE_TEMPLATE/**'] found in: /var/folders/cj/rh7njyk91lx4s79wxsflz3vw001y2r/T/tmp79avfxni/tps-location-quick-start-native
::warning title=Policy Violation: github-pull-request-template-exists::No file matching ['PULL_REQUEST_TEMPLATE*', 'PULL_REQUEST_TEMPLATE/**', '.github/PULL_REQUEST_TEMPLATE*', '.github/PULL_REQUEST_TEMPLATE/**'] found in: /var/folders/cj/rh7njyk91lx4s79wxsflz3vw001y2r/T/tmp79avfxni/tps-location-quick-start-native
::warning title=Policy Violation: code-of-conduct-file-exists::No file matching ['{docs/,.github/,}CODEOFCONDUCT*', '{docs/,.github/,}CODE-OF-CONDUCT*', '{docs/,.github/,}CODE_OF_CONDUCT*'] found in: /var/folders/cj/rh7njyk91lx4s79wxsflz3vw001y2r/T/tmpguakmkc0/aimet-pages
::warning title=Policy Violation: contributing-file-exists::No file matching ['{docs/,.github/,}CONTRIB*'] found in: /var/folders/cj/rh7njyk91lx4s79wxsflz3vw001y2r/T/tmp638u3anw/toolchain_for_hexagon
::warning title=Policy Violation: changelog-file-exists::No file matching ['CHANGELOG*'] found in: /var/folders/cj/rh7njyk91lx4s79wxsflz3vw001y2r/T/tmp9jsqwqz4/aimet
::warning title=Policy Violation: contributing-file-exists::No file matching ['{docs/,.github/,}CONTRIB*'] found in: /var/folders/cj/rh7njyk91lx4s79wxsflz3vw001y2r/T/tmpedbqt1jk/tps-location-sdk-android
::warning title=Policy Violation: contributing-file-exists::No file matching ['{docs/,.github/,}CONTRIB*'] found in: /var/folders/cj/rh7njyk91lx4s79wxsflz3vw001y2r/T/tmppt5kfj5s/tps-location-quick-start-android
::warning title=Policy Violation: code-of-conduct-file-exists::No file matching ['{docs/,.github/,}CODEOFCONDUCT*', '{docs/,.github/,}CODE-OF-CONDUCT*', '{docs/,.github/,}CODE_OF_CONDUCT*'] found in: /var/folders/cj/rh7njyk91lx4s79wxsflz3vw001y2r/T/tmp638u3anw/toolchain_for_hexagon
::warning title=Policy Violation: changelog-file-exists::No file matching ['CHANGELOG*'] found in: /var/folders/cj/rh7njyk91lx4s79wxsflz3vw001y2r/T/tmp638u3anw/toolchain_for_hexagon
  [ 59/313] qualcomm/tps-location-quick-start-native: 0 discrepancies
WARNING reporter [FAIL] code-of-conduct-file-exists: No file matching ['{docs/,.github/,}CODEOFCONDUCT*', '{docs/,.github/,}CODE-OF-CONDUCT*', '{docs/,.github/,}CODE_OF_CONDUCT*'] found in: /var/folders/cj/rh7njyk91lx4s79wxsflz3vw001y2r/T/tmpedbqt1jk/tps-location-sdk-android
WARNING reporter [FAIL] code-of-conduct-file-exists: No file matching ['{docs/,.github/,}CODEOFCONDUCT*', '{docs/,.github/,}CODE-OF-CONDUCT*', '{docs/,.github/,}CODE_OF_CONDUCT*'] found in: /var/folders/cj/rh7njyk91lx4s79wxsflz3vw001y2r/T/tmppt5kfj5s/tps-location-quick-start-android
WARNING reporter [FAIL] changelog-file-exists: No file matching ['CHANGELOG*'] found in: /var/folders/cj/rh7njyk91lx4s79wxsflz3vw001y2r/T/tmpedbqt1jk/tps-location-sdk-android
WARNING reporter [FAIL] changelog-file-exists: No file matching ['CHANGELOG*'] found in: /var/folders/cj/rh7njyk91lx4s79wxsflz3vw001y2r/T/tmppt5kfj5s/tps-location-quick-start-android
WARNING reporter [FAIL] test-directory-exists: No directory matching ['**/test*', '**/specs', '**/*test*'] found under /var/folders/cj/rh7njyk91lx4s79wxsflz3vw001y2r/T/tmppt5kfj5s/tps-location-quick-start-android
WARNING reporter [FAIL] github-issue-template-exists: No file matching ['ISSUE_TEMPLATE*', 'ISSUE_TEMPLATE/**', '.github/ISSUE_TEMPLATE*', '.github/ISSUE_TEMPLATE/**'] found in: /var/folders/cj/rh7njyk91lx4s79wxsflz3vw001y2r/T/tmppt5kfj5s/tps-location-quick-start-android
WARNING reporter [FAIL] github-pull-request-template-exists: No file matching ['PULL_REQUEST_TEMPLATE*', 'PULL_REQUEST_TEMPLATE/**', '.github/PULL_REQUEST_TEMPLATE*', '.github/PULL_REQUEST_TEMPLATE/**'] found in: /var/folders/cj/rh7njyk91lx4s79wxsflz3vw001y2r/T/tmppt5kfj5s/tps-location-quick-start-android
WARNING reporter [FAIL] contributing-file-exists: No file matching ['{docs/,.github/,}CONTRIB*'] found in: /var/folders/cj/rh7njyk91lx4s79wxsflz3vw001y2r/T/tmp0rh78k01/tps-location-sdk-native
::warning title=Policy Violation: code-of-conduct-file-exists::No file matching ['{docs/,.github/,}CODEOFCONDUCT*', '{docs/,.github/,}CODE-OF-CONDUCT*', '{docs/,.github/,}CODE_OF_CONDUCT*'] found in: /var/folders/cj/rh7njyk91lx4s79wxsflz3vw001y2r/T/tmpedbqt1jk/tps-location-sdk-android
::warning title=Policy Violation: code-of-conduct-file-exists::No file matching ['{docs/,.github/,}CODEOFCONDUCT*', '{docs/,.github/,}CODE-OF-CONDUCT*', '{docs/,.github/,}CODE_OF_CONDUCT*'] found in: /var/folders/cj/rh7njyk91lx4s79wxsflz3vw001y2r/T/tmppt5kfj5s/tps-location-quick-start-android
::warning title=Policy Violation: changelog-file-exists::No file matching ['CHANGELOG*'] found in: /var/folders/cj/rh7njyk91lx4s79wxsflz3vw001y2r/T/tmpedbqt1jk/tps-location-sdk-android
::warning title=Policy Violation: changelog-file-exists::No file matching ['CHANGELOG*'] found in: /var/folders/cj/rh7njyk91lx4s79wxsflz3vw001y2r/T/tmppt5kfj5s/tps-location-quick-start-android
::warning title=Policy Violation: test-directory-exists::No directory matching ['**/test*', '**/specs', '**/*test*'] found under /var/folders/cj/rh7njyk91lx4s79wxsflz3vw001y2r/T/tmppt5kfj5s/tps-location-quick-start-android
::warning title=Policy Violation: github-issue-template-exists::No file matching ['ISSUE_TEMPLATE*', 'ISSUE_TEMPLATE/**', '.github/ISSUE_TEMPLATE*', '.github/ISSUE_TEMPLATE/**'] found in: /var/folders/cj/rh7njyk91lx4s79wxsflz3vw001y2r/T/tmppt5kfj5s/tps-location-quick-start-android
::warning title=Policy Violation: github-pull-request-template-exists::No file matching ['PULL_REQUEST_TEMPLATE*', 'PULL_REQUEST_TEMPLATE/**', '.github/PULL_REQUEST_TEMPLATE*', '.github/PULL_REQUEST_TEMPLATE/**'] found in: /var/folders/cj/rh7njyk91lx4s79wxsflz3vw001y2r/T/tmppt5kfj5s/tps-location-quick-start-android
::warning title=Policy Violation: contributing-file-exists::No file matching ['{docs/,.github/,}CONTRIB*'] found in: /var/folders/cj/rh7njyk91lx4s79wxsflz3vw001y2r/T/tmp0rh78k01/tps-location-sdk-native
  [ 60/313] qualcomm/AFLTriage: 0 discrepancies
WARNING reporter [FAIL] code-of-conduct-file-exists: No file matching ['{docs/,.github/,}CODEOFCONDUCT*', '{docs/,.github/,}CODE-OF-CONDUCT*', '{docs/,.github/,}CODE_OF_CONDUCT*'] found in: /var/folders/cj/rh7njyk91lx4s79wxsflz3vw001y2r/T/tmp0rh78k01/tps-location-sdk-native
WARNING reporter [FAIL] changelog-file-exists: No file matching ['CHANGELOG*'] found in: /var/folders/cj/rh7njyk91lx4s79wxsflz3vw001y2r/T/tmp0rh78k01/tps-location-sdk-native
WARNING reporter [FAIL] test-directory-exists: No directory matching ['**/test*', '**/specs', '**/*test*'] found under /var/folders/cj/rh7njyk91lx4s79wxsflz3vw001y2r/T/tmpedbqt1jk/tps-location-sdk-android
WARNING reporter [FAIL] github-issue-template-exists: No file matching ['ISSUE_TEMPLATE*', 'ISSUE_TEMPLATE/**', '.github/ISSUE_TEMPLATE*', '.github/ISSUE_TEMPLATE/**'] found in: /var/folders/cj/rh7njyk91lx4s79wxsflz3vw001y2r/T/tmp638u3anw/toolchain_for_hexagon
WARNING reporter [FAIL] github-pull-request-template-exists: No file matching ['PULL_REQUEST_TEMPLATE*', 'PULL_REQUEST_TEMPLATE/**', '.github/PULL_REQUEST_TEMPLATE*', '.github/PULL_REQUEST_TEMPLATE/**'] found in: /var/folders/cj/rh7njyk91lx4s79wxsflz3vw001y2r/T/tmp638u3anw/toolchain_for_hexagon
WARNING reporter [FAIL] python-package-metadata-exists: No file matching ['setup.py', 'requirements.txt'] found in: /var/folders/cj/rh7njyk91lx4s79wxsflz3vw001y2r/T/tmp638u3anw/toolchain_for_hexagon
WARNING reporter [FAIL] source-license-headers-exist: Pattern 'SPDX-License-Identifier|Redistribution and use in source and binary forms, with or without' not found in javadoc/jquery/external/jquery/jquery.js
::warning title=Policy Violation: code-of-conduct-file-exists::No file matching ['{docs/,.github/,}CODEOFCONDUCT*', '{docs/,.github/,}CODE-OF-CONDUCT*', '{docs/,.github/,}CODE_OF_CONDUCT*'] found in: /var/folders/cj/rh7njyk91lx4s79wxsflz3vw001y2r/T/tmp0rh78k01/tps-location-sdk-native
::warning title=Policy Violation: changelog-file-exists::No file matching ['CHANGELOG*'] found in: /var/folders/cj/rh7njyk91lx4s79wxsflz3vw001y2r/T/tmp0rh78k01/tps-location-sdk-native
::warning title=Policy Violation: test-directory-exists::No directory matching ['**/test*', '**/specs', '**/*test*'] found under /var/folders/cj/rh7njyk91lx4s79wxsflz3vw001y2r/T/tmpedbqt1jk/tps-location-sdk-android
::warning title=Policy Violation: github-issue-template-exists::No file matching ['ISSUE_TEMPLATE*', 'ISSUE_TEMPLATE/**', '.github/ISSUE_TEMPLATE*', '.github/ISSUE_TEMPLATE/**'] found in: /var/folders/cj/rh7njyk91lx4s79wxsflz3vw001y2r/T/tmp638u3anw/toolchain_for_hexagon
::warning title=Policy Violation: github-pull-request-template-exists::No file matching ['PULL_REQUEST_TEMPLATE*', 'PULL_REQUEST_TEMPLATE/**', '.github/PULL_REQUEST_TEMPLATE*', '.github/PULL_REQUEST_TEMPLATE/**'] found in: /var/folders/cj/rh7njyk91lx4s79wxsflz3vw001y2r/T/tmp638u3anw/toolchain_for_hexagon
::warning title=Policy Violation: python-package-metadata-exists::No file matching ['setup.py', 'requirements.txt'] found in: /var/folders/cj/rh7njyk91lx4s79wxsflz3vw001y2r/T/tmp638u3anw/toolchain_for_hexagon
::error title=Policy Violation: source-license-headers-exist,file=javadoc/jquery/external/jquery/jquery.js::Pattern 'SPDX-License-Identifier|Redistribution and use in source and binary forms, with or without' not found in javadoc/jquery/external/jquery/jquery.js
  [ 61/313] qualcomm/tps-location-quick-start-android: 0 discrepancies
WARNING reporter [FAIL] source-qualcomm-license-headers-exist: Pattern '(Copyright|©).*Qualcomm Innovation Center, Inc|Qualcomm Technologies, Inc|Copyright (\\(c\\)|©) (20(1[2-9]|2[0-2])(-|,|\\s)*)+ The Linux Foundation' not found in javadoc/jquery/external/jquery/jquery.js
WARNING reporter [FAIL] github-issue-template-exists: No file matching ['ISSUE_TEMPLATE*', 'ISSUE_TEMPLATE/**', '.github/ISSUE_TEMPLATE*', '.github/ISSUE_TEMPLATE/**'] found in: /var/folders/cj/rh7njyk91lx4s79wxsflz3vw001y2r/T/tmpedbqt1jk/tps-location-sdk-android
WARNING reporter [FAIL] github-pull-request-template-exists: No file matching ['PULL_REQUEST_TEMPLATE*', 'PULL_REQUEST_TEMPLATE/**', '.github/PULL_REQUEST_TEMPLATE*', '.github/PULL_REQUEST_TEMPLATE/**'] found in: /var/folders/cj/rh7njyk91lx4s79wxsflz3vw001y2r/T/tmpedbqt1jk/tps-location-sdk-android
WARNING reporter [FAIL] javascript-package-metadata-exists: No file matching ['package.json'] found in: /var/folders/cj/rh7njyk91lx4s79wxsflz3vw001y2r/T/tmpedbqt1jk/tps-location-sdk-android
WARNING reporter [FAIL] changelog-file-exists: No file matching ['CHANGELOG*'] found in: /var/folders/cj/rh7njyk91lx4s79wxsflz3vw001y2r/T/tmpguakmkc0/aimet-pages
::warning title=Policy Violation: source-qualcomm-license-headers-exist,file=javadoc/jquery/external/jquery/jquery.js::Pattern '(Copyright|©).*Qualcomm Innovation Center, Inc|Qualcomm Technologies, Inc|Copyright (\\(c\\)|©) (20(1[2-9]|2[0-2])(-|,|\\s)*)+ The Linux Foundation' not found in javadoc/jquery/external/jquery/jquery.js
::warning title=Policy Violation: github-issue-template-exists::No file matching ['ISSUE_TEMPLATE*', 'ISSUE_TEMPLATE/**', '.github/ISSUE_TEMPLATE*', '.github/ISSUE_TEMPLATE/**'] found in: /var/folders/cj/rh7njyk91lx4s79wxsflz3vw001y2r/T/tmpedbqt1jk/tps-location-sdk-android
::warning title=Policy Violation: github-pull-request-template-exists::No file matching ['PULL_REQUEST_TEMPLATE*', 'PULL_REQUEST_TEMPLATE/**', '.github/PULL_REQUEST_TEMPLATE*', '.github/PULL_REQUEST_TEMPLATE/**'] found in: /var/folders/cj/rh7njyk91lx4s79wxsflz3vw001y2r/T/tmpedbqt1jk/tps-location-sdk-android
::warning title=Policy Violation: javascript-package-metadata-exists::No file matching ['package.json'] found in: /var/folders/cj/rh7njyk91lx4s79wxsflz3vw001y2r/T/tmpedbqt1jk/tps-location-sdk-android
::warning title=Policy Violation: changelog-file-exists::No file matching ['CHANGELOG*'] found in: /var/folders/cj/rh7njyk91lx4s79wxsflz3vw001y2r/T/tmpguakmkc0/aimet-pages
  [ 62/313] qualcomm/toolchain_for_hexagon: 0 discrepancies
  [ 63/313] qualcomm/tps-location-sdk-android: 0 discrepancies
WARNING reporter [FAIL] test-directory-exists: No directory matching ['**/test*', '**/specs', '**/*test*'] found under /var/folders/cj/rh7njyk91lx4s79wxsflz3vw001y2r/T/tmp0rh78k01/tps-location-sdk-native
WARNING reporter [FAIL] source-license-headers-exist: Pattern 'Copyright(\\s)*(\\(c\\)|©)?' not found in doxygen/html/annotated_dup.js
WARNING reporter [FAIL] source-qualcomm-license-headers-exist: Pattern '(Copyright|©).*Qualcomm Innovation Center, Inc|Qualcomm Technologies, Inc|Copyright (\\(c\\)|©) (20(1[2-9]|2[0-2])(-|,|\\s)*)+ The Linux Foundation' not found in doxygen/html/annotated_dup.js
WARNING reporter [FAIL] github-issue-template-exists: No file matching ['ISSUE_TEMPLATE*', 'ISSUE_TEMPLATE/**', '.github/ISSUE_TEMPLATE*', '.github/ISSUE_TEMPLATE/**'] found in: /var/folders/cj/rh7njyk91lx4s79wxsflz3vw001y2r/T/tmp0rh78k01/tps-location-sdk-native
WARNING reporter [FAIL] github-pull-request-template-exists: No file matching ['PULL_REQUEST_TEMPLATE*', 'PULL_REQUEST_TEMPLATE/**', '.github/PULL_REQUEST_TEMPLATE*', '.github/PULL_REQUEST_TEMPLATE/**'] found in: /var/folders/cj/rh7njyk91lx4s79wxsflz3vw001y2r/T/tmp0rh78k01/tps-location-sdk-native
WARNING reporter [FAIL] javascript-package-metadata-exists: No file matching ['package.json'] found in: /var/folders/cj/rh7njyk91lx4s79wxsflz3vw001y2r/T/tmp0rh78k01/tps-location-sdk-native
::warning title=Policy Violation: test-directory-exists::No directory matching ['**/test*', '**/specs', '**/*test*'] found under /var/folders/cj/rh7njyk91lx4s79wxsflz3vw001y2r/T/tmp0rh78k01/tps-location-sdk-native
::error title=Policy Violation: source-license-headers-exist,file=doxygen/html/annotated_dup.js::Pattern 'Copyright(\\s)*(\\(c\\)|©)?' not found in doxygen/html/annotated_dup.js
::warning title=Policy Violation: source-qualcomm-license-headers-exist,file=doxygen/html/annotated_dup.js::Pattern '(Copyright|©).*Qualcomm Innovation Center, Inc|Qualcomm Technologies, Inc|Copyright (\\(c\\)|©) (20(1[2-9]|2[0-2])(-|,|\\s)*)+ The Linux Foundation' not found in doxygen/html/annotated_dup.js
::warning title=Policy Violation: github-issue-template-exists::No file matching ['ISSUE_TEMPLATE*', 'ISSUE_TEMPLATE/**', '.github/ISSUE_TEMPLATE*', '.github/ISSUE_TEMPLATE/**'] found in: /var/folders/cj/rh7njyk91lx4s79wxsflz3vw001y2r/T/tmp0rh78k01/tps-location-sdk-native
::warning title=Policy Violation: github-pull-request-template-exists::No file matching ['PULL_REQUEST_TEMPLATE*', 'PULL_REQUEST_TEMPLATE/**', '.github/PULL_REQUEST_TEMPLATE*', '.github/PULL_REQUEST_TEMPLATE/**'] found in: /var/folders/cj/rh7njyk91lx4s79wxsflz3vw001y2r/T/tmp0rh78k01/tps-location-sdk-native
::warning title=Policy Violation: javascript-package-metadata-exists::No file matching ['package.json'] found in: /var/folders/cj/rh7njyk91lx4s79wxsflz3vw001y2r/T/tmp0rh78k01/tps-location-sdk-native
  [ 64/313] qualcomm/tps-location-sdk-native: 0 discrepancies
WARNING reporter [FAIL] changelog-file-exists: No file matching ['CHANGELOG*'] found in: /var/folders/cj/rh7njyk91lx4s79wxsflz3vw001y2r/T/tmp16er3qvm/qbox
WARNING reporter [FAIL] binaries-not-present: Binary file found (MIME: application/x-executable): platforms/cortex-m55-remote/fw/cortex-m55/cortex-m55.elf
WARNING reporter [FAIL] source-license-headers-exist: Pattern 'Copyright(\\s)*(\\(c\\)|©)?' not found in tests/qbox/cpu/aarch64/dmi-test-async-inval.S
WARNING reporter [FAIL] code-of-conduct-file-exists: No file matching ['{docs/,.github/,}CODEOFCONDUCT*', '{docs/,.github/,}CODE-OF-CONDUCT*', '{docs/,.github/,}CODE_OF_CONDUCT*'] found in: /var/folders/cj/rh7njyk91lx4s79wxsflz3vw001y2r/T/tmpvwt9ftv7/bstruct-mininet
WARNING reporter [FAIL] github-issue-template-exists: No file matching ['ISSUE_TEMPLATE*', 'ISSUE_TEMPLATE/**', '.github/ISSUE_TEMPLATE*', '.github/ISSUE_TEMPLATE/**'] found in: /var/folders/cj/rh7njyk91lx4s79wxsflz3vw001y2r/T/tmp9jsqwqz4/aimet
WARNING reporter [FAIL] github-pull-request-template-exists: No file matching ['PULL_REQUEST_TEMPLATE*', 'PULL_REQUEST_TEMPLATE/**', '.github/PULL_REQUEST_TEMPLATE*', '.github/PULL_REQUEST_TEMPLATE/**'] found in: /var/folders/cj/rh7njyk91lx4s79wxsflz3vw001y2r/T/tmp9jsqwqz4/aimet
WARNING reporter [FAIL] javascript-package-metadata-exists: No file matching ['package.json'] found in: /var/folders/cj/rh7njyk91lx4s79wxsflz3vw001y2r/T/tmp9jsqwqz4/aimet
WARNING reporter [FAIL] python-package-metadata-exists: No file matching ['setup.py', 'requirements.txt'] found in: /var/folders/cj/rh7njyk91lx4s79wxsflz3vw001y2r/T/tmp9jsqwqz4/aimet
WARNING reporter [FAIL] changelog-file-exists: No file matching ['CHANGELOG*'] found in: /var/folders/cj/rh7njyk91lx4s79wxsflz3vw001y2r/T/tmpvwt9ftv7/bstruct-mininet
WARNING reporter [FAIL] readme-references-license: Pattern 'license|notice' not found in README.md
WARNING reporter [FAIL] changelog-file-exists: No file matching ['CHANGELOG*'] found in: /var/folders/cj/rh7njyk91lx4s79wxsflz3vw001y2r/T/tmphz3wtah0/qai-appbuilder
WARNING reporter [FAIL] source-qualcomm-license-headers-exist: Pattern '(Copyright|©).*Qualcomm Innovation Center, Inc|Qualcomm Technologies, Inc|Copyright (\\(c\\)|©) (20(1[2-9]|2[0-2])(-|,|\\s)*)+ The Linux Foundation' not found in tests/qbox/cpu/aarch64/dmi-test-async-inval.S
WARNING reporter [FAIL] github-issue-template-exists: No file matching ['ISSUE_TEMPLATE*', 'ISSUE_TEMPLATE/**', '.github/ISSUE_TEMPLATE*', '.github/ISSUE_TEMPLATE/**'] found in: /var/folders/cj/rh7njyk91lx4s79wxsflz3vw001y2r/T/tmp16er3qvm/qbox
WARNING reporter [FAIL] github-pull-request-template-exists: No file matching ['PULL_REQUEST_TEMPLATE*', 'PULL_REQUEST_TEMPLATE/**', '.github/PULL_REQUEST_TEMPLATE*', '.github/PULL_REQUEST_TEMPLATE/**'] found in: /var/folders/cj/rh7njyk91lx4s79wxsflz3vw001y2r/T/tmp16er3qvm/qbox
WARNING reporter [FAIL] python-package-metadata-exists: No file matching ['setup.py', 'requirements.txt'] found in: /var/folders/cj/rh7njyk91lx4s79wxsflz3vw001y2r/T/tmp16er3qvm/qbox
WARNING reporter [FAIL] contributing-file-exists: No file matching ['{docs/,.github/,}CONTRIB*'] found in: /var/folders/cj/rh7njyk91lx4s79wxsflz3vw001y2r/T/tmpcwbpxxwu/qidk
WARNING reporter [FAIL] changelog-file-exists: No file matching ['CHANGELOG*'] found in: /var/folders/cj/rh7njyk91lx4s79wxsflz3vw001y2r/T/tmpeepujmvw/ai-hub-models
::warning title=Policy Violation: changelog-file-exists::No file matching ['CHANGELOG*'] found in: /var/folders/cj/rh7njyk91lx4s79wxsflz3vw001y2r/T/tmp16er3qvm/qbox
::warning title=Policy Violation: binaries-not-present,file=platforms/cortex-m55-remote/fw/cortex-m55/cortex-m55.elf::Binary file found (MIME: application/x-executable): platforms/cortex-m55-remote/fw/cortex-m55/cortex-m55.elf
::error title=Policy Violation: source-license-headers-exist,file=tests/qbox/cpu/aarch64/dmi-test-async-inval.S::Pattern 'Copyright(\\s)*(\\(c\\)|©)?' not found in tests/qbox/cpu/aarch64/dmi-test-async-inval.S
::warning title=Policy Violation: code-of-conduct-file-exists::No file matching ['{docs/,.github/,}CODEOFCONDUCT*', '{docs/,.github/,}CODE-OF-CONDUCT*', '{docs/,.github/,}CODE_OF_CONDUCT*'] found in: /var/folders/cj/rh7njyk91lx4s79wxsflz3vw001y2r/T/tmpvwt9ftv7/bstruct-mininet
::warning title=Policy Violation: github-issue-template-exists::No file matching ['ISSUE_TEMPLATE*', 'ISSUE_TEMPLATE/**', '.github/ISSUE_TEMPLATE*', '.github/ISSUE_TEMPLATE/**'] found in: /var/folders/cj/rh7njyk91lx4s79wxsflz3vw001y2r/T/tmp9jsqwqz4/aimet
::warning title=Policy Violation: github-pull-request-template-exists::No file matching ['PULL_REQUEST_TEMPLATE*', 'PULL_REQUEST_TEMPLATE/**', '.github/PULL_REQUEST_TEMPLATE*', '.github/PULL_REQUEST_TEMPLATE/**'] found in: /var/folders/cj/rh7njyk91lx4s79wxsflz3vw001y2r/T/tmp9jsqwqz4/aimet
::warning title=Policy Violation: javascript-package-metadata-exists::No file matching ['package.json'] found in: /var/folders/cj/rh7njyk91lx4s79wxsflz3vw001y2r/T/tmp9jsqwqz4/aimet
::warning title=Policy Violation: python-package-metadata-exists::No file matching ['setup.py', 'requirements.txt'] found in: /var/folders/cj/rh7njyk91lx4s79wxsflz3vw001y2r/T/tmp9jsqwqz4/aimet
::warning title=Policy Violation: changelog-file-exists::No file matching ['CHANGELOG*'] found in: /var/folders/cj/rh7njyk91lx4s79wxsflz3vw001y2r/T/tmpvwt9ftv7/bstruct-mininet
::error title=Policy Violation: readme-references-license,file=README.md::Pattern 'license|notice' not found in README.md
::warning title=Policy Violation: changelog-file-exists::No file matching ['CHANGELOG*'] found in: /var/folders/cj/rh7njyk91lx4s79wxsflz3vw001y2r/T/tmphz3wtah0/qai-appbuilder
::warning title=Policy Violation: source-qualcomm-license-headers-exist,file=tests/qbox/cpu/aarch64/dmi-test-async-inval.S::Pattern '(Copyright|©).*Qualcomm Innovation Center, Inc|Qualcomm Technologies, Inc|Copyright (\\(c\\)|©) (20(1[2-9]|2[0-2])(-|,|\\s)*)+ The Linux Foundation' not found in tests/qbox/cpu/aarch64/dmi-test-async-inval.S
::warning title=Policy Violation: github-issue-template-exists::No file matching ['ISSUE_TEMPLATE*', 'ISSUE_TEMPLATE/**', '.github/ISSUE_TEMPLATE*', '.github/ISSUE_TEMPLATE/**'] found in: /var/folders/cj/rh7njyk91lx4s79wxsflz3vw001y2r/T/tmp16er3qvm/qbox
::warning title=Policy Violation: github-pull-request-template-exists::No file matching ['PULL_REQUEST_TEMPLATE*', 'PULL_REQUEST_TEMPLATE/**', '.github/PULL_REQUEST_TEMPLATE*', '.github/PULL_REQUEST_TEMPLATE/**'] found in: /var/folders/cj/rh7njyk91lx4s79wxsflz3vw001y2r/T/tmp16er3qvm/qbox
::warning title=Policy Violation: python-package-metadata-exists::No file matching ['setup.py', 'requirements.txt'] found in: /var/folders/cj/rh7njyk91lx4s79wxsflz3vw001y2r/T/tmp16er3qvm/qbox
::warning title=Policy Violation: contributing-file-exists::No file matching ['{docs/,.github/,}CONTRIB*'] found in: /var/folders/cj/rh7njyk91lx4s79wxsflz3vw001y2r/T/tmpcwbpxxwu/qidk
::warning title=Policy Violation: changelog-file-exists::No file matching ['CHANGELOG*'] found in: /var/folders/cj/rh7njyk91lx4s79wxsflz3vw001y2r/T/tmpeepujmvw/ai-hub-models
  [ 65/313] qualcomm/aimet: 0 discrepancies
  [ 66/313] qualcomm/qbox: 1 discrepancies
WARNING reporter [FAIL] code-of-conduct-file-exists: No file matching ['{docs/,.github/,}CODEOFCONDUCT*', '{docs/,.github/,}CODE-OF-CONDUCT*', '{docs/,.github/,}CODE_OF_CONDUCT*'] found in: /var/folders/cj/rh7njyk91lx4s79wxsflz3vw001y2r/T/tmpcwbpxxwu/qidk
WARNING reporter [FAIL] changelog-file-exists: No file matching ['CHANGELOG*'] found in: /var/folders/cj/rh7njyk91lx4s79wxsflz3vw001y2r/T/tmpcwbpxxwu/qidk
WARNING reporter [FAIL] changelog-file-exists: No file matching ['CHANGELOG*'] found in: /var/folders/cj/rh7njyk91lx4s79wxsflz3vw001y2r/T/tmp3jnbgya_/fastrpc
WARNING reporter [FAIL] binaries-not-present: Binary file found (MIME: application/x-sharedlib): test/linux/libmultithreading.so
WARNING reporter [FAIL] github-pull-request-template-exists: No file matching ['PULL_REQUEST_TEMPLATE*', 'PULL_REQUEST_TEMPLATE/**', '.github/PULL_REQUEST_TEMPLATE*', '.github/PULL_REQUEST_TEMPLATE/**'] found in: /var/folders/cj/rh7njyk91lx4s79wxsflz3vw001y2r/T/tmp3jnbgya_/fastrpc
::warning title=Policy Violation: code-of-conduct-file-exists::No file matching ['{docs/,.github/,}CODEOFCONDUCT*', '{docs/,.github/,}CODE-OF-CONDUCT*', '{docs/,.github/,}CODE_OF_CONDUCT*'] found in: /var/folders/cj/rh7njyk91lx4s79wxsflz3vw001y2r/T/tmpcwbpxxwu/qidk
::warning title=Policy Violation: changelog-file-exists::No file matching ['CHANGELOG*'] found in: /var/folders/cj/rh7njyk91lx4s79wxsflz3vw001y2r/T/tmpcwbpxxwu/qidk
::warning title=Policy Violation: changelog-file-exists::No file matching ['CHANGELOG*'] found in: /var/folders/cj/rh7njyk91lx4s79wxsflz3vw001y2r/T/tmp3jnbgya_/fastrpc
::warning title=Policy Violation: binaries-not-present,file=test/linux/libmultithreading.so::Binary file found (MIME: application/x-sharedlib): test/linux/libmultithreading.so
::warning title=Policy Violation: github-pull-request-template-exists::No file matching ['PULL_REQUEST_TEMPLATE*', 'PULL_REQUEST_TEMPLATE/**', '.github/PULL_REQUEST_TEMPLATE*', '.github/PULL_REQUEST_TEMPLATE/**'] found in: /var/folders/cj/rh7njyk91lx4s79wxsflz3vw001y2r/T/tmp3jnbgya_/fastrpc
  [ 67/313] qualcomm/fastrpc: 0 discrepancies
WARNING reporter [FAIL] contributing-file-exists: No file matching ['{docs/,.github/,}CONTRIB*'] found in: /var/folders/cj/rh7njyk91lx4s79wxsflz3vw001y2r/T/tmpo69gbw6d/ai-hub-apps
WARNING reporter [FAIL] code-of-conduct-file-exists: No file matching ['{docs/,.github/,}CODEOFCONDUCT*', '{docs/,.github/,}CODE-OF-CONDUCT*', '{docs/,.github/,}CODE_OF_CONDUCT*'] found in: /var/folders/cj/rh7njyk91lx4s79wxsflz3vw001y2r/T/tmpo69gbw6d/ai-hub-apps
WARNING reporter [FAIL] changelog-file-exists: No file matching ['CHANGELOG*'] found in: /var/folders/cj/rh7njyk91lx4s79wxsflz3vw001y2r/T/tmpo69gbw6d/ai-hub-apps
WARNING reporter [FAIL] test-directory-exists: No directory matching ['**/test*', '**/specs', '**/*test*'] found under /var/folders/cj/rh7njyk91lx4s79wxsflz3vw001y2r/T/tmpo69gbw6d/ai-hub-apps
WARNING reporter [FAIL] integrates-with-ci: No file matching ['.gitlab-ci.yml', '.travis.yml', 'appveyor.yml', '.appveyor.yml', 'circle.yml', '.circleci/config.yml', 'Jenkinsfile', '.drone.yml', '.github/workflows/*', 'azure-pipelines.yml'] found in: /var/folders/cj/rh7njyk91lx4s79wxsflz3vw001y2r/T/tmpo69gbw6d/ai-hub-apps
::warning title=Policy Violation: contributing-file-exists::No file matching ['{docs/,.github/,}CONTRIB*'] found in: /var/folders/cj/rh7njyk91lx4s79wxsflz3vw001y2r/T/tmpo69gbw6d/ai-hub-apps
::warning title=Policy Violation: code-of-conduct-file-exists::No file matching ['{docs/,.github/,}CODEOFCONDUCT*', '{docs/,.github/,}CODE-OF-CONDUCT*', '{docs/,.github/,}CODE_OF_CONDUCT*'] found in: /var/folders/cj/rh7njyk91lx4s79wxsflz3vw001y2r/T/tmpo69gbw6d/ai-hub-apps
::warning title=Policy Violation: changelog-file-exists::No file matching ['CHANGELOG*'] found in: /var/folders/cj/rh7njyk91lx4s79wxsflz3vw001y2r/T/tmpo69gbw6d/ai-hub-apps
::warning title=Policy Violation: test-directory-exists::No directory matching ['**/test*', '**/specs', '**/*test*'] found under /var/folders/cj/rh7njyk91lx4s79wxsflz3vw001y2r/T/tmpo69gbw6d/ai-hub-apps
::warning title=Policy Violation: integrates-with-ci::No file matching ['.gitlab-ci.yml', '.travis.yml', 'appveyor.yml', '.appveyor.yml', 'circle.yml', '.circleci/config.yml', 'Jenkinsfile', '.drone.yml', '.github/workflows/*', 'azure-pipelines.yml'] found in: /var/folders/cj/rh7njyk91lx4s79wxsflz3vw001y2r/T/tmpo69gbw6d/ai-hub-apps
  [ 68/313] qualcomm/mink-idl-compiler: 0 discrepancies
WARNING reporter [FAIL] github-issue-template-exists: No file matching ['ISSUE_TEMPLATE*', 'ISSUE_TEMPLATE/**', '.github/ISSUE_TEMPLATE*', '.github/ISSUE_TEMPLATE/**'] found in: /var/folders/cj/rh7njyk91lx4s79wxsflz3vw001y2r/T/tmpo69gbw6d/ai-hub-apps
WARNING reporter [FAIL] github-pull-request-template-exists: No file matching ['PULL_REQUEST_TEMPLATE*', 'PULL_REQUEST_TEMPLATE/**', '.github/PULL_REQUEST_TEMPLATE*', '.github/PULL_REQUEST_TEMPLATE/**'] found in: /var/folders/cj/rh7njyk91lx4s79wxsflz3vw001y2r/T/tmpo69gbw6d/ai-hub-apps
WARNING reporter [FAIL] java-package-metadata-exists: No file matching ['pom.xml', 'build.xml', 'build.gradle'] found in: /var/folders/cj/rh7njyk91lx4s79wxsflz3vw001y2r/T/tmpo69gbw6d/ai-hub-apps
WARNING reporter [FAIL] python-package-metadata-exists: No file matching ['setup.py', 'requirements.txt'] found in: /var/folders/cj/rh7njyk91lx4s79wxsflz3vw001y2r/T/tmpo69gbw6d/ai-hub-apps
WARNING reporter [FAIL] source-license-headers-exist: Pattern 'SPDX-License-Identifier|Redistribution and use in source and binary forms, with or without' not found in Examples/Python-ASR-wav2vec2/automatic_speech_recognition_android_app/app/src/main/cpp/inc/hpp/CheckRuntime.hpp
::warning title=Policy Violation: github-issue-template-exists::No file matching ['ISSUE_TEMPLATE*', 'ISSUE_TEMPLATE/**', '.github/ISSUE_TEMPLATE*', '.github/ISSUE_TEMPLATE/**'] found in: /var/folders/cj/rh7njyk91lx4s79wxsflz3vw001y2r/T/tmpo69gbw6d/ai-hub-apps
::warning title=Policy Violation: github-pull-request-template-exists::No file matching ['PULL_REQUEST_TEMPLATE*', 'PULL_REQUEST_TEMPLATE/**', '.github/PULL_REQUEST_TEMPLATE*', '.github/PULL_REQUEST_TEMPLATE/**'] found in: /var/folders/cj/rh7njyk91lx4s79wxsflz3vw001y2r/T/tmpo69gbw6d/ai-hub-apps
::warning title=Policy Violation: java-package-metadata-exists::No file matching ['pom.xml', 'build.xml', 'build.gradle'] found in: /var/folders/cj/rh7njyk91lx4s79wxsflz3vw001y2r/T/tmpo69gbw6d/ai-hub-apps
::warning title=Policy Violation: python-package-metadata-exists::No file matching ['setup.py', 'requirements.txt'] found in: /var/folders/cj/rh7njyk91lx4s79wxsflz3vw001y2r/T/tmpo69gbw6d/ai-hub-apps
::error title=Policy Violation: source-license-headers-exist,file=Examples/Python-ASR-wav2vec2/automatic_speech_recognition_android_app/app/src/main/cpp/inc/hpp/CheckRuntime.hpp::Pattern 'SPDX-License-Identifier|Redistribution and use in source and binary forms, with or without' not found in Examples/Python-ASR-wav2vec2/automatic_speech_recognition_android_app/app/src/main/cpp/inc/hpp/CheckRuntime.hpp
  [ 69/313] qualcomm/ai-hub-apps: 1 discrepancies
WARNING reporter [FAIL] changelog-file-exists: No file matching ['CHANGELOG*'] found in: /var/folders/cj/rh7njyk91lx4s79wxsflz3vw001y2r/T/tmp1f_yqdsj/wos-ai-plugins
WARNING reporter [FAIL] contributing-file-exists: No file matching ['{docs/,.github/,}CONTRIB*'] found in: /var/folders/cj/rh7njyk91lx4s79wxsflz3vw001y2r/T/tmpjg1pd35y/.github
WARNING reporter [FAIL] code-of-conduct-file-exists: No file matching ['{docs/,.github/,}CODEOFCONDUCT*', '{docs/,.github/,}CODE-OF-CONDUCT*', '{docs/,.github/,}CODE_OF_CONDUCT*'] found in: /var/folders/cj/rh7njyk91lx4s79wxsflz3vw001y2r/T/tmpjg1pd35y/.github
WARNING reporter [FAIL] changelog-file-exists: No file matching ['CHANGELOG*'] found in: /var/folders/cj/rh7njyk91lx4s79wxsflz3vw001y2r/T/tmpjg1pd35y/.github
WARNING reporter [FAIL] integrates-with-ci: No file matching ['.gitlab-ci.yml', '.travis.yml', 'appveyor.yml', '.appveyor.yml', 'circle.yml', '.circleci/config.yml', 'Jenkinsfile', '.drone.yml', '.github/workflows/*', 'azure-pipelines.yml'] found in: /var/folders/cj/rh7njyk91lx4s79wxsflz3vw001y2r/T/tmpjg1pd35y/.github
WARNING reporter [FAIL] source-qualcomm-license-headers-exist: Pattern '(Copyright|©).*Qualcomm Innovation Center, Inc|Qualcomm Technologies, Inc|Copyright (\\(c\\)|©) (20(1[2-9]|2[0-2])(-|,|\\s)*)+ The Linux Foundation' not found in repolinter-test-data/fail-lf-copy-2024.c
WARNING reporter [FAIL] github-issue-template-exists: No file matching ['ISSUE_TEMPLATE*', 'ISSUE_TEMPLATE/**', '.github/ISSUE_TEMPLATE*', '.github/ISSUE_TEMPLATE/**'] found in: /var/folders/cj/rh7njyk91lx4s79wxsflz3vw001y2r/T/tmpjg1pd35y/.github
WARNING reporter [FAIL] github-pull-request-template-exists: No file matching ['PULL_REQUEST_TEMPLATE*', 'PULL_REQUEST_TEMPLATE/**', '.github/PULL_REQUEST_TEMPLATE*', '.github/PULL_REQUEST_TEMPLATE/**'] found in: /var/folders/cj/rh7njyk91lx4s79wxsflz3vw001y2r/T/tmpjg1pd35y/.github
WARNING reporter [FAIL] python-package-metadata-exists: No file matching ['setup.py', 'requirements.txt'] found in: /var/folders/cj/rh7njyk91lx4s79wxsflz3vw001y2r/T/tmpjg1pd35y/.github
WARNING reporter [FAIL] source-qualcomm-license-headers-exist: Pattern '(Copyright|©).*Qualcomm Innovation Center, Inc|Qualcomm Technologies, Inc|Copyright (\\(c\\)|©) (20(1[2-9]|2[0-2])(-|,|\\s)*)+ The Linux Foundation' not found in Solutions/NLPSolution1-QuestionAnswering/QuestionAnswering/bert/src/main/java/com/qualcomm/qti/qa/ml/Feature.java
WARNING reporter [FAIL] github-issue-template-exists: No file matching ['ISSUE_TEMPLATE*', 'ISSUE_TEMPLATE/**', '.github/ISSUE_TEMPLATE*', '.github/ISSUE_TEMPLATE/**'] found in: /var/folders/cj/rh7njyk91lx4s79wxsflz3vw001y2r/T/tmpcwbpxxwu/qidk
WARNING reporter [FAIL] github-pull-request-template-exists: No file matching ['PULL_REQUEST_TEMPLATE*', 'PULL_REQUEST_TEMPLATE/**', '.github/PULL_REQUEST_TEMPLATE*', '.github/PULL_REQUEST_TEMPLATE/**'] found in: /var/folders/cj/rh7njyk91lx4s79wxsflz3vw001y2r/T/tmpcwbpxxwu/qidk
WARNING reporter [FAIL] java-package-metadata-exists: No file matching ['pom.xml', 'build.xml', 'build.gradle'] found in: /var/folders/cj/rh7njyk91lx4s79wxsflz3vw001y2r/T/tmpcwbpxxwu/qidk
WARNING reporter [FAIL] python-package-metadata-exists: No file matching ['setup.py', 'requirements.txt'] found in: /var/folders/cj/rh7njyk91lx4s79wxsflz3vw001y2r/T/tmpcwbpxxwu/qidk
WARNING reporter [FAIL] test-directory-exists: No directory matching ['**/test*', '**/specs', '**/*test*'] found under /var/folders/cj/rh7njyk91lx4s79wxsflz3vw001y2r/T/tmp1f_yqdsj/wos-ai-plugins
::warning title=Policy Violation: changelog-file-exists::No file matching ['CHANGELOG*'] found in: /var/folders/cj/rh7njyk91lx4s79wxsflz3vw001y2r/T/tmp1f_yqdsj/wos-ai-plugins
::warning title=Policy Violation: contributing-file-exists::No file matching ['{docs/,.github/,}CONTRIB*'] found in: /var/folders/cj/rh7njyk91lx4s79wxsflz3vw001y2r/T/tmpjg1pd35y/.github
::warning title=Policy Violation: code-of-conduct-file-exists::No file matching ['{docs/,.github/,}CODEOFCONDUCT*', '{docs/,.github/,}CODE-OF-CONDUCT*', '{docs/,.github/,}CODE_OF_CONDUCT*'] found in: /var/folders/cj/rh7njyk91lx4s79wxsflz3vw001y2r/T/tmpjg1pd35y/.github
::warning title=Policy Violation: changelog-file-exists::No file matching ['CHANGELOG*'] found in: /var/folders/cj/rh7njyk91lx4s79wxsflz3vw001y2r/T/tmpjg1pd35y/.github
::warning title=Policy Violation: integrates-with-ci::No file matching ['.gitlab-ci.yml', '.travis.yml', 'appveyor.yml', '.appveyor.yml', 'circle.yml', '.circleci/config.yml', 'Jenkinsfile', '.drone.yml', '.github/workflows/*', 'azure-pipelines.yml'] found in: /var/folders/cj/rh7njyk91lx4s79wxsflz3vw001y2r/T/tmpjg1pd35y/.github
::warning title=Policy Violation: source-qualcomm-license-headers-exist,file=repolinter-test-data/fail-lf-copy-2024.c::Pattern '(Copyright|©).*Qualcomm Innovation Center, Inc|Qualcomm Technologies, Inc|Copyright (\\(c\\)|©) (20(1[2-9]|2[0-2])(-|,|\\s)*)+ The Linux Foundation' not found in repolinter-test-data/fail-lf-copy-2024.c
::warning title=Policy Violation: github-issue-template-exists::No file matching ['ISSUE_TEMPLATE*', 'ISSUE_TEMPLATE/**', '.github/ISSUE_TEMPLATE*', '.github/ISSUE_TEMPLATE/**'] found in: /var/folders/cj/rh7njyk91lx4s79wxsflz3vw001y2r/T/tmpjg1pd35y/.github
::warning title=Policy Violation: github-pull-request-template-exists::No file matching ['PULL_REQUEST_TEMPLATE*', 'PULL_REQUEST_TEMPLATE/**', '.github/PULL_REQUEST_TEMPLATE*', '.github/PULL_REQUEST_TEMPLATE/**'] found in: /var/folders/cj/rh7njyk91lx4s79wxsflz3vw001y2r/T/tmpjg1pd35y/.github
::warning title=Policy Violation: python-package-metadata-exists::No file matching ['setup.py', 'requirements.txt'] found in: /var/folders/cj/rh7njyk91lx4s79wxsflz3vw001y2r/T/tmpjg1pd35y/.github
::warning title=Policy Violation: source-qualcomm-license-headers-exist,file=Solutions/NLPSolution1-QuestionAnswering/QuestionAnswering/bert/src/main/java/com/qualcomm/qti/qa/ml/Feature.java::Pattern '(Copyright|©).*Qualcomm Innovation Center, Inc|Qualcomm Technologies, Inc|Copyright (\\(c\\)|©) (20(1[2-9]|2[0-2])(-|,|\\s)*)+ The Linux Foundation' not found in Solutions/NLPSolution1-QuestionAnswering/QuestionAnswering/bert/src/main/java/com/qualcomm/qti/qa/ml/Feature.java
::warning title=Policy Violation: github-issue-template-exists::No file matching ['ISSUE_TEMPLATE*', 'ISSUE_TEMPLATE/**', '.github/ISSUE_TEMPLATE*', '.github/ISSUE_TEMPLATE/**'] found in: /var/folders/cj/rh7njyk91lx4s79wxsflz3vw001y2r/T/tmpcwbpxxwu/qidk
::warning title=Policy Violation: github-pull-request-template-exists::No file matching ['PULL_REQUEST_TEMPLATE*', 'PULL_REQUEST_TEMPLATE/**', '.github/PULL_REQUEST_TEMPLATE*', '.github/PULL_REQUEST_TEMPLATE/**'] found in: /var/folders/cj/rh7njyk91lx4s79wxsflz3vw001y2r/T/tmpcwbpxxwu/qidk
::warning title=Policy Violation: java-package-metadata-exists::No file matching ['pom.xml', 'build.xml', 'build.gradle'] found in: /var/folders/cj/rh7njyk91lx4s79wxsflz3vw001y2r/T/tmpcwbpxxwu/qidk
::warning title=Policy Violation: python-package-metadata-exists::No file matching ['setup.py', 'requirements.txt'] found in: /var/folders/cj/rh7njyk91lx4s79wxsflz3vw001y2r/T/tmpcwbpxxwu/qidk
::warning title=Policy Violation: test-directory-exists::No directory matching ['**/test*', '**/specs', '**/*test*'] found under /var/folders/cj/rh7njyk91lx4s79wxsflz3vw001y2r/T/tmp1f_yqdsj/wos-ai-plugins
  [ 70/313] qualcomm/.github: 0 discrepancies
WARNING reporter [FAIL] source-license-headers-exist: Pattern 'Copyright(\\s)*(\\(c\\)|©)?' not found in plugins/vscode/qairt-code-gen/.eslintrc.js
WARNING reporter [FAIL] source-qualcomm-license-headers-exist: Pattern '(Copyright|©).*Qualcomm Innovation Center, Inc|Qualcomm Technologies, Inc|Copyright (\\(c\\)|©) (20(1[2-9]|2[0-2])(-|,|\\s)*)+ The Linux Foundation' not found in plugins/vscode/qairt-code-gen/.eslintrc.js
WARNING reporter [FAIL] github-issue-template-exists: No file matching ['ISSUE_TEMPLATE*', 'ISSUE_TEMPLATE/**', '.github/ISSUE_TEMPLATE*', '.github/ISSUE_TEMPLATE/**'] found in: /var/folders/cj/rh7njyk91lx4s79wxsflz3vw001y2r/T/tmp1f_yqdsj/wos-ai-plugins
WARNING reporter [FAIL] github-pull-request-template-exists: No file matching ['PULL_REQUEST_TEMPLATE*', 'PULL_REQUEST_TEMPLATE/**', '.github/PULL_REQUEST_TEMPLATE*', '.github/PULL_REQUEST_TEMPLATE/**'] found in: /var/folders/cj/rh7njyk91lx4s79wxsflz3vw001y2r/T/tmp1f_yqdsj/wos-ai-plugins
WARNING reporter [FAIL] javascript-package-metadata-exists: No file matching ['package.json'] found in: /var/folders/cj/rh7njyk91lx4s79wxsflz3vw001y2r/T/tmp1f_yqdsj/wos-ai-plugins
WARNING reporter [FAIL] python-package-metadata-exists: No file matching ['setup.py', 'requirements.txt'] found in: /var/folders/cj/rh7njyk91lx4s79wxsflz3vw001y2r/T/tmp1f_yqdsj/wos-ai-plugins
::error title=Policy Violation: source-license-headers-exist,file=plugins/vscode/qairt-code-gen/.eslintrc.js::Pattern 'Copyright(\\s)*(\\(c\\)|©)?' not found in plugins/vscode/qairt-code-gen/.eslintrc.js
::warning title=Policy Violation: source-qualcomm-license-headers-exist,file=plugins/vscode/qairt-code-gen/.eslintrc.js::Pattern '(Copyright|©).*Qualcomm Innovation Center, Inc|Qualcomm Technologies, Inc|Copyright (\\(c\\)|©) (20(1[2-9]|2[0-2])(-|,|\\s)*)+ The Linux Foundation' not found in plugins/vscode/qairt-code-gen/.eslintrc.js
::warning title=Policy Violation: github-issue-template-exists::No file matching ['ISSUE_TEMPLATE*', 'ISSUE_TEMPLATE/**', '.github/ISSUE_TEMPLATE*', '.github/ISSUE_TEMPLATE/**'] found in: /var/folders/cj/rh7njyk91lx4s79wxsflz3vw001y2r/T/tmp1f_yqdsj/wos-ai-plugins
::warning title=Policy Violation: github-pull-request-template-exists::No file matching ['PULL_REQUEST_TEMPLATE*', 'PULL_REQUEST_TEMPLATE/**', '.github/PULL_REQUEST_TEMPLATE*', '.github/PULL_REQUEST_TEMPLATE/**'] found in: /var/folders/cj/rh7njyk91lx4s79wxsflz3vw001y2r/T/tmp1f_yqdsj/wos-ai-plugins
::warning title=Policy Violation: javascript-package-metadata-exists::No file matching ['package.json'] found in: /var/folders/cj/rh7njyk91lx4s79wxsflz3vw001y2r/T/tmp1f_yqdsj/wos-ai-plugins
::warning title=Policy Violation: python-package-metadata-exists::No file matching ['setup.py', 'requirements.txt'] found in: /var/folders/cj/rh7njyk91lx4s79wxsflz3vw001y2r/T/tmp1f_yqdsj/wos-ai-plugins
  [ 71/313] qualcomm/qidk: 0 discrepancies
  [ 72/313] qualcomm/wos-ai-plugins: 1 discrepancies *** RPA ERROR NOT IN RL ***
WARNING reporter [FAIL] changelog-file-exists: No file matching ['CHANGELOG*'] found in: /var/folders/cj/rh7njyk91lx4s79wxsflz3vw001y2r/T/tmpssn3bx9o/qmi-framework
WARNING reporter [FAIL] github-issue-template-exists: No file matching ['ISSUE_TEMPLATE*', 'ISSUE_TEMPLATE/**', '.github/ISSUE_TEMPLATE*', '.github/ISSUE_TEMPLATE/**'] found in: /var/folders/cj/rh7njyk91lx4s79wxsflz3vw001y2r/T/tmpssn3bx9o/qmi-framework
WARNING reporter [FAIL] github-pull-request-template-exists: No file matching ['PULL_REQUEST_TEMPLATE*', 'PULL_REQUEST_TEMPLATE/**', '.github/PULL_REQUEST_TEMPLATE*', '.github/PULL_REQUEST_TEMPLATE/**'] found in: /var/folders/cj/rh7njyk91lx4s79wxsflz3vw001y2r/T/tmpssn3bx9o/qmi-framework
WARNING reporter [FAIL] changelog-file-exists: No file matching ['CHANGELOG*'] found in: /var/folders/cj/rh7njyk91lx4s79wxsflz3vw001y2r/T/tmp_pb0_6cf/GenieX
::warning title=Policy Violation: changelog-file-exists::No file matching ['CHANGELOG*'] found in: /var/folders/cj/rh7njyk91lx4s79wxsflz3vw001y2r/T/tmpssn3bx9o/qmi-framework
::warning title=Policy Violation: github-issue-template-exists::No file matching ['ISSUE_TEMPLATE*', 'ISSUE_TEMPLATE/**', '.github/ISSUE_TEMPLATE*', '.github/ISSUE_TEMPLATE/**'] found in: /var/folders/cj/rh7njyk91lx4s79wxsflz3vw001y2r/T/tmpssn3bx9o/qmi-framework
::warning title=Policy Violation: github-pull-request-template-exists::No file matching ['PULL_REQUEST_TEMPLATE*', 'PULL_REQUEST_TEMPLATE/**', '.github/PULL_REQUEST_TEMPLATE*', '.github/PULL_REQUEST_TEMPLATE/**'] found in: /var/folders/cj/rh7njyk91lx4s79wxsflz3vw001y2r/T/tmpssn3bx9o/qmi-framework
::warning title=Policy Violation: changelog-file-exists::No file matching ['CHANGELOG*'] found in: /var/folders/cj/rh7njyk91lx4s79wxsflz3vw001y2r/T/tmp_pb0_6cf/GenieX
  [ 73/313] qualcomm/qmi-framework: 0 discrepancies
WARNING reporter [FAIL] contributing-file-exists: No file matching ['{docs/,.github/,}CONTRIB*'] found in: /var/folders/cj/rh7njyk91lx4s79wxsflz3vw001y2r/T/tmpmj3ebv5o/wos-ai-demos
WARNING reporter [FAIL] changelog-file-exists: No file matching ['CHANGELOG*'] found in: /var/folders/cj/rh7njyk91lx4s79wxsflz3vw001y2r/T/tmp4wiztygv/crash-plugins
WARNING reporter [FAIL] code-of-conduct-file-exists: No file matching ['{docs/,.github/,}CODEOFCONDUCT*', '{docs/,.github/,}CODE-OF-CONDUCT*', '{docs/,.github/,}CODE_OF_CONDUCT*'] found in: /var/folders/cj/rh7njyk91lx4s79wxsflz3vw001y2r/T/tmpmj3ebv5o/wos-ai-demos
WARNING reporter [FAIL] changelog-file-exists: No file matching ['CHANGELOG*'] found in: /var/folders/cj/rh7njyk91lx4s79wxsflz3vw001y2r/T/tmpmj3ebv5o/wos-ai-demos
WARNING reporter [FAIL] binaries-not-present: Binary file found (MIME: application/x-sharedlib): bindings/android/app/extLibs/arm64-v8a/libomp.so
WARNING reporter [FAIL] contributing-file-exists: No file matching ['{docs/,.github/,}CONTRIB*'] found in: /var/folders/cj/rh7njyk91lx4s79wxsflz3vw001y2r/T/tmpdwtvxego/sample-apps-for-qualcomm-linux
WARNING reporter [FAIL] test-directory-exists: No directory matching ['**/test*', '**/specs', '**/*test*'] found under /var/folders/cj/rh7njyk91lx4s79wxsflz3vw001y2r/T/tmp4wiztygv/crash-plugins
WARNING reporter [FAIL] source-license-headers-exist: Pattern 'Copyright(\\s)*(\\(c\\)|©)?' not found in cli/server/docs/ui/swagger-initializer.js
WARNING reporter [FAIL] code-of-conduct-file-exists: No file matching ['{docs/,.github/,}CODEOFCONDUCT*', '{docs/,.github/,}CODE-OF-CONDUCT*', '{docs/,.github/,}CODE_OF_CONDUCT*'] found in: /var/folders/cj/rh7njyk91lx4s79wxsflz3vw001y2r/T/tmpdwtvxego/sample-apps-for-qualcomm-linux
WARNING reporter [FAIL] test-directory-exists: No directory matching ['**/test*', '**/specs', '**/*test*'] found under /var/folders/cj/rh7njyk91lx4s79wxsflz3vw001y2r/T/tmpmj3ebv5o/wos-ai-demos
WARNING reporter [FAIL] changelog-file-exists: No file matching ['CHANGELOG*'] found in: /var/folders/cj/rh7njyk91lx4s79wxsflz3vw001y2r/T/tmpdwtvxego/sample-apps-for-qualcomm-linux
WARNING reporter [FAIL] source-qualcomm-license-headers-exist: Pattern '(Copyright|©).*Qualcomm Innovation Center, Inc|Qualcomm Technologies, Inc|Copyright (\\(c\\)|©) (20(1[2-9]|2[0-2])(-|,|\\s)*)+ The Linux Foundation' not found in cli/server/docs/ui/swagger-initializer.js
WARNING reporter [FAIL] javascript-package-metadata-exists: No file matching ['package.json'] found in: /var/folders/cj/rh7njyk91lx4s79wxsflz3vw001y2r/T/tmp_pb0_6cf/GenieX
WARNING reporter [FAIL] python-package-metadata-exists: No file matching ['setup.py', 'requirements.txt'] found in: /var/folders/cj/rh7njyk91lx4s79wxsflz3vw001y2r/T/tmp_pb0_6cf/GenieX
WARNING reporter [FAIL] github-issue-template-exists: No file matching ['ISSUE_TEMPLATE*', 'ISSUE_TEMPLATE/**', '.github/ISSUE_TEMPLATE*', '.github/ISSUE_TEMPLATE/**'] found in: /var/folders/cj/rh7njyk91lx4s79wxsflz3vw001y2r/T/tmpmj3ebv5o/wos-ai-demos
WARNING reporter [FAIL] github-pull-request-template-exists: No file matching ['PULL_REQUEST_TEMPLATE*', 'PULL_REQUEST_TEMPLATE/**', '.github/PULL_REQUEST_TEMPLATE*', '.github/PULL_REQUEST_TEMPLATE/**'] found in: /var/folders/cj/rh7njyk91lx4s79wxsflz3vw001y2r/T/tmpmj3ebv5o/wos-ai-demos
::warning title=Policy Violation: contributing-file-exists::No file matching ['{docs/,.github/,}CONTRIB*'] found in: /var/folders/cj/rh7njyk91lx4s79wxsflz3vw001y2r/T/tmpmj3ebv5o/wos-ai-demos
::warning title=Policy Violation: changelog-file-exists::No file matching ['CHANGELOG*'] found in: /var/folders/cj/rh7njyk91lx4s79wxsflz3vw001y2r/T/tmp4wiztygv/crash-plugins
::warning title=Policy Violation: code-of-conduct-file-exists::No file matching ['{docs/,.github/,}CODEOFCONDUCT*', '{docs/,.github/,}CODE-OF-CONDUCT*', '{docs/,.github/,}CODE_OF_CONDUCT*'] found in: /var/folders/cj/rh7njyk91lx4s79wxsflz3vw001y2r/T/tmpmj3ebv5o/wos-ai-demos
::warning title=Policy Violation: changelog-file-exists::No file matching ['CHANGELOG*'] found in: /var/folders/cj/rh7njyk91lx4s79wxsflz3vw001y2r/T/tmpmj3ebv5o/wos-ai-demos
::warning title=Policy Violation: binaries-not-present,file=bindings/android/app/extLibs/arm64-v8a/libomp.so::Binary file found (MIME: application/x-sharedlib): bindings/android/app/extLibs/arm64-v8a/libomp.so
::warning title=Policy Violation: contributing-file-exists::No file matching ['{docs/,.github/,}CONTRIB*'] found in: /var/folders/cj/rh7njyk91lx4s79wxsflz3vw001y2r/T/tmpdwtvxego/sample-apps-for-qualcomm-linux
::warning title=Policy Violation: test-directory-exists::No directory matching ['**/test*', '**/specs', '**/*test*'] found under /var/folders/cj/rh7njyk91lx4s79wxsflz3vw001y2r/T/tmp4wiztygv/crash-plugins
::error title=Policy Violation: source-license-headers-exist,file=cli/server/docs/ui/swagger-initializer.js::Pattern 'Copyright(\\s)*(\\(c\\)|©)?' not found in cli/server/docs/ui/swagger-initializer.js
::warning title=Policy Violation: code-of-conduct-file-exists::No file matching ['{docs/,.github/,}CODEOFCONDUCT*', '{docs/,.github/,}CODE-OF-CONDUCT*', '{docs/,.github/,}CODE_OF_CONDUCT*'] found in: /var/folders/cj/rh7njyk91lx4s79wxsflz3vw001y2r/T/tmpdwtvxego/sample-apps-for-qualcomm-linux
::warning title=Policy Violation: test-directory-exists::No directory matching ['**/test*', '**/specs', '**/*test*'] found under /var/folders/cj/rh7njyk91lx4s79wxsflz3vw001y2r/T/tmpmj3ebv5o/wos-ai-demos
::warning title=Policy Violation: changelog-file-exists::No file matching ['CHANGELOG*'] found in: /var/folders/cj/rh7njyk91lx4s79wxsflz3vw001y2r/T/tmpdwtvxego/sample-apps-for-qualcomm-linux
::warning title=Policy Violation: source-qualcomm-license-headers-exist,file=cli/server/docs/ui/swagger-initializer.js::Pattern '(Copyright|©).*Qualcomm Innovation Center, Inc|Qualcomm Technologies, Inc|Copyright (\\(c\\)|©) (20(1[2-9]|2[0-2])(-|,|\\s)*)+ The Linux Foundation' not found in cli/server/docs/ui/swagger-initializer.js
::warning title=Policy Violation: javascript-package-metadata-exists::No file matching ['package.json'] found in: /var/folders/cj/rh7njyk91lx4s79wxsflz3vw001y2r/T/tmp_pb0_6cf/GenieX
::warning title=Policy Violation: python-package-metadata-exists::No file matching ['setup.py', 'requirements.txt'] found in: /var/folders/cj/rh7njyk91lx4s79wxsflz3vw001y2r/T/tmp_pb0_6cf/GenieX
::warning title=Policy Violation: github-issue-template-exists::No file matching ['ISSUE_TEMPLATE*', 'ISSUE_TEMPLATE/**', '.github/ISSUE_TEMPLATE*', '.github/ISSUE_TEMPLATE/**'] found in: /var/folders/cj/rh7njyk91lx4s79wxsflz3vw001y2r/T/tmpmj3ebv5o/wos-ai-demos
::warning title=Policy Violation: github-pull-request-template-exists::No file matching ['PULL_REQUEST_TEMPLATE*', 'PULL_REQUEST_TEMPLATE/**', '.github/PULL_REQUEST_TEMPLATE*', '.github/PULL_REQUEST_TEMPLATE/**'] found in: /var/folders/cj/rh7njyk91lx4s79wxsflz3vw001y2r/T/tmpmj3ebv5o/wos-ai-demos
  [ 74/313] qualcomm/crash-plugins: 0 discrepancies
  [ 75/313] qualcomm/wos-ai-demos: 1 discrepancies
WARNING reporter [FAIL] source-qualcomm-license-headers-exist: Pattern '(Copyright|©).*Qualcomm Innovation Center, Inc|Qualcomm Technologies, Inc|Copyright (\\(c\\)|©) (20(1[2-9]|2[0-2])(-|,|\\s)*)+ The Linux Foundation' not found in tools/qaimodelbuilder/factory/chat_features/app-builder/models/melotts-zh/melo_zh_local/__init__.py
WARNING reporter [FAIL] github-issue-template-exists: No file matching ['ISSUE_TEMPLATE*', 'ISSUE_TEMPLATE/**', '.github/ISSUE_TEMPLATE*', '.github/ISSUE_TEMPLATE/**'] found in: /var/folders/cj/rh7njyk91lx4s79wxsflz3vw001y2r/T/tmphz3wtah0/qai-appbuilder
WARNING reporter [FAIL] github-pull-request-template-exists: No file matching ['PULL_REQUEST_TEMPLATE*', 'PULL_REQUEST_TEMPLATE/**', '.github/PULL_REQUEST_TEMPLATE*', '.github/PULL_REQUEST_TEMPLATE/**'] found in: /var/folders/cj/rh7njyk91lx4s79wxsflz3vw001y2r/T/tmphz3wtah0/qai-appbuilder
WARNING reporter [FAIL] javascript-package-metadata-exists: No file matching ['package.json'] found in: /var/folders/cj/rh7njyk91lx4s79wxsflz3vw001y2r/T/tmphz3wtah0/qai-appbuilder
WARNING reporter [FAIL] java-package-metadata-exists: No file matching ['pom.xml', 'build.xml', 'build.gradle'] found in: /var/folders/cj/rh7njyk91lx4s79wxsflz3vw001y2r/T/tmphz3wtah0/qai-appbuilder
WARNING reporter [FAIL] contributing-file-exists: No file matching ['{docs/,.github/,}CONTRIB*'] found in: /var/folders/cj/rh7njyk91lx4s79wxsflz3vw001y2r/T/tmpa68yejfq/cbsp-boot-utilities
WARNING reporter [FAIL] code-of-conduct-file-exists: No file matching ['{docs/,.github/,}CODEOFCONDUCT*', '{docs/,.github/,}CODE-OF-CONDUCT*', '{docs/,.github/,}CODE_OF_CONDUCT*'] found in: /var/folders/cj/rh7njyk91lx4s79wxsflz3vw001y2r/T/tmpa68yejfq/cbsp-boot-utilities
WARNING reporter [FAIL] changelog-file-exists: No file matching ['CHANGELOG*'] found in: /var/folders/cj/rh7njyk91lx4s79wxsflz3vw001y2r/T/tmpa68yejfq/cbsp-boot-utilities
WARNING reporter [FAIL] test-directory-exists: No directory matching ['**/test*', '**/specs', '**/*test*'] found under /var/folders/cj/rh7njyk91lx4s79wxsflz3vw001y2r/T/tmpa68yejfq/cbsp-boot-utilities
WARNING reporter [FAIL] github-issue-template-exists: No file matching ['ISSUE_TEMPLATE*', 'ISSUE_TEMPLATE/**', '.github/ISSUE_TEMPLATE*', '.github/ISSUE_TEMPLATE/**'] found in: /var/folders/cj/rh7njyk91lx4s79wxsflz3vw001y2r/T/tmpa68yejfq/cbsp-boot-utilities
WARNING reporter [FAIL] github-pull-request-template-exists: No file matching ['PULL_REQUEST_TEMPLATE*', 'PULL_REQUEST_TEMPLATE/**', '.github/PULL_REQUEST_TEMPLATE*', '.github/PULL_REQUEST_TEMPLATE/**'] found in: /var/folders/cj/rh7njyk91lx4s79wxsflz3vw001y2r/T/tmpa68yejfq/cbsp-boot-utilities
WARNING reporter [FAIL] python-package-metadata-exists: No file matching ['setup.py', 'requirements.txt'] found in: /var/folders/cj/rh7njyk91lx4s79wxsflz3vw001y2r/T/tmpa68yejfq/cbsp-boot-utilities
WARNING reporter [FAIL] test-directory-exists: No directory matching ['**/test*', '**/specs', '**/*test*'] found under /var/folders/cj/rh7njyk91lx4s79wxsflz3vw001y2r/T/tmpgzkmrncg/riscv-elf-psabi-quic-extensions
::warning title=Policy Violation: source-qualcomm-license-headers-exist,file=tools/qaimodelbuilder/factory/chat_features/app-builder/models/melotts-zh/melo_zh_local/__init__.py::Pattern '(Copyright|©).*Qualcomm Innovation Center, Inc|Qualcomm Technologies, Inc|Copyright (\\(c\\)|©) (20(1[2-9]|2[0-2])(-|,|\\s)*)+ The Linux Foundation' not found in tools/qaimodelbuilder/factory/chat_features/app-builder/models/melotts-zh/melo_zh_local/__init__.py
::warning title=Policy Violation: github-issue-template-exists::No file matching ['ISSUE_TEMPLATE*', 'ISSUE_TEMPLATE/**', '.github/ISSUE_TEMPLATE*', '.github/ISSUE_TEMPLATE/**'] found in: /var/folders/cj/rh7njyk91lx4s79wxsflz3vw001y2r/T/tmphz3wtah0/qai-appbuilder
::warning title=Policy Violation: github-pull-request-template-exists::No file matching ['PULL_REQUEST_TEMPLATE*', 'PULL_REQUEST_TEMPLATE/**', '.github/PULL_REQUEST_TEMPLATE*', '.github/PULL_REQUEST_TEMPLATE/**'] found in: /var/folders/cj/rh7njyk91lx4s79wxsflz3vw001y2r/T/tmphz3wtah0/qai-appbuilder
::warning title=Policy Violation: javascript-package-metadata-exists::No file matching ['package.json'] found in: /var/folders/cj/rh7njyk91lx4s79wxsflz3vw001y2r/T/tmphz3wtah0/qai-appbuilder
::warning title=Policy Violation: java-package-metadata-exists::No file matching ['pom.xml', 'build.xml', 'build.gradle'] found in: /var/folders/cj/rh7njyk91lx4s79wxsflz3vw001y2r/T/tmphz3wtah0/qai-appbuilder
::warning title=Policy Violation: contributing-file-exists::No file matching ['{docs/,.github/,}CONTRIB*'] found in: /var/folders/cj/rh7njyk91lx4s79wxsflz3vw001y2r/T/tmpa68yejfq/cbsp-boot-utilities
::warning title=Policy Violation: code-of-conduct-file-exists::No file matching ['{docs/,.github/,}CODEOFCONDUCT*', '{docs/,.github/,}CODE-OF-CONDUCT*', '{docs/,.github/,}CODE_OF_CONDUCT*'] found in: /var/folders/cj/rh7njyk91lx4s79wxsflz3vw001y2r/T/tmpa68yejfq/cbsp-boot-utilities
::warning title=Policy Violation: changelog-file-exists::No file matching ['CHANGELOG*'] found in: /var/folders/cj/rh7njyk91lx4s79wxsflz3vw001y2r/T/tmpa68yejfq/cbsp-boot-utilities
::warning title=Policy Violation: test-directory-exists::No directory matching ['**/test*', '**/specs', '**/*test*'] found under /var/folders/cj/rh7njyk91lx4s79wxsflz3vw001y2r/T/tmpa68yejfq/cbsp-boot-utilities
::warning title=Policy Violation: github-issue-template-exists::No file matching ['ISSUE_TEMPLATE*', 'ISSUE_TEMPLATE/**', '.github/ISSUE_TEMPLATE*', '.github/ISSUE_TEMPLATE/**'] found in: /var/folders/cj/rh7njyk91lx4s79wxsflz3vw001y2r/T/tmpa68yejfq/cbsp-boot-utilities
::warning title=Policy Violation: github-pull-request-template-exists::No file matching ['PULL_REQUEST_TEMPLATE*', 'PULL_REQUEST_TEMPLATE/**', '.github/PULL_REQUEST_TEMPLATE*', '.github/PULL_REQUEST_TEMPLATE/**'] found in: /var/folders/cj/rh7njyk91lx4s79wxsflz3vw001y2r/T/tmpa68yejfq/cbsp-boot-utilities
::warning title=Policy Violation: python-package-metadata-exists::No file matching ['setup.py', 'requirements.txt'] found in: /var/folders/cj/rh7njyk91lx4s79wxsflz3vw001y2r/T/tmpa68yejfq/cbsp-boot-utilities
::warning title=Policy Violation: test-directory-exists::No directory matching ['**/test*', '**/specs', '**/*test*'] found under /var/folders/cj/rh7njyk91lx4s79wxsflz3vw001y2r/T/tmpgzkmrncg/riscv-elf-psabi-quic-extensions
  [ 76/313] qualcomm/GenieX: 0 discrepancies
WARNING reporter [FAIL] github-issue-template-exists: No file matching ['ISSUE_TEMPLATE*', 'ISSUE_TEMPLATE/**', '.github/ISSUE_TEMPLATE*', '.github/ISSUE_TEMPLATE/**'] found in: /var/folders/cj/rh7njyk91lx4s79wxsflz3vw001y2r/T/tmpgzkmrncg/riscv-elf-psabi-quic-extensions
WARNING reporter [FAIL] github-pull-request-template-exists: No file matching ['PULL_REQUEST_TEMPLATE*', 'PULL_REQUEST_TEMPLATE/**', '.github/PULL_REQUEST_TEMPLATE*', '.github/PULL_REQUEST_TEMPLATE/**'] found in: /var/folders/cj/rh7njyk91lx4s79wxsflz3vw001y2r/T/tmpgzkmrncg/riscv-elf-psabi-quic-extensions
::warning title=Policy Violation: github-issue-template-exists::No file matching ['ISSUE_TEMPLATE*', 'ISSUE_TEMPLATE/**', '.github/ISSUE_TEMPLATE*', '.github/ISSUE_TEMPLATE/**'] found in: /var/folders/cj/rh7njyk91lx4s79wxsflz3vw001y2r/T/tmpgzkmrncg/riscv-elf-psabi-quic-extensions
::warning title=Policy Violation: github-pull-request-template-exists::No file matching ['PULL_REQUEST_TEMPLATE*', 'PULL_REQUEST_TEMPLATE/**', '.github/PULL_REQUEST_TEMPLATE*', '.github/PULL_REQUEST_TEMPLATE/**'] found in: /var/folders/cj/rh7njyk91lx4s79wxsflz3vw001y2r/T/tmpgzkmrncg/riscv-elf-psabi-quic-extensions
  [ 77/313] qualcomm/cbsp-boot-utilities: 0 discrepancies
WARNING reporter [FAIL] changelog-file-exists: No file matching ['CHANGELOG*'] found in: /var/folders/cj/rh7njyk91lx4s79wxsflz3vw001y2r/T/tmpqzwq1syj/gunyah-test-vmm
::warning title=Policy Violation: changelog-file-exists::No file matching ['CHANGELOG*'] found in: /var/folders/cj/rh7njyk91lx4s79wxsflz3vw001y2r/T/tmpqzwq1syj/gunyah-test-vmm
  [ 78/313] qualcomm/riscv-elf-psabi-quic-extensions: 1 discrepancies
WARNING reporter [FAIL] github-issue-template-exists: No file matching ['ISSUE_TEMPLATE*', 'ISSUE_TEMPLATE/**', '.github/ISSUE_TEMPLATE*', '.github/ISSUE_TEMPLATE/**'] found in: /var/folders/cj/rh7njyk91lx4s79wxsflz3vw001y2r/T/tmpqzwq1syj/gunyah-test-vmm
WARNING reporter [FAIL] github-pull-request-template-exists: No file matching ['PULL_REQUEST_TEMPLATE*', 'PULL_REQUEST_TEMPLATE/**', '.github/PULL_REQUEST_TEMPLATE*', '.github/PULL_REQUEST_TEMPLATE/**'] found in: /var/folders/cj/rh7njyk91lx4s79wxsflz3vw001y2r/T/tmpqzwq1syj/gunyah-test-vmm
WARNING reporter [FAIL] changelog-file-exists: No file matching ['CHANGELOG*'] found in: /var/folders/cj/rh7njyk91lx4s79wxsflz3vw001y2r/T/tmpxd4bwalm/quic-teec
WARNING reporter [FAIL] binaries-not-present: Binary file found (MIME: application/x-sharedlib): tests/ta/smcinvoke_skeleton_ta/smcinvoke_skeleton_ta64.mbn
WARNING reporter [FAIL] source-license-headers-exist: Pattern 'Copyright(\\s)*(\\(c\\)|©)?' not found in GenAI-Solutions/GenAI-Studio/core-services/image-to-text/src/StreamChannel.h
::warning title=Policy Violation: github-issue-template-exists::No file matching ['ISSUE_TEMPLATE*', 'ISSUE_TEMPLATE/**', '.github/ISSUE_TEMPLATE*', '.github/ISSUE_TEMPLATE/**'] found in: /var/folders/cj/rh7njyk91lx4s79wxsflz3vw001y2r/T/tmpqzwq1syj/gunyah-test-vmm
::warning title=Policy Violation: github-pull-request-template-exists::No file matching ['PULL_REQUEST_TEMPLATE*', 'PULL_REQUEST_TEMPLATE/**', '.github/PULL_REQUEST_TEMPLATE*', '.github/PULL_REQUEST_TEMPLATE/**'] found in: /var/folders/cj/rh7njyk91lx4s79wxsflz3vw001y2r/T/tmpqzwq1syj/gunyah-test-vmm
::warning title=Policy Violation: changelog-file-exists::No file matching ['CHANGELOG*'] found in: /var/folders/cj/rh7njyk91lx4s79wxsflz3vw001y2r/T/tmpxd4bwalm/quic-teec
::warning title=Policy Violation: binaries-not-present,file=tests/ta/smcinvoke_skeleton_ta/smcinvoke_skeleton_ta64.mbn::Binary file found (MIME: application/x-sharedlib): tests/ta/smcinvoke_skeleton_ta/smcinvoke_skeleton_ta64.mbn
::error title=Policy Violation: source-license-headers-exist,file=GenAI-Solutions/GenAI-Studio/core-services/image-to-text/src/StreamChannel.h::Pattern 'Copyright(\\s)*(\\(c\\)|©)?' not found in GenAI-Solutions/GenAI-Studio/core-services/image-to-text/src/StreamChannel.h
  [ 79/313] qualcomm/qai-appbuilder: 0 discrepancies
WARNING reporter [FAIL] changelog-file-exists: No file matching ['CHANGELOG*'] found in: /var/folders/cj/rh7njyk91lx4s79wxsflz3vw001y2r/T/tmp20isbacb/SvUTest
WARNING reporter [FAIL] test-directory-exists: No directory matching ['**/test*', '**/specs', '**/*test*'] found under /var/folders/cj/rh7njyk91lx4s79wxsflz3vw001y2r/T/tmp20isbacb/SvUTest
WARNING reporter [FAIL] source-qualcomm-license-headers-exist: Pattern '(Copyright|©).*Qualcomm Innovation Center, Inc|Qualcomm Technologies, Inc|Copyright (\\(c\\)|©) (20(1[2-9]|2[0-2])(-|,|\\s)*)+ The Linux Foundation' not found in libqcomtee/src/linux/tee.h
WARNING reporter [FAIL] github-issue-template-exists: No file matching ['ISSUE_TEMPLATE*', 'ISSUE_TEMPLATE/**', '.github/ISSUE_TEMPLATE*', '.github/ISSUE_TEMPLATE/**'] found in: /var/folders/cj/rh7njyk91lx4s79wxsflz3vw001y2r/T/tmpxd4bwalm/quic-teec
WARNING reporter [FAIL] github-pull-request-template-exists: No file matching ['PULL_REQUEST_TEMPLATE*', 'PULL_REQUEST_TEMPLATE/**', '.github/PULL_REQUEST_TEMPLATE*', '.github/PULL_REQUEST_TEMPLATE/**'] found in: /var/folders/cj/rh7njyk91lx4s79wxsflz3vw001y2r/T/tmpxd4bwalm/quic-teec
WARNING reporter [FAIL] github-issue-template-exists: No file matching ['ISSUE_TEMPLATE*', 'ISSUE_TEMPLATE/**', '.github/ISSUE_TEMPLATE*', '.github/ISSUE_TEMPLATE/**'] found in: /var/folders/cj/rh7njyk91lx4s79wxsflz3vw001y2r/T/tmp20isbacb/SvUTest
WARNING reporter [FAIL] github-pull-request-template-exists: No file matching ['PULL_REQUEST_TEMPLATE*', 'PULL_REQUEST_TEMPLATE/**', '.github/PULL_REQUEST_TEMPLATE*', '.github/PULL_REQUEST_TEMPLATE/**'] found in: /var/folders/cj/rh7njyk91lx4s79wxsflz3vw001y2r/T/tmp20isbacb/SvUTest
WARNING reporter [FAIL] source-qualcomm-license-headers-exist: Pattern '(Copyright|©).*Qualcomm Innovation Center, Inc|Qualcomm Technologies, Inc|Copyright (\\(c\\)|©) (20(1[2-9]|2[0-2])(-|,|\\s)*)+ The Linux Foundation' not found in GenAI-Solutions/GenAI-Studio/core-services/image-to-text/src/StreamChannel.h
WARNING reporter [FAIL] github-issue-template-exists: No file matching ['ISSUE_TEMPLATE*', 'ISSUE_TEMPLATE/**', '.github/ISSUE_TEMPLATE*', '.github/ISSUE_TEMPLATE/**'] found in: /var/folders/cj/rh7njyk91lx4s79wxsflz3vw001y2r/T/tmpdwtvxego/sample-apps-for-qualcomm-linux
WARNING reporter [FAIL] github-pull-request-template-exists: No file matching ['PULL_REQUEST_TEMPLATE*', 'PULL_REQUEST_TEMPLATE/**', '.github/PULL_REQUEST_TEMPLATE*', '.github/PULL_REQUEST_TEMPLATE/**'] found in: /var/folders/cj/rh7njyk91lx4s79wxsflz3vw001y2r/T/tmpdwtvxego/sample-apps-for-qualcomm-linux
WARNING reporter [FAIL] python-package-metadata-exists: No file matching ['setup.py', 'requirements.txt'] found in: /var/folders/cj/rh7njyk91lx4s79wxsflz3vw001y2r/T/tmpdwtvxego/sample-apps-for-qualcomm-linux
::warning title=Policy Violation: changelog-file-exists::No file matching ['CHANGELOG*'] found in: /var/folders/cj/rh7njyk91lx4s79wxsflz3vw001y2r/T/tmp20isbacb/SvUTest
::warning title=Policy Violation: test-directory-exists::No directory matching ['**/test*', '**/specs', '**/*test*'] found under /var/folders/cj/rh7njyk91lx4s79wxsflz3vw001y2r/T/tmp20isbacb/SvUTest
::warning title=Policy Violation: source-qualcomm-license-headers-exist,file=libqcomtee/src/linux/tee.h::Pattern '(Copyright|©).*Qualcomm Innovation Center, Inc|Qualcomm Technologies, Inc|Copyright (\\(c\\)|©) (20(1[2-9]|2[0-2])(-|,|\\s)*)+ The Linux Foundation' not found in libqcomtee/src/linux/tee.h
::warning title=Policy Violation: github-issue-template-exists::No file matching ['ISSUE_TEMPLATE*', 'ISSUE_TEMPLATE/**', '.github/ISSUE_TEMPLATE*', '.github/ISSUE_TEMPLATE/**'] found in: /var/folders/cj/rh7njyk91lx4s79wxsflz3vw001y2r/T/tmpxd4bwalm/quic-teec
::warning title=Policy Violation: github-pull-request-template-exists::No file matching ['PULL_REQUEST_TEMPLATE*', 'PULL_REQUEST_TEMPLATE/**', '.github/PULL_REQUEST_TEMPLATE*', '.github/PULL_REQUEST_TEMPLATE/**'] found in: /var/folders/cj/rh7njyk91lx4s79wxsflz3vw001y2r/T/tmpxd4bwalm/quic-teec
::warning title=Policy Violation: github-issue-template-exists::No file matching ['ISSUE_TEMPLATE*', 'ISSUE_TEMPLATE/**', '.github/ISSUE_TEMPLATE*', '.github/ISSUE_TEMPLATE/**'] found in: /var/folders/cj/rh7njyk91lx4s79wxsflz3vw001y2r/T/tmp20isbacb/SvUTest
::warning title=Policy Violation: github-pull-request-template-exists::No file matching ['PULL_REQUEST_TEMPLATE*', 'PULL_REQUEST_TEMPLATE/**', '.github/PULL_REQUEST_TEMPLATE*', '.github/PULL_REQUEST_TEMPLATE/**'] found in: /var/folders/cj/rh7njyk91lx4s79wxsflz3vw001y2r/T/tmp20isbacb/SvUTest
::warning title=Policy Violation: source-qualcomm-license-headers-exist,file=GenAI-Solutions/GenAI-Studio/core-services/image-to-text/src/StreamChannel.h::Pattern '(Copyright|©).*Qualcomm Innovation Center, Inc|Qualcomm Technologies, Inc|Copyright (\\(c\\)|©) (20(1[2-9]|2[0-2])(-|,|\\s)*)+ The Linux Foundation' not found in GenAI-Solutions/GenAI-Studio/core-services/image-to-text/src/StreamChannel.h
::warning title=Policy Violation: github-issue-template-exists::No file matching ['ISSUE_TEMPLATE*', 'ISSUE_TEMPLATE/**', '.github/ISSUE_TEMPLATE*', '.github/ISSUE_TEMPLATE/**'] found in: /var/folders/cj/rh7njyk91lx4s79wxsflz3vw001y2r/T/tmpdwtvxego/sample-apps-for-qualcomm-linux
::warning title=Policy Violation: github-pull-request-template-exists::No file matching ['PULL_REQUEST_TEMPLATE*', 'PULL_REQUEST_TEMPLATE/**', '.github/PULL_REQUEST_TEMPLATE*', '.github/PULL_REQUEST_TEMPLATE/**'] found in: /var/folders/cj/rh7njyk91lx4s79wxsflz3vw001y2r/T/tmpdwtvxego/sample-apps-for-qualcomm-linux
::warning title=Policy Violation: python-package-metadata-exists::No file matching ['setup.py', 'requirements.txt'] found in: /var/folders/cj/rh7njyk91lx4s79wxsflz3vw001y2r/T/tmpdwtvxego/sample-apps-for-qualcomm-linux
  [ 80/313] qualcomm/gunyah-test-vmm: 0 discrepancies
WARNING reporter [FAIL] changelog-file-exists: No file matching ['CHANGELOG*'] found in: /var/folders/cj/rh7njyk91lx4s79wxsflz3vw001y2r/T/tmplks3fznr/mkosi-qcom
WARNING reporter [FAIL] test-directory-exists: No directory matching ['**/test*', '**/specs', '**/*test*'] found under /var/folders/cj/rh7njyk91lx4s79wxsflz3vw001y2r/T/tmplks3fznr/mkosi-qcom
::warning title=Policy Violation: changelog-file-exists::No file matching ['CHANGELOG*'] found in: /var/folders/cj/rh7njyk91lx4s79wxsflz3vw001y2r/T/tmplks3fznr/mkosi-qcom
::warning title=Policy Violation: test-directory-exists::No directory matching ['**/test*', '**/specs', '**/*test*'] found under /var/folders/cj/rh7njyk91lx4s79wxsflz3vw001y2r/T/tmplks3fznr/mkosi-qcom
  [ 81/313] qualcomm/quic-teec: 1 discrepancies
WARNING reporter [FAIL] github-issue-template-exists: No file matching ['ISSUE_TEMPLATE*', 'ISSUE_TEMPLATE/**', '.github/ISSUE_TEMPLATE*', '.github/ISSUE_TEMPLATE/**'] found in: /var/folders/cj/rh7njyk91lx4s79wxsflz3vw001y2r/T/tmplks3fznr/mkosi-qcom
WARNING reporter [FAIL] github-pull-request-template-exists: No file matching ['PULL_REQUEST_TEMPLATE*', 'PULL_REQUEST_TEMPLATE/**', '.github/PULL_REQUEST_TEMPLATE*', '.github/PULL_REQUEST_TEMPLATE/**'] found in: /var/folders/cj/rh7njyk91lx4s79wxsflz3vw001y2r/T/tmplks3fznr/mkosi-qcom
::warning title=Policy Violation: github-issue-template-exists::No file matching ['ISSUE_TEMPLATE*', 'ISSUE_TEMPLATE/**', '.github/ISSUE_TEMPLATE*', '.github/ISSUE_TEMPLATE/**'] found in: /var/folders/cj/rh7njyk91lx4s79wxsflz3vw001y2r/T/tmplks3fznr/mkosi-qcom
::warning title=Policy Violation: github-pull-request-template-exists::No file matching ['PULL_REQUEST_TEMPLATE*', 'PULL_REQUEST_TEMPLATE/**', '.github/PULL_REQUEST_TEMPLATE*', '.github/PULL_REQUEST_TEMPLATE/**'] found in: /var/folders/cj/rh7njyk91lx4s79wxsflz3vw001y2r/T/tmplks3fznr/mkosi-qcom
  [ 82/313] qualcomm/SvUTest: 2 discrepancies
WARNING reporter [FAIL] changelog-file-exists: No file matching ['CHANGELOG*'] found in: /var/folders/cj/rh7njyk91lx4s79wxsflz3vw001y2r/T/tmpq8yk7ufw/qualcomm-repository-template
WARNING reporter [FAIL] test-directory-exists: No directory matching ['**/test*', '**/specs', '**/*test*'] found under /var/folders/cj/rh7njyk91lx4s79wxsflz3vw001y2r/T/tmpq8yk7ufw/qualcomm-repository-template
::warning title=Policy Violation: changelog-file-exists::No file matching ['CHANGELOG*'] found in: /var/folders/cj/rh7njyk91lx4s79wxsflz3vw001y2r/T/tmpq8yk7ufw/qualcomm-repository-template
::warning title=Policy Violation: test-directory-exists::No directory matching ['**/test*', '**/specs', '**/*test*'] found under /var/folders/cj/rh7njyk91lx4s79wxsflz3vw001y2r/T/tmpq8yk7ufw/qualcomm-repository-template
  [ 83/313] qualcomm/mkosi-qcom: 1 discrepancies
WARNING reporter [FAIL] changelog-file-exists: No file matching ['CHANGELOG*'] found in: /var/folders/cj/rh7njyk91lx4s79wxsflz3vw001y2r/T/tmphmtr7gd4/snapdragon-compute-samples
::warning title=Policy Violation: changelog-file-exists::No file matching ['CHANGELOG*'] found in: /var/folders/cj/rh7njyk91lx4s79wxsflz3vw001y2r/T/tmphmtr7gd4/snapdragon-compute-samples
  [ 84/313] qualcomm/qualcomm-repository-template: 1 discrepancies
WARNING reporter [FAIL] github-issue-template-exists: No file matching ['ISSUE_TEMPLATE*', 'ISSUE_TEMPLATE/**', '.github/ISSUE_TEMPLATE*', '.github/ISSUE_TEMPLATE/**'] found in: /var/folders/cj/rh7njyk91lx4s79wxsflz3vw001y2r/T/tmphmtr7gd4/snapdragon-compute-samples
WARNING reporter [FAIL] github-pull-request-template-exists: No file matching ['PULL_REQUEST_TEMPLATE*', 'PULL_REQUEST_TEMPLATE/**', '.github/PULL_REQUEST_TEMPLATE*', '.github/PULL_REQUEST_TEMPLATE/**'] found in: /var/folders/cj/rh7njyk91lx4s79wxsflz3vw001y2r/T/tmphmtr7gd4/snapdragon-compute-samples
WARNING reporter [FAIL] python-package-metadata-exists: No file matching ['setup.py', 'requirements.txt'] found in: /var/folders/cj/rh7njyk91lx4s79wxsflz3vw001y2r/T/tmphmtr7gd4/snapdragon-compute-samples
::warning title=Policy Violation: github-issue-template-exists::No file matching ['ISSUE_TEMPLATE*', 'ISSUE_TEMPLATE/**', '.github/ISSUE_TEMPLATE*', '.github/ISSUE_TEMPLATE/**'] found in: /var/folders/cj/rh7njyk91lx4s79wxsflz3vw001y2r/T/tmphmtr7gd4/snapdragon-compute-samples
::warning title=Policy Violation: github-pull-request-template-exists::No file matching ['PULL_REQUEST_TEMPLATE*', 'PULL_REQUEST_TEMPLATE/**', '.github/PULL_REQUEST_TEMPLATE*', '.github/PULL_REQUEST_TEMPLATE/**'] found in: /var/folders/cj/rh7njyk91lx4s79wxsflz3vw001y2r/T/tmphmtr7gd4/snapdragon-compute-samples
::warning title=Policy Violation: python-package-metadata-exists::No file matching ['setup.py', 'requirements.txt'] found in: /var/folders/cj/rh7njyk91lx4s79wxsflz3vw001y2r/T/tmphmtr7gd4/snapdragon-compute-samples
  [ 85/313] qualcomm/snapdragon-compute-samples: 0 discrepancies
WARNING reporter [FAIL] changelog-file-exists: No file matching ['CHANGELOG*'] found in: /var/folders/cj/rh7njyk91lx4s79wxsflz3vw001y2r/T/tmp7qq2bjil/qdlrs
WARNING reporter [FAIL] test-directory-exists: No directory matching ['**/test*', '**/specs', '**/*test*'] found under /var/folders/cj/rh7njyk91lx4s79wxsflz3vw001y2r/T/tmp7qq2bjil/qdlrs
WARNING reporter [FAIL] github-issue-template-exists: No file matching ['ISSUE_TEMPLATE*', 'ISSUE_TEMPLATE/**', '.github/ISSUE_TEMPLATE*', '.github/ISSUE_TEMPLATE/**'] found in: /var/folders/cj/rh7njyk91lx4s79wxsflz3vw001y2r/T/tmp7qq2bjil/qdlrs
WARNING reporter [FAIL] github-pull-request-template-exists: No file matching ['PULL_REQUEST_TEMPLATE*', 'PULL_REQUEST_TEMPLATE/**', '.github/PULL_REQUEST_TEMPLATE*', '.github/PULL_REQUEST_TEMPLATE/**'] found in: /var/folders/cj/rh7njyk91lx4s79wxsflz3vw001y2r/T/tmp7qq2bjil/qdlrs
WARNING reporter [FAIL] source-license-headers-exist: Pattern 'Copyright(\\s)*(\\(c\\)|©)?' not found in .github/actions/configure-aws-profile/cleanup.js
WARNING reporter [FAIL] changelog-file-exists: No file matching ['CHANGELOG*'] found in: /var/folders/cj/rh7njyk91lx4s79wxsflz3vw001y2r/T/tmpv2f5ygdn/minkipc
::warning title=Policy Violation: changelog-file-exists::No file matching ['CHANGELOG*'] found in: /var/folders/cj/rh7njyk91lx4s79wxsflz3vw001y2r/T/tmp7qq2bjil/qdlrs
::warning title=Policy Violation: test-directory-exists::No directory matching ['**/test*', '**/specs', '**/*test*'] found under /var/folders/cj/rh7njyk91lx4s79wxsflz3vw001y2r/T/tmp7qq2bjil/qdlrs
::warning title=Policy Violation: github-issue-template-exists::No file matching ['ISSUE_TEMPLATE*', 'ISSUE_TEMPLATE/**', '.github/ISSUE_TEMPLATE*', '.github/ISSUE_TEMPLATE/**'] found in: /var/folders/cj/rh7njyk91lx4s79wxsflz3vw001y2r/T/tmp7qq2bjil/qdlrs
::warning title=Policy Violation: github-pull-request-template-exists::No file matching ['PULL_REQUEST_TEMPLATE*', 'PULL_REQUEST_TEMPLATE/**', '.github/PULL_REQUEST_TEMPLATE*', '.github/PULL_REQUEST_TEMPLATE/**'] found in: /var/folders/cj/rh7njyk91lx4s79wxsflz3vw001y2r/T/tmp7qq2bjil/qdlrs
::error title=Policy Violation: source-license-headers-exist,file=.github/actions/configure-aws-profile/cleanup.js::Pattern 'Copyright(\\s)*(\\(c\\)|©)?' not found in .github/actions/configure-aws-profile/cleanup.js
::warning title=Policy Violation: changelog-file-exists::No file matching ['CHANGELOG*'] found in: /var/folders/cj/rh7njyk91lx4s79wxsflz3vw001y2r/T/tmpv2f5ygdn/minkipc
  [ 86/313] qualcomm/qdlrs: 0 discrepancies
WARNING reporter [FAIL] binaries-not-present: Binary file found (MIME: application/x-pie-executable): libmink/SDK/QTVM/idl/minkidl
::warning title=Policy Violation: binaries-not-present,file=libmink/SDK/QTVM/idl/minkidl::Binary file found (MIME: application/x-pie-executable): libmink/SDK/QTVM/idl/minkidl
  [ 87/313] qualcomm/sample-apps-for-qualcomm-linux: 0 discrepancies
WARNING reporter [FAIL] changelog-file-exists: No file matching ['CHANGELOG*'] found in: /var/folders/cj/rh7njyk91lx4s79wxsflz3vw001y2r/T/tmpkzuyrkof/dragonwing-iot-samples
WARNING reporter [FAIL] changelog-file-exists: No file matching ['CHANGELOG*'] found in: /var/folders/cj/rh7njyk91lx4s79wxsflz3vw001y2r/T/tmptfsgp2xh/commit-emails-check-action
WARNING reporter [FAIL] github-issue-template-exists: No file matching ['ISSUE_TEMPLATE*', 'ISSUE_TEMPLATE/**', '.github/ISSUE_TEMPLATE*', '.github/ISSUE_TEMPLATE/**'] found in: /var/folders/cj/rh7njyk91lx4s79wxsflz3vw001y2r/T/tmptfsgp2xh/commit-emails-check-action
WARNING reporter [FAIL] github-pull-request-template-exists: No file matching ['PULL_REQUEST_TEMPLATE*', 'PULL_REQUEST_TEMPLATE/**', '.github/PULL_REQUEST_TEMPLATE*', '.github/PULL_REQUEST_TEMPLATE/**'] found in: /var/folders/cj/rh7njyk91lx4s79wxsflz3vw001y2r/T/tmptfsgp2xh/commit-emails-check-action
WARNING reporter [FAIL] changelog-file-exists: No file matching ['CHANGELOG*'] found in: /var/folders/cj/rh7njyk91lx4s79wxsflz3vw001y2r/T/tmppkevshjy/copyright-license-checker-action
WARNING reporter [FAIL] source-license-headers-exist: Pattern 'SPDX-License-Identifier|Redistribution and use in source and binary forms, with or without' not found in ros2-mbot/ros2_ws/src/icm20948/test/test_copyright.py
WARNING reporter [FAIL] test-directory-exists: No directory matching ['**/test*', '**/specs', '**/*test*'] found under /var/folders/cj/rh7njyk91lx4s79wxsflz3vw001y2r/T/tmppkevshjy/copyright-license-checker-action
WARNING reporter [FAIL] source-license-headers-exist: Pattern 'SPDX-License-Identifier|Redistribution and use in source and binary forms, with or without' not found in main.py
WARNING reporter [FAIL] source-qualcomm-license-headers-exist: Pattern '(Copyright|©).*Qualcomm Innovation Center, Inc|Qualcomm Technologies, Inc|Copyright (\\(c\\)|©) (20(1[2-9]|2[0-2])(-|,|\\s)*)+ The Linux Foundation' not found in main.py
WARNING reporter [FAIL] github-issue-template-exists: No file matching ['ISSUE_TEMPLATE*', 'ISSUE_TEMPLATE/**', '.github/ISSUE_TEMPLATE*', '.github/ISSUE_TEMPLATE/**'] found in: /var/folders/cj/rh7njyk91lx4s79wxsflz3vw001y2r/T/tmppkevshjy/copyright-license-checker-action
WARNING reporter [FAIL] github-pull-request-template-exists: No file matching ['PULL_REQUEST_TEMPLATE*', 'PULL_REQUEST_TEMPLATE/**', '.github/PULL_REQUEST_TEMPLATE*', '.github/PULL_REQUEST_TEMPLATE/**'] found in: /var/folders/cj/rh7njyk91lx4s79wxsflz3vw001y2r/T/tmppkevshjy/copyright-license-checker-action
WARNING reporter [FAIL] source-qualcomm-license-headers-exist: Pattern '(Copyright|©).*Qualcomm Innovation Center, Inc|Qualcomm Technologies, Inc|Copyright (\\(c\\)|©) (20(1[2-9]|2[0-2])(-|,|\\s)*)+ The Linux Foundation' not found in ros2-mbot/ros2_ws/src/icm20948/test/test_copyright.py
WARNING reporter [FAIL] github-issue-template-exists: No file matching ['ISSUE_TEMPLATE*', 'ISSUE_TEMPLATE/**', '.github/ISSUE_TEMPLATE*', '.github/ISSUE_TEMPLATE/**'] found in: /var/folders/cj/rh7njyk91lx4s79wxsflz3vw001y2r/T/tmpkzuyrkof/dragonwing-iot-samples
WARNING reporter [FAIL] github-pull-request-template-exists: No file matching ['PULL_REQUEST_TEMPLATE*', 'PULL_REQUEST_TEMPLATE/**', '.github/PULL_REQUEST_TEMPLATE*', '.github/PULL_REQUEST_TEMPLATE/**'] found in: /var/folders/cj/rh7njyk91lx4s79wxsflz3vw001y2r/T/tmpkzuyrkof/dragonwing-iot-samples
WARNING reporter [FAIL] python-package-metadata-exists: No file matching ['setup.py', 'requirements.txt'] found in: /var/folders/cj/rh7njyk91lx4s79wxsflz3vw001y2r/T/tmpkzuyrkof/dragonwing-iot-samples
::warning title=Policy Violation: changelog-file-exists::No file matching ['CHANGELOG*'] found in: /var/folders/cj/rh7njyk91lx4s79wxsflz3vw001y2r/T/tmpkzuyrkof/dragonwing-iot-samples
::warning title=Policy Violation: changelog-file-exists::No file matching ['CHANGELOG*'] found in: /var/folders/cj/rh7njyk91lx4s79wxsflz3vw001y2r/T/tmptfsgp2xh/commit-emails-check-action
::warning title=Policy Violation: github-issue-template-exists::No file matching ['ISSUE_TEMPLATE*', 'ISSUE_TEMPLATE/**', '.github/ISSUE_TEMPLATE*', '.github/ISSUE_TEMPLATE/**'] found in: /var/folders/cj/rh7njyk91lx4s79wxsflz3vw001y2r/T/tmptfsgp2xh/commit-emails-check-action
::warning title=Policy Violation: github-pull-request-template-exists::No file matching ['PULL_REQUEST_TEMPLATE*', 'PULL_REQUEST_TEMPLATE/**', '.github/PULL_REQUEST_TEMPLATE*', '.github/PULL_REQUEST_TEMPLATE/**'] found in: /var/folders/cj/rh7njyk91lx4s79wxsflz3vw001y2r/T/tmptfsgp2xh/commit-emails-check-action
::warning title=Policy Violation: changelog-file-exists::No file matching ['CHANGELOG*'] found in: /var/folders/cj/rh7njyk91lx4s79wxsflz3vw001y2r/T/tmppkevshjy/copyright-license-checker-action
::error title=Policy Violation: source-license-headers-exist,file=ros2-mbot/ros2_ws/src/icm20948/test/test_copyright.py::Pattern 'SPDX-License-Identifier|Redistribution and use in source and binary forms, with or without' not found in ros2-mbot/ros2_ws/src/icm20948/test/test_copyright.py
::warning title=Policy Violation: test-directory-exists::No directory matching ['**/test*', '**/specs', '**/*test*'] found under /var/folders/cj/rh7njyk91lx4s79wxsflz3vw001y2r/T/tmppkevshjy/copyright-license-checker-action
::error title=Policy Violation: source-license-headers-exist,file=main.py::Pattern 'SPDX-License-Identifier|Redistribution and use in source and binary forms, with or without' not found in main.py
::warning title=Policy Violation: source-qualcomm-license-headers-exist,file=main.py::Pattern '(Copyright|©).*Qualcomm Innovation Center, Inc|Qualcomm Technologies, Inc|Copyright (\\(c\\)|©) (20(1[2-9]|2[0-2])(-|,|\\s)*)+ The Linux Foundation' not found in main.py
::warning title=Policy Violation: github-issue-template-exists::No file matching ['ISSUE_TEMPLATE*', 'ISSUE_TEMPLATE/**', '.github/ISSUE_TEMPLATE*', '.github/ISSUE_TEMPLATE/**'] found in: /var/folders/cj/rh7njyk91lx4s79wxsflz3vw001y2r/T/tmppkevshjy/copyright-license-checker-action
::warning title=Policy Violation: github-pull-request-template-exists::No file matching ['PULL_REQUEST_TEMPLATE*', 'PULL_REQUEST_TEMPLATE/**', '.github/PULL_REQUEST_TEMPLATE*', '.github/PULL_REQUEST_TEMPLATE/**'] found in: /var/folders/cj/rh7njyk91lx4s79wxsflz3vw001y2r/T/tmppkevshjy/copyright-license-checker-action
::warning title=Policy Violation: source-qualcomm-license-headers-exist,file=ros2-mbot/ros2_ws/src/icm20948/test/test_copyright.py::Pattern '(Copyright|©).*Qualcomm Innovation Center, Inc|Qualcomm Technologies, Inc|Copyright (\\(c\\)|©) (20(1[2-9]|2[0-2])(-|,|\\s)*)+ The Linux Foundation' not found in ros2-mbot/ros2_ws/src/icm20948/test/test_copyright.py
::warning title=Policy Violation: github-issue-template-exists::No file matching ['ISSUE_TEMPLATE*', 'ISSUE_TEMPLATE/**', '.github/ISSUE_TEMPLATE*', '.github/ISSUE_TEMPLATE/**'] found in: /var/folders/cj/rh7njyk91lx4s79wxsflz3vw001y2r/T/tmpkzuyrkof/dragonwing-iot-samples
::warning title=Policy Violation: github-pull-request-template-exists::No file matching ['PULL_REQUEST_TEMPLATE*', 'PULL_REQUEST_TEMPLATE/**', '.github/PULL_REQUEST_TEMPLATE*', '.github/PULL_REQUEST_TEMPLATE/**'] found in: /var/folders/cj/rh7njyk91lx4s79wxsflz3vw001y2r/T/tmpkzuyrkof/dragonwing-iot-samples
::warning title=Policy Violation: python-package-metadata-exists::No file matching ['setup.py', 'requirements.txt'] found in: /var/folders/cj/rh7njyk91lx4s79wxsflz3vw001y2r/T/tmpkzuyrkof/dragonwing-iot-samples
  [ 88/313] qualcomm/commit-emails-check-action: 0 discrepancies
  [ 89/313] qualcomm/copyright-license-checker-action: 0 discrepancies
  [ 90/313] qualcomm/dragonwing-iot-samples: 0 discrepancies
WARNING reporter [FAIL] changelog-file-exists: No file matching ['CHANGELOG*'] found in: /var/folders/cj/rh7njyk91lx4s79wxsflz3vw001y2r/T/tmp51yppxmx/cloudai-inference-samples
WARNING reporter [FAIL] source-qualcomm-license-headers-exist: Pattern '(Copyright|©).*Qualcomm Innovation Center, Inc|Qualcomm Technologies, Inc|Copyright (\\(c\\)|©) (20(1[2-9]|2[0-2])(-|,|\\s)*)+ The Linux Foundation' not found in .github/actions/configure-aws-profile/cleanup.js
WARNING reporter [FAIL] javascript-package-metadata-exists: No file matching ['package.json'] found in: /var/folders/cj/rh7njyk91lx4s79wxsflz3vw001y2r/T/tmpeepujmvw/ai-hub-models
WARNING reporter [FAIL] python-package-metadata-exists: No file matching ['setup.py', 'requirements.txt'] found in: /var/folders/cj/rh7njyk91lx4s79wxsflz3vw001y2r/T/tmpeepujmvw/ai-hub-models
WARNING reporter [FAIL] test-directory-exists: No directory matching ['**/test*', '**/specs', '**/*test*'] found under /var/folders/cj/rh7njyk91lx4s79wxsflz3vw001y2r/T/tmp51yppxmx/cloudai-inference-samples
WARNING reporter [FAIL] source-license-headers-exist: Pattern 'Copyright(\\s)*(\\(c\\)|©)?' not found in llm-compare/endpoints.js
WARNING reporter [FAIL] source-qualcomm-license-headers-exist: Pattern '(Copyright|©).*Qualcomm Innovation Center, Inc|Qualcomm Technologies, Inc|Copyright (\\(c\\)|©) (20(1[2-9]|2[0-2])(-|,|\\s)*)+ The Linux Foundation' not found in llm-compare/endpoints.js
WARNING reporter [FAIL] github-issue-template-exists: No file matching ['ISSUE_TEMPLATE*', 'ISSUE_TEMPLATE/**', '.github/ISSUE_TEMPLATE*', '.github/ISSUE_TEMPLATE/**'] found in: /var/folders/cj/rh7njyk91lx4s79wxsflz3vw001y2r/T/tmp51yppxmx/cloudai-inference-samples
WARNING reporter [FAIL] github-pull-request-template-exists: No file matching ['PULL_REQUEST_TEMPLATE*', 'PULL_REQUEST_TEMPLATE/**', '.github/PULL_REQUEST_TEMPLATE*', '.github/PULL_REQUEST_TEMPLATE/**'] found in: /var/folders/cj/rh7njyk91lx4s79wxsflz3vw001y2r/T/tmp51yppxmx/cloudai-inference-samples
WARNING reporter [FAIL] javascript-package-metadata-exists: No file matching ['package.json'] found in: /var/folders/cj/rh7njyk91lx4s79wxsflz3vw001y2r/T/tmp51yppxmx/cloudai-inference-samples
WARNING reporter [FAIL] changelog-file-exists: No file matching ['CHANGELOG*'] found in: /var/folders/cj/rh7njyk91lx4s79wxsflz3vw001y2r/T/tmpnajyw7d0/abl2esp
WARNING reporter [FAIL] test-directory-exists: No directory matching ['**/test*', '**/specs', '**/*test*'] found under /var/folders/cj/rh7njyk91lx4s79wxsflz3vw001y2r/T/tmpnajyw7d0/abl2esp
WARNING reporter [FAIL] changelog-file-exists: No file matching ['CHANGELOG*'] found in: /var/folders/cj/rh7njyk91lx4s79wxsflz3vw001y2r/T/tmp26woplb6/fastboot.efi
WARNING reporter [FAIL] source-qualcomm-license-headers-exist: Pattern '(Copyright|©).*Qualcomm Innovation Center, Inc|Qualcomm Technologies, Inc|Copyright (\\(c\\)|©) (20(1[2-9]|2[0-2])(-|,|\\s)*)+ The Linux Foundation' not found in package.sh
WARNING reporter [FAIL] github-issue-template-exists: No file matching ['ISSUE_TEMPLATE*', 'ISSUE_TEMPLATE/**', '.github/ISSUE_TEMPLATE*', '.github/ISSUE_TEMPLATE/**'] found in: /var/folders/cj/rh7njyk91lx4s79wxsflz3vw001y2r/T/tmpnajyw7d0/abl2esp
WARNING reporter [FAIL] github-pull-request-template-exists: No file matching ['PULL_REQUEST_TEMPLATE*', 'PULL_REQUEST_TEMPLATE/**', '.github/PULL_REQUEST_TEMPLATE*', '.github/PULL_REQUEST_TEMPLATE/**'] found in: /var/folders/cj/rh7njyk91lx4s79wxsflz3vw001y2r/T/tmpnajyw7d0/abl2esp
WARNING reporter [FAIL] python-package-metadata-exists: No file matching ['setup.py', 'requirements.txt'] found in: /var/folders/cj/rh7njyk91lx4s79wxsflz3vw001y2r/T/tmpnajyw7d0/abl2esp
WARNING reporter [FAIL] test-directory-exists: No directory matching ['**/test*', '**/specs', '**/*test*'] found under /var/folders/cj/rh7njyk91lx4s79wxsflz3vw001y2r/T/tmp26woplb6/fastboot.efi
WARNING reporter [FAIL] source-qualcomm-license-headers-exist: Pattern '(Copyright|©).*Qualcomm Innovation Center, Inc|Qualcomm Technologies, Inc|Copyright (\\(c\\)|©) (20(1[2-9]|2[0-2])(-|,|\\s)*)+ The Linux Foundation' not found in libminkadaptor/src/linux/tee.h
WARNING reporter [FAIL] github-issue-template-exists: No file matching ['ISSUE_TEMPLATE*', 'ISSUE_TEMPLATE/**', '.github/ISSUE_TEMPLATE*', '.github/ISSUE_TEMPLATE/**'] found in: /var/folders/cj/rh7njyk91lx4s79wxsflz3vw001y2r/T/tmpv2f5ygdn/minkipc
WARNING reporter [FAIL] github-pull-request-template-exists: No file matching ['PULL_REQUEST_TEMPLATE*', 'PULL_REQUEST_TEMPLATE/**', '.github/PULL_REQUEST_TEMPLATE*', '.github/PULL_REQUEST_TEMPLATE/**'] found in: /var/folders/cj/rh7njyk91lx4s79wxsflz3vw001y2r/T/tmpv2f5ygdn/minkipc
WARNING reporter [FAIL] python-package-metadata-exists: No file matching ['setup.py', 'requirements.txt'] found in: /var/folders/cj/rh7njyk91lx4s79wxsflz3vw001y2r/T/tmpv2f5ygdn/minkipc
WARNING reporter [FAIL] source-qualcomm-license-headers-exist: Pattern '(Copyright|©).*Qualcomm Innovation Center, Inc|Qualcomm Technologies, Inc|Copyright (\\(c\\)|©) (20(1[2-9]|2[0-2])(-|,|\\s)*)+ The Linux Foundation' not found in build-img.sh
WARNING reporter [FAIL] github-issue-template-exists: No file matching ['ISSUE_TEMPLATE*', 'ISSUE_TEMPLATE/**', '.github/ISSUE_TEMPLATE*', '.github/ISSUE_TEMPLATE/**'] found in: /var/folders/cj/rh7njyk91lx4s79wxsflz3vw001y2r/T/tmp26woplb6/fastboot.efi
WARNING reporter [FAIL] github-pull-request-template-exists: No file matching ['PULL_REQUEST_TEMPLATE*', 'PULL_REQUEST_TEMPLATE/**', '.github/PULL_REQUEST_TEMPLATE*', '.github/PULL_REQUEST_TEMPLATE/**'] found in: /var/folders/cj/rh7njyk91lx4s79wxsflz3vw001y2r/T/tmp26woplb6/fastboot.efi
WARNING reporter [FAIL] rust-package-metadata-exists: No file matching ['**/Cargo.toml', '**/Cargo.lock'] found in: /var/folders/cj/rh7njyk91lx4s79wxsflz3vw001y2r/T/tmpv2f5ygdn/minkipc
::warning title=Policy Violation: changelog-file-exists::No file matching ['CHANGELOG*'] found in: /var/folders/cj/rh7njyk91lx4s79wxsflz3vw001y2r/T/tmp51yppxmx/cloudai-inference-samples
::warning title=Policy Violation: source-qualcomm-license-headers-exist,file=.github/actions/configure-aws-profile/cleanup.js::Pattern '(Copyright|©).*Qualcomm Innovation Center, Inc|Qualcomm Technologies, Inc|Copyright (\\(c\\)|©) (20(1[2-9]|2[0-2])(-|,|\\s)*)+ The Linux Foundation' not found in .github/actions/configure-aws-profile/cleanup.js
::warning title=Policy Violation: javascript-package-metadata-exists::No file matching ['package.json'] found in: /var/folders/cj/rh7njyk91lx4s79wxsflz3vw001y2r/T/tmpeepujmvw/ai-hub-models
::warning title=Policy Violation: python-package-metadata-exists::No file matching ['setup.py', 'requirements.txt'] found in: /var/folders/cj/rh7njyk91lx4s79wxsflz3vw001y2r/T/tmpeepujmvw/ai-hub-models
::warning title=Policy Violation: test-directory-exists::No directory matching ['**/test*', '**/specs', '**/*test*'] found under /var/folders/cj/rh7njyk91lx4s79wxsflz3vw001y2r/T/tmp51yppxmx/cloudai-inference-samples
::error title=Policy Violation: source-license-headers-exist,file=llm-compare/endpoints.js::Pattern 'Copyright(\\s)*(\\(c\\)|©)?' not found in llm-compare/endpoints.js
::warning title=Policy Violation: source-qualcomm-license-headers-exist,file=llm-compare/endpoints.js::Pattern '(Copyright|©).*Qualcomm Innovation Center, Inc|Qualcomm Technologies, Inc|Copyright (\\(c\\)|©) (20(1[2-9]|2[0-2])(-|,|\\s)*)+ The Linux Foundation' not found in llm-compare/endpoints.js
::warning title=Policy Violation: github-issue-template-exists::No file matching ['ISSUE_TEMPLATE*', 'ISSUE_TEMPLATE/**', '.github/ISSUE_TEMPLATE*', '.github/ISSUE_TEMPLATE/**'] found in: /var/folders/cj/rh7njyk91lx4s79wxsflz3vw001y2r/T/tmp51yppxmx/cloudai-inference-samples
::warning title=Policy Violation: github-pull-request-template-exists::No file matching ['PULL_REQUEST_TEMPLATE*', 'PULL_REQUEST_TEMPLATE/**', '.github/PULL_REQUEST_TEMPLATE*', '.github/PULL_REQUEST_TEMPLATE/**'] found in: /var/folders/cj/rh7njyk91lx4s79wxsflz3vw001y2r/T/tmp51yppxmx/cloudai-inference-samples
::warning title=Policy Violation: javascript-package-metadata-exists::No file matching ['package.json'] found in: /var/folders/cj/rh7njyk91lx4s79wxsflz3vw001y2r/T/tmp51yppxmx/cloudai-inference-samples
::warning title=Policy Violation: changelog-file-exists::No file matching ['CHANGELOG*'] found in: /var/folders/cj/rh7njyk91lx4s79wxsflz3vw001y2r/T/tmpnajyw7d0/abl2esp
::warning title=Policy Violation: test-directory-exists::No directory matching ['**/test*', '**/specs', '**/*test*'] found under /var/folders/cj/rh7njyk91lx4s79wxsflz3vw001y2r/T/tmpnajyw7d0/abl2esp
::warning title=Policy Violation: changelog-file-exists::No file matching ['CHANGELOG*'] found in: /var/folders/cj/rh7njyk91lx4s79wxsflz3vw001y2r/T/tmp26woplb6/fastboot.efi
::warning title=Policy Violation: source-qualcomm-license-headers-exist,file=package.sh::Pattern '(Copyright|©).*Qualcomm Innovation Center, Inc|Qualcomm Technologies, Inc|Copyright (\\(c\\)|©) (20(1[2-9]|2[0-2])(-|,|\\s)*)+ The Linux Foundation' not found in package.sh
::warning title=Policy Violation: github-issue-template-exists::No file matching ['ISSUE_TEMPLATE*', 'ISSUE_TEMPLATE/**', '.github/ISSUE_TEMPLATE*', '.github/ISSUE_TEMPLATE/**'] found in: /var/folders/cj/rh7njyk91lx4s79wxsflz3vw001y2r/T/tmpnajyw7d0/abl2esp
::warning title=Policy Violation: github-pull-request-template-exists::No file matching ['PULL_REQUEST_TEMPLATE*', 'PULL_REQUEST_TEMPLATE/**', '.github/PULL_REQUEST_TEMPLATE*', '.github/PULL_REQUEST_TEMPLATE/**'] found in: /var/folders/cj/rh7njyk91lx4s79wxsflz3vw001y2r/T/tmpnajyw7d0/abl2esp
::warning title=Policy Violation: python-package-metadata-exists::No file matching ['setup.py', 'requirements.txt'] found in: /var/folders/cj/rh7njyk91lx4s79wxsflz3vw001y2r/T/tmpnajyw7d0/abl2esp
::warning title=Policy Violation: test-directory-exists::No directory matching ['**/test*', '**/specs', '**/*test*'] found under /var/folders/cj/rh7njyk91lx4s79wxsflz3vw001y2r/T/tmp26woplb6/fastboot.efi
::warning title=Policy Violation: source-qualcomm-license-headers-exist,file=libminkadaptor/src/linux/tee.h::Pattern '(Copyright|©).*Qualcomm Innovation Center, Inc|Qualcomm Technologies, Inc|Copyright (\\(c\\)|©) (20(1[2-9]|2[0-2])(-|,|\\s)*)+ The Linux Foundation' not found in libminkadaptor/src/linux/tee.h
::warning title=Policy Violation: github-issue-template-exists::No file matching ['ISSUE_TEMPLATE*', 'ISSUE_TEMPLATE/**', '.github/ISSUE_TEMPLATE*', '.github/ISSUE_TEMPLATE/**'] found in: /var/folders/cj/rh7njyk91lx4s79wxsflz3vw001y2r/T/tmpv2f5ygdn/minkipc
::warning title=Policy Violation: github-pull-request-template-exists::No file matching ['PULL_REQUEST_TEMPLATE*', 'PULL_REQUEST_TEMPLATE/**', '.github/PULL_REQUEST_TEMPLATE*', '.github/PULL_REQUEST_TEMPLATE/**'] found in: /var/folders/cj/rh7njyk91lx4s79wxsflz3vw001y2r/T/tmpv2f5ygdn/minkipc
::warning title=Policy Violation: python-package-metadata-exists::No file matching ['setup.py', 'requirements.txt'] found in: /var/folders/cj/rh7njyk91lx4s79wxsflz3vw001y2r/T/tmpv2f5ygdn/minkipc
::warning title=Policy Violation: source-qualcomm-license-headers-exist,file=build-img.sh::Pattern '(Copyright|©).*Qualcomm Innovation Center, Inc|Qualcomm Technologies, Inc|Copyright (\\(c\\)|©) (20(1[2-9]|2[0-2])(-|,|\\s)*)+ The Linux Foundation' not found in build-img.sh
::warning title=Policy Violation: github-issue-template-exists::No file matching ['ISSUE_TEMPLATE*', 'ISSUE_TEMPLATE/**', '.github/ISSUE_TEMPLATE*', '.github/ISSUE_TEMPLATE/**'] found in: /var/folders/cj/rh7njyk91lx4s79wxsflz3vw001y2r/T/tmp26woplb6/fastboot.efi
::warning title=Policy Violation: github-pull-request-template-exists::No file matching ['PULL_REQUEST_TEMPLATE*', 'PULL_REQUEST_TEMPLATE/**', '.github/PULL_REQUEST_TEMPLATE*', '.github/PULL_REQUEST_TEMPLATE/**'] found in: /var/folders/cj/rh7njyk91lx4s79wxsflz3vw001y2r/T/tmp26woplb6/fastboot.efi
::error title=Policy Violation: rust-package-metadata-exists::No file matching ['**/Cargo.toml', '**/Cargo.lock'] found in: /var/folders/cj/rh7njyk91lx4s79wxsflz3vw001y2r/T/tmpv2f5ygdn/minkipc
  [ 91/313] qualcomm/cloudai-inference-samples: 0 discrepancies
  [ 92/313] qualcomm/abl2esp: 0 discrepancies
  [ 93/313] qualcomm/fastboot.efi: 0 discrepancies
WARNING reporter [FAIL] contributing-file-exists: No file matching ['{docs/,.github/,}CONTRIB*'] found in: /var/folders/cj/rh7njyk91lx4s79wxsflz3vw001y2r/T/tmpl3yac4v4/gigi-samples
WARNING reporter [FAIL] github-issue-template-exists: No file matching ['ISSUE_TEMPLATE*', 'ISSUE_TEMPLATE/**', '.github/ISSUE_TEMPLATE*', '.github/ISSUE_TEMPLATE/**'] found in: /var/folders/cj/rh7njyk91lx4s79wxsflz3vw001y2r/T/tmpeexc7x0m/langchain-qualcomm-inference-suite
WARNING reporter [FAIL] github-pull-request-template-exists: No file matching ['PULL_REQUEST_TEMPLATE*', 'PULL_REQUEST_TEMPLATE/**', '.github/PULL_REQUEST_TEMPLATE*', '.github/PULL_REQUEST_TEMPLATE/**'] found in: /var/folders/cj/rh7njyk91lx4s79wxsflz3vw001y2r/T/tmpeexc7x0m/langchain-qualcomm-inference-suite
WARNING reporter [FAIL] python-package-metadata-exists: No file matching ['setup.py', 'requirements.txt'] found in: /var/folders/cj/rh7njyk91lx4s79wxsflz3vw001y2r/T/tmpeexc7x0m/langchain-qualcomm-inference-suite
::warning title=Policy Violation: contributing-file-exists::No file matching ['{docs/,.github/,}CONTRIB*'] found in: /var/folders/cj/rh7njyk91lx4s79wxsflz3vw001y2r/T/tmpl3yac4v4/gigi-samples
::warning title=Policy Violation: github-issue-template-exists::No file matching ['ISSUE_TEMPLATE*', 'ISSUE_TEMPLATE/**', '.github/ISSUE_TEMPLATE*', '.github/ISSUE_TEMPLATE/**'] found in: /var/folders/cj/rh7njyk91lx4s79wxsflz3vw001y2r/T/tmpeexc7x0m/langchain-qualcomm-inference-suite
::warning title=Policy Violation: github-pull-request-template-exists::No file matching ['PULL_REQUEST_TEMPLATE*', 'PULL_REQUEST_TEMPLATE/**', '.github/PULL_REQUEST_TEMPLATE*', '.github/PULL_REQUEST_TEMPLATE/**'] found in: /var/folders/cj/rh7njyk91lx4s79wxsflz3vw001y2r/T/tmpeexc7x0m/langchain-qualcomm-inference-suite
::warning title=Policy Violation: python-package-metadata-exists::No file matching ['setup.py', 'requirements.txt'] found in: /var/folders/cj/rh7njyk91lx4s79wxsflz3vw001y2r/T/tmpeexc7x0m/langchain-qualcomm-inference-suite
  [ 94/313] qualcomm/minkipc: 1 discrepancies
WARNING reporter [FAIL] code-of-conduct-file-exists: No file matching ['{docs/,.github/,}CODEOFCONDUCT*', '{docs/,.github/,}CODE-OF-CONDUCT*', '{docs/,.github/,}CODE_OF_CONDUCT*'] found in: /var/folders/cj/rh7njyk91lx4s79wxsflz3vw001y2r/T/tmpl3yac4v4/gigi-samples
WARNING reporter [FAIL] changelog-file-exists: No file matching ['CHANGELOG*'] found in: /var/folders/cj/rh7njyk91lx4s79wxsflz3vw001y2r/T/tmpl3yac4v4/gigi-samples
WARNING reporter [FAIL] test-directory-exists: No directory matching ['**/test*', '**/specs', '**/*test*'] found under /var/folders/cj/rh7njyk91lx4s79wxsflz3vw001y2r/T/tmpl3yac4v4/gigi-samples
WARNING reporter [FAIL] changelog-file-exists: No file matching ['CHANGELOG*'] found in: /var/folders/cj/rh7njyk91lx4s79wxsflz3vw001y2r/T/tmp579setjy/awesome-qualcomm-developer
WARNING reporter [FAIL] test-directory-exists: No directory matching ['**/test*', '**/specs', '**/*test*'] found under /var/folders/cj/rh7njyk91lx4s79wxsflz3vw001y2r/T/tmp579setjy/awesome-qualcomm-developer
WARNING reporter [FAIL] github-issue-template-exists: No file matching ['ISSUE_TEMPLATE*', 'ISSUE_TEMPLATE/**', '.github/ISSUE_TEMPLATE*', '.github/ISSUE_TEMPLATE/**'] found in: /var/folders/cj/rh7njyk91lx4s79wxsflz3vw001y2r/T/tmpl3yac4v4/gigi-samples
WARNING reporter [FAIL] github-pull-request-template-exists: No file matching ['PULL_REQUEST_TEMPLATE*', 'PULL_REQUEST_TEMPLATE/**', '.github/PULL_REQUEST_TEMPLATE*', '.github/PULL_REQUEST_TEMPLATE/**'] found in: /var/folders/cj/rh7njyk91lx4s79wxsflz3vw001y2r/T/tmpl3yac4v4/gigi-samples
WARNING reporter [FAIL] github-issue-template-exists: No file matching ['ISSUE_TEMPLATE*', 'ISSUE_TEMPLATE/**', '.github/ISSUE_TEMPLATE*', '.github/ISSUE_TEMPLATE/**'] found in: /var/folders/cj/rh7njyk91lx4s79wxsflz3vw001y2r/T/tmp579setjy/awesome-qualcomm-developer
WARNING reporter [FAIL] github-pull-request-template-exists: No file matching ['PULL_REQUEST_TEMPLATE*', 'PULL_REQUEST_TEMPLATE/**', '.github/PULL_REQUEST_TEMPLATE*', '.github/PULL_REQUEST_TEMPLATE/**'] found in: /var/folders/cj/rh7njyk91lx4s79wxsflz3vw001y2r/T/tmp579setjy/awesome-qualcomm-developer
::warning title=Policy Violation: code-of-conduct-file-exists::No file matching ['{docs/,.github/,}CODEOFCONDUCT*', '{docs/,.github/,}CODE-OF-CONDUCT*', '{docs/,.github/,}CODE_OF_CONDUCT*'] found in: /var/folders/cj/rh7njyk91lx4s79wxsflz3vw001y2r/T/tmpl3yac4v4/gigi-samples
::warning title=Policy Violation: changelog-file-exists::No file matching ['CHANGELOG*'] found in: /var/folders/cj/rh7njyk91lx4s79wxsflz3vw001y2r/T/tmpl3yac4v4/gigi-samples
::warning title=Policy Violation: test-directory-exists::No directory matching ['**/test*', '**/specs', '**/*test*'] found under /var/folders/cj/rh7njyk91lx4s79wxsflz3vw001y2r/T/tmpl3yac4v4/gigi-samples
::warning title=Policy Violation: changelog-file-exists::No file matching ['CHANGELOG*'] found in: /var/folders/cj/rh7njyk91lx4s79wxsflz3vw001y2r/T/tmp579setjy/awesome-qualcomm-developer
::warning title=Policy Violation: test-directory-exists::No directory matching ['**/test*', '**/specs', '**/*test*'] found under /var/folders/cj/rh7njyk91lx4s79wxsflz3vw001y2r/T/tmp579setjy/awesome-qualcomm-developer
::warning title=Policy Violation: github-issue-template-exists::No file matching ['ISSUE_TEMPLATE*', 'ISSUE_TEMPLATE/**', '.github/ISSUE_TEMPLATE*', '.github/ISSUE_TEMPLATE/**'] found in: /var/folders/cj/rh7njyk91lx4s79wxsflz3vw001y2r/T/tmpl3yac4v4/gigi-samples
::warning title=Policy Violation: github-pull-request-template-exists::No file matching ['PULL_REQUEST_TEMPLATE*', 'PULL_REQUEST_TEMPLATE/**', '.github/PULL_REQUEST_TEMPLATE*', '.github/PULL_REQUEST_TEMPLATE/**'] found in: /var/folders/cj/rh7njyk91lx4s79wxsflz3vw001y2r/T/tmpl3yac4v4/gigi-samples
::warning title=Policy Violation: github-issue-template-exists::No file matching ['ISSUE_TEMPLATE*', 'ISSUE_TEMPLATE/**', '.github/ISSUE_TEMPLATE*', '.github/ISSUE_TEMPLATE/**'] found in: /var/folders/cj/rh7njyk91lx4s79wxsflz3vw001y2r/T/tmp579setjy/awesome-qualcomm-developer
::warning title=Policy Violation: github-pull-request-template-exists::No file matching ['PULL_REQUEST_TEMPLATE*', 'PULL_REQUEST_TEMPLATE/**', '.github/PULL_REQUEST_TEMPLATE*', '.github/PULL_REQUEST_TEMPLATE/**'] found in: /var/folders/cj/rh7njyk91lx4s79wxsflz3vw001y2r/T/tmp579setjy/awesome-qualcomm-developer
  [ 95/313] qualcomm/langchain-qualcomm-inference-suite: 0 discrepancies
  [ 96/313] qualcomm/ai-hub-models: 0 discrepancies
  [ 97/313] qualcomm/gigi-samples: 1 discrepancies
  [ 98/313] qualcomm/awesome-qualcomm-developer: 0 discrepancies
WARNING reporter [FAIL] changelog-file-exists: No file matching ['CHANGELOG*'] found in: /var/folders/cj/rh7njyk91lx4s79wxsflz3vw001y2r/T/tmp4u4c_6xs/qcom-actions
WARNING reporter [FAIL] test-directory-exists: No directory matching ['**/test*', '**/specs', '**/*test*'] found under /var/folders/cj/rh7njyk91lx4s79wxsflz3vw001y2r/T/tmp4u4c_6xs/qcom-actions
WARNING reporter [FAIL] github-issue-template-exists: No file matching ['ISSUE_TEMPLATE*', 'ISSUE_TEMPLATE/**', '.github/ISSUE_TEMPLATE*', '.github/ISSUE_TEMPLATE/**'] found in: /var/folders/cj/rh7njyk91lx4s79wxsflz3vw001y2r/T/tmp4u4c_6xs/qcom-actions
WARNING reporter [FAIL] github-pull-request-template-exists: No file matching ['PULL_REQUEST_TEMPLATE*', 'PULL_REQUEST_TEMPLATE/**', '.github/PULL_REQUEST_TEMPLATE*', '.github/PULL_REQUEST_TEMPLATE/**'] found in: /var/folders/cj/rh7njyk91lx4s79wxsflz3vw001y2r/T/tmp4u4c_6xs/qcom-actions
WARNING reporter [FAIL] changelog-file-exists: No file matching ['CHANGELOG*'] found in: /var/folders/cj/rh7njyk91lx4s79wxsflz3vw001y2r/T/tmp6214mhqx/qcom-reusable-workflows
WARNING reporter [FAIL] test-directory-exists: No directory matching ['**/test*', '**/specs', '**/*test*'] found under /var/folders/cj/rh7njyk91lx4s79wxsflz3vw001y2r/T/tmp6214mhqx/qcom-reusable-workflows
WARNING reporter [FAIL] changelog-file-exists: No file matching ['CHANGELOG*'] found in: /var/folders/cj/rh7njyk91lx4s79wxsflz3vw001y2r/T/tmp2h3_ox4g/bt-rviz
WARNING reporter [FAIL] test-directory-exists: No directory matching ['**/test*', '**/specs', '**/*test*'] found under /var/folders/cj/rh7njyk91lx4s79wxsflz3vw001y2r/T/tmp2h3_ox4g/bt-rviz
::warning title=Policy Violation: changelog-file-exists::No file matching ['CHANGELOG*'] found in: /var/folders/cj/rh7njyk91lx4s79wxsflz3vw001y2r/T/tmp4u4c_6xs/qcom-actions
::warning title=Policy Violation: test-directory-exists::No directory matching ['**/test*', '**/specs', '**/*test*'] found under /var/folders/cj/rh7njyk91lx4s79wxsflz3vw001y2r/T/tmp4u4c_6xs/qcom-actions
::warning title=Policy Violation: github-issue-template-exists::No file matching ['ISSUE_TEMPLATE*', 'ISSUE_TEMPLATE/**', '.github/ISSUE_TEMPLATE*', '.github/ISSUE_TEMPLATE/**'] found in: /var/folders/cj/rh7njyk91lx4s79wxsflz3vw001y2r/T/tmp4u4c_6xs/qcom-actions
::warning title=Policy Violation: github-pull-request-template-exists::No file matching ['PULL_REQUEST_TEMPLATE*', 'PULL_REQUEST_TEMPLATE/**', '.github/PULL_REQUEST_TEMPLATE*', '.github/PULL_REQUEST_TEMPLATE/**'] found in: /var/folders/cj/rh7njyk91lx4s79wxsflz3vw001y2r/T/tmp4u4c_6xs/qcom-actions
::warning title=Policy Violation: changelog-file-exists::No file matching ['CHANGELOG*'] found in: /var/folders/cj/rh7njyk91lx4s79wxsflz3vw001y2r/T/tmp6214mhqx/qcom-reusable-workflows
::warning title=Policy Violation: test-directory-exists::No directory matching ['**/test*', '**/specs', '**/*test*'] found under /var/folders/cj/rh7njyk91lx4s79wxsflz3vw001y2r/T/tmp6214mhqx/qcom-reusable-workflows
::warning title=Policy Violation: changelog-file-exists::No file matching ['CHANGELOG*'] found in: /var/folders/cj/rh7njyk91lx4s79wxsflz3vw001y2r/T/tmp2h3_ox4g/bt-rviz
::warning title=Policy Violation: test-directory-exists::No directory matching ['**/test*', '**/specs', '**/*test*'] found under /var/folders/cj/rh7njyk91lx4s79wxsflz3vw001y2r/T/tmp2h3_ox4g/bt-rviz
  [ 99/313] qualcomm/qcom-actions: 1 discrepancies
  [100/313] qualcomm/qcom-reusable-workflows: 1 discrepancies
  [101/313] qualcomm/bt-rviz: 0 discrepancies
WARNING reporter [FAIL] changelog-file-exists: No file matching ['CHANGELOG*'] found in: /var/folders/cj/rh7njyk91lx4s79wxsflz3vw001y2r/T/tmpavi638bq/fastrpc-image
WARNING reporter [FAIL] test-directory-exists: No directory matching ['**/test*', '**/specs', '**/*test*'] found under /var/folders/cj/rh7njyk91lx4s79wxsflz3vw001y2r/T/tmpavi638bq/fastrpc-image
WARNING reporter [FAIL] source-qualcomm-license-headers-exist: Pattern '(Copyright|©).*Qualcomm Innovation Center, Inc|Qualcomm Technologies, Inc|Copyright (\\(c\\)|©) (20(1[2-9]|2[0-2])(-|,|\\s)*)+ The Linux Foundation' not found in generate_boot_bins.sh
WARNING reporter [FAIL] github-issue-template-exists: No file matching ['ISSUE_TEMPLATE*', 'ISSUE_TEMPLATE/**', '.github/ISSUE_TEMPLATE*', '.github/ISSUE_TEMPLATE/**'] found in: /var/folders/cj/rh7njyk91lx4s79wxsflz3vw001y2r/T/tmpavi638bq/fastrpc-image
WARNING reporter [FAIL] github-pull-request-template-exists: No file matching ['PULL_REQUEST_TEMPLATE*', 'PULL_REQUEST_TEMPLATE/**', '.github/PULL_REQUEST_TEMPLATE*', '.github/PULL_REQUEST_TEMPLATE/**'] found in: /var/folders/cj/rh7njyk91lx4s79wxsflz3vw001y2r/T/tmpavi638bq/fastrpc-image
WARNING reporter [FAIL] contributing-file-exists: No file matching ['{docs/,.github/,}CONTRIB*'] found in: /var/folders/cj/rh7njyk91lx4s79wxsflz3vw001y2r/T/tmprzljm2g8/csm-utils
WARNING reporter [FAIL] code-of-conduct-file-exists: No file matching ['{docs/,.github/,}CODEOFCONDUCT*', '{docs/,.github/,}CODE-OF-CONDUCT*', '{docs/,.github/,}CODE_OF_CONDUCT*'] found in: /var/folders/cj/rh7njyk91lx4s79wxsflz3vw001y2r/T/tmprzljm2g8/csm-utils
WARNING reporter [FAIL] changelog-file-exists: No file matching ['CHANGELOG*'] found in: /var/folders/cj/rh7njyk91lx4s79wxsflz3vw001y2r/T/tmprzljm2g8/csm-utils
WARNING reporter [FAIL] test-directory-exists: No directory matching ['**/test*', '**/specs', '**/*test*'] found under /var/folders/cj/rh7njyk91lx4s79wxsflz3vw001y2r/T/tmprzljm2g8/csm-utils
WARNING reporter [FAIL] source-license-headers-exist: Pattern 'Copyright(\\s)*(\\(c\\)|©)?' not found in src/libraries/qcommon-console/WinTypes.h
WARNING reporter [FAIL] changelog-file-exists: No file matching ['CHANGELOG*'] found in: /var/folders/cj/rh7njyk91lx4s79wxsflz3vw001y2r/T/tmpw8x3xbgs/userspace-resource-manager
WARNING reporter [FAIL] github-issue-template-exists: No file matching ['ISSUE_TEMPLATE*', 'ISSUE_TEMPLATE/**', '.github/ISSUE_TEMPLATE*', '.github/ISSUE_TEMPLATE/**'] found in: /var/folders/cj/rh7njyk91lx4s79wxsflz3vw001y2r/T/tmprzljm2g8/csm-utils
WARNING reporter [FAIL] github-pull-request-template-exists: No file matching ['PULL_REQUEST_TEMPLATE*', 'PULL_REQUEST_TEMPLATE/**', '.github/PULL_REQUEST_TEMPLATE*', '.github/PULL_REQUEST_TEMPLATE/**'] found in: /var/folders/cj/rh7njyk91lx4s79wxsflz3vw001y2r/T/tmprzljm2g8/csm-utils
::warning title=Policy Violation: changelog-file-exists::No file matching ['CHANGELOG*'] found in: /var/folders/cj/rh7njyk91lx4s79wxsflz3vw001y2r/T/tmpavi638bq/fastrpc-image
::warning title=Policy Violation: test-directory-exists::No directory matching ['**/test*', '**/specs', '**/*test*'] found under /var/folders/cj/rh7njyk91lx4s79wxsflz3vw001y2r/T/tmpavi638bq/fastrpc-image
::warning title=Policy Violation: source-qualcomm-license-headers-exist,file=generate_boot_bins.sh::Pattern '(Copyright|©).*Qualcomm Innovation Center, Inc|Qualcomm Technologies, Inc|Copyright (\\(c\\)|©) (20(1[2-9]|2[0-2])(-|,|\\s)*)+ The Linux Foundation' not found in generate_boot_bins.sh
::warning title=Policy Violation: github-issue-template-exists::No file matching ['ISSUE_TEMPLATE*', 'ISSUE_TEMPLATE/**', '.github/ISSUE_TEMPLATE*', '.github/ISSUE_TEMPLATE/**'] found in: /var/folders/cj/rh7njyk91lx4s79wxsflz3vw001y2r/T/tmpavi638bq/fastrpc-image
::warning title=Policy Violation: github-pull-request-template-exists::No file matching ['PULL_REQUEST_TEMPLATE*', 'PULL_REQUEST_TEMPLATE/**', '.github/PULL_REQUEST_TEMPLATE*', '.github/PULL_REQUEST_TEMPLATE/**'] found in: /var/folders/cj/rh7njyk91lx4s79wxsflz3vw001y2r/T/tmpavi638bq/fastrpc-image
::warning title=Policy Violation: contributing-file-exists::No file matching ['{docs/,.github/,}CONTRIB*'] found in: /var/folders/cj/rh7njyk91lx4s79wxsflz3vw001y2r/T/tmprzljm2g8/csm-utils
::warning title=Policy Violation: code-of-conduct-file-exists::No file matching ['{docs/,.github/,}CODEOFCONDUCT*', '{docs/,.github/,}CODE-OF-CONDUCT*', '{docs/,.github/,}CODE_OF_CONDUCT*'] found in: /var/folders/cj/rh7njyk91lx4s79wxsflz3vw001y2r/T/tmprzljm2g8/csm-utils
::warning title=Policy Violation: changelog-file-exists::No file matching ['CHANGELOG*'] found in: /var/folders/cj/rh7njyk91lx4s79wxsflz3vw001y2r/T/tmprzljm2g8/csm-utils
::warning title=Policy Violation: test-directory-exists::No directory matching ['**/test*', '**/specs', '**/*test*'] found under /var/folders/cj/rh7njyk91lx4s79wxsflz3vw001y2r/T/tmprzljm2g8/csm-utils
::error title=Policy Violation: source-license-headers-exist,file=src/libraries/qcommon-console/WinTypes.h::Pattern 'Copyright(\\s)*(\\(c\\)|©)?' not found in src/libraries/qcommon-console/WinTypes.h
::warning title=Policy Violation: changelog-file-exists::No file matching ['CHANGELOG*'] found in: /var/folders/cj/rh7njyk91lx4s79wxsflz3vw001y2r/T/tmpw8x3xbgs/userspace-resource-manager
::warning title=Policy Violation: github-issue-template-exists::No file matching ['ISSUE_TEMPLATE*', 'ISSUE_TEMPLATE/**', '.github/ISSUE_TEMPLATE*', '.github/ISSUE_TEMPLATE/**'] found in: /var/folders/cj/rh7njyk91lx4s79wxsflz3vw001y2r/T/tmprzljm2g8/csm-utils
::warning title=Policy Violation: github-pull-request-template-exists::No file matching ['PULL_REQUEST_TEMPLATE*', 'PULL_REQUEST_TEMPLATE/**', '.github/PULL_REQUEST_TEMPLATE*', '.github/PULL_REQUEST_TEMPLATE/**'] found in: /var/folders/cj/rh7njyk91lx4s79wxsflz3vw001y2r/T/tmprzljm2g8/csm-utils
  [102/313] qualcomm/fastrpc-image: 0 discrepancies
WARNING reporter [FAIL] source-qualcomm-license-headers-exist: Pattern '(Copyright|©).*Qualcomm Innovation Center, Inc|Qualcomm Technologies, Inc|Copyright (\\(c\\)|©) (20(1[2-9]|2[0-2])(-|,|\\s)*)+ The Linux Foundation' not found in src/libraries/qcommon-console/WinTypes.h
WARNING reporter [FAIL] java-package-metadata-exists: No file matching ['pom.xml', 'build.xml', 'build.gradle'] found in: /var/folders/cj/rh7njyk91lx4s79wxsflz3vw001y2r/T/tmp_yce1e9p/qcom-test-automation-controller
WARNING reporter [FAIL] python-package-metadata-exists: No file matching ['setup.py', 'requirements.txt'] found in: /var/folders/cj/rh7njyk91lx4s79wxsflz3vw001y2r/T/tmp_yce1e9p/qcom-test-automation-controller
::warning title=Policy Violation: source-qualcomm-license-headers-exist,file=src/libraries/qcommon-console/WinTypes.h::Pattern '(Copyright|©).*Qualcomm Innovation Center, Inc|Qualcomm Technologies, Inc|Copyright (\\(c\\)|©) (20(1[2-9]|2[0-2])(-|,|\\s)*)+ The Linux Foundation' not found in src/libraries/qcommon-console/WinTypes.h
::warning title=Policy Violation: java-package-metadata-exists::No file matching ['pom.xml', 'build.xml', 'build.gradle'] found in: /var/folders/cj/rh7njyk91lx4s79wxsflz3vw001y2r/T/tmp_yce1e9p/qcom-test-automation-controller
::warning title=Policy Violation: python-package-metadata-exists::No file matching ['setup.py', 'requirements.txt'] found in: /var/folders/cj/rh7njyk91lx4s79wxsflz3vw001y2r/T/tmp_yce1e9p/qcom-test-automation-controller
  [103/313] qualcomm/csm-utils: 0 discrepancies
WARNING reporter [FAIL] changelog-file-exists: No file matching ['CHANGELOG*'] found in: /var/folders/cj/rh7njyk91lx4s79wxsflz3vw001y2r/T/tmprrkgemsm/PatchWise
::warning title=Policy Violation: changelog-file-exists::No file matching ['CHANGELOG*'] found in: /var/folders/cj/rh7njyk91lx4s79wxsflz3vw001y2r/T/tmprrkgemsm/PatchWise
  [104/313] qualcomm/qcom-test-automation-controller: 0 discrepancies
WARNING reporter [FAIL] changelog-file-exists: No file matching ['CHANGELOG*'] found in: /var/folders/cj/rh7njyk91lx4s79wxsflz3vw001y2r/T/tmp8fz8djjz/userspace-resource-manager-extensions
WARNING reporter [FAIL] test-directory-exists: No directory matching ['**/test*', '**/specs', '**/*test*'] found under /var/folders/cj/rh7njyk91lx4s79wxsflz3vw001y2r/T/tmp8fz8djjz/userspace-resource-manager-extensions
::warning title=Policy Violation: changelog-file-exists::No file matching ['CHANGELOG*'] found in: /var/folders/cj/rh7njyk91lx4s79wxsflz3vw001y2r/T/tmp8fz8djjz/userspace-resource-manager-extensions
::warning title=Policy Violation: test-directory-exists::No directory matching ['**/test*', '**/specs', '**/*test*'] found under /var/folders/cj/rh7njyk91lx4s79wxsflz3vw001y2r/T/tmp8fz8djjz/userspace-resource-manager-extensions
  [105/313] qualcomm/userspace-resource-manager: 0 discrepancies
WARNING reporter [FAIL] changelog-file-exists: No file matching ['CHANGELOG*'] found in: /var/folders/cj/rh7njyk91lx4s79wxsflz3vw001y2r/T/tmpcyp3gzvz/qemu-hexagon-testing
WARNING reporter [FAIL] source-license-headers-exist: Pattern 'Copyright(\\s)*(\\(c\\)|©)?' not found in thirdparty/review-prompts/kernel/scripts/claude-json.py
WARNING reporter [FAIL] source-qualcomm-license-headers-exist: Pattern '(Copyright|©).*Qualcomm Innovation Center, Inc|Qualcomm Technologies, Inc|Copyright (\\(c\\)|©) (20(1[2-9]|2[0-2])(-|,|\\s)*)+ The Linux Foundation' not found in thirdparty/review-prompts/agents/claude.sh
WARNING reporter [FAIL] python-package-metadata-exists: No file matching ['setup.py', 'requirements.txt'] found in: /var/folders/cj/rh7njyk91lx4s79wxsflz3vw001y2r/T/tmprrkgemsm/PatchWise
::warning title=Policy Violation: changelog-file-exists::No file matching ['CHANGELOG*'] found in: /var/folders/cj/rh7njyk91lx4s79wxsflz3vw001y2r/T/tmpcyp3gzvz/qemu-hexagon-testing
::error title=Policy Violation: source-license-headers-exist,file=thirdparty/review-prompts/kernel/scripts/claude-json.py::Pattern 'Copyright(\\s)*(\\(c\\)|©)?' not found in thirdparty/review-prompts/kernel/scripts/claude-json.py
::warning title=Policy Violation: source-qualcomm-license-headers-exist,file=thirdparty/review-prompts/agents/claude.sh::Pattern '(Copyright|©).*Qualcomm Innovation Center, Inc|Qualcomm Technologies, Inc|Copyright (\\(c\\)|©) (20(1[2-9]|2[0-2])(-|,|\\s)*)+ The Linux Foundation' not found in thirdparty/review-prompts/agents/claude.sh
::warning title=Policy Violation: python-package-metadata-exists::No file matching ['setup.py', 'requirements.txt'] found in: /var/folders/cj/rh7njyk91lx4s79wxsflz3vw001y2r/T/tmprrkgemsm/PatchWise
  [106/313] qualcomm/userspace-resource-manager-extensions: 0 discrepancies
WARNING reporter [FAIL] python-package-metadata-exists: No file matching ['setup.py', 'requirements.txt'] found in: /var/folders/cj/rh7njyk91lx4s79wxsflz3vw001y2r/T/tmpcyp3gzvz/qemu-hexagon-testing
::warning title=Policy Violation: python-package-metadata-exists::No file matching ['setup.py', 'requirements.txt'] found in: /var/folders/cj/rh7njyk91lx4s79wxsflz3vw001y2r/T/tmpcyp3gzvz/qemu-hexagon-testing
  [107/313] qualcomm/PatchWise: 0 discrepancies
WARNING reporter [FAIL] changelog-file-exists: No file matching ['CHANGELOG*'] found in: /var/folders/cj/rh7njyk91lx4s79wxsflz3vw001y2r/T/tmpr5nfxoqk/commit-msg-check-action
WARNING reporter [FAIL] changelog-file-exists: No file matching ['CHANGELOG*'] found in: /var/folders/cj/rh7njyk91lx4s79wxsflz3vw001y2r/T/tmpe72boeud/armor
WARNING reporter [FAIL] contributing-file-exists: No file matching ['{docs/,.github/,}CONTRIB*'] found in: /var/folders/cj/rh7njyk91lx4s79wxsflz3vw001y2r/T/tmprt95n48g/dp-lib
WARNING reporter [FAIL] code-of-conduct-file-exists: No file matching ['{docs/,.github/,}CODEOFCONDUCT*', '{docs/,.github/,}CODE-OF-CONDUCT*', '{docs/,.github/,}CODE_OF_CONDUCT*'] found in: /var/folders/cj/rh7njyk91lx4s79wxsflz3vw001y2r/T/tmprt95n48g/dp-lib
WARNING reporter [FAIL] changelog-file-exists: No file matching ['CHANGELOG*'] found in: /var/folders/cj/rh7njyk91lx4s79wxsflz3vw001y2r/T/tmprt95n48g/dp-lib
::warning title=Policy Violation: changelog-file-exists::No file matching ['CHANGELOG*'] found in: /var/folders/cj/rh7njyk91lx4s79wxsflz3vw001y2r/T/tmpr5nfxoqk/commit-msg-check-action
::warning title=Policy Violation: changelog-file-exists::No file matching ['CHANGELOG*'] found in: /var/folders/cj/rh7njyk91lx4s79wxsflz3vw001y2r/T/tmpe72boeud/armor
::warning title=Policy Violation: contributing-file-exists::No file matching ['{docs/,.github/,}CONTRIB*'] found in: /var/folders/cj/rh7njyk91lx4s79wxsflz3vw001y2r/T/tmprt95n48g/dp-lib
::warning title=Policy Violation: code-of-conduct-file-exists::No file matching ['{docs/,.github/,}CODEOFCONDUCT*', '{docs/,.github/,}CODE-OF-CONDUCT*', '{docs/,.github/,}CODE_OF_CONDUCT*'] found in: /var/folders/cj/rh7njyk91lx4s79wxsflz3vw001y2r/T/tmprt95n48g/dp-lib
::warning title=Policy Violation: changelog-file-exists::No file matching ['CHANGELOG*'] found in: /var/folders/cj/rh7njyk91lx4s79wxsflz3vw001y2r/T/tmprt95n48g/dp-lib
  [108/313] qualcomm/qemu-hexagon-testing: 0 discrepancies
WARNING reporter [FAIL] github-issue-template-exists: No file matching ['ISSUE_TEMPLATE*', 'ISSUE_TEMPLATE/**', '.github/ISSUE_TEMPLATE*', '.github/ISSUE_TEMPLATE/**'] found in: /var/folders/cj/rh7njyk91lx4s79wxsflz3vw001y2r/T/tmprt95n48g/dp-lib
WARNING reporter [FAIL] github-pull-request-template-exists: No file matching ['PULL_REQUEST_TEMPLATE*', 'PULL_REQUEST_TEMPLATE/**', '.github/PULL_REQUEST_TEMPLATE*', '.github/PULL_REQUEST_TEMPLATE/**'] found in: /var/folders/cj/rh7njyk91lx4s79wxsflz3vw001y2r/T/tmprt95n48g/dp-lib
::warning title=Policy Violation: github-issue-template-exists::No file matching ['ISSUE_TEMPLATE*', 'ISSUE_TEMPLATE/**', '.github/ISSUE_TEMPLATE*', '.github/ISSUE_TEMPLATE/**'] found in: /var/folders/cj/rh7njyk91lx4s79wxsflz3vw001y2r/T/tmprt95n48g/dp-lib
::warning title=Policy Violation: github-pull-request-template-exists::No file matching ['PULL_REQUEST_TEMPLATE*', 'PULL_REQUEST_TEMPLATE/**', '.github/PULL_REQUEST_TEMPLATE*', '.github/PULL_REQUEST_TEMPLATE/**'] found in: /var/folders/cj/rh7njyk91lx4s79wxsflz3vw001y2r/T/tmprt95n48g/dp-lib
  [109/313] qualcomm/commit-msg-check-action: 0 discrepancies
WARNING reporter [FAIL] contributing-file-exists: No file matching ['{docs/,.github/,}CONTRIB*'] found in: /var/folders/cj/rh7njyk91lx4s79wxsflz3vw001y2r/T/tmpsb3nyz0d/urm-image
WARNING reporter [FAIL] code-of-conduct-file-exists: No file matching ['{docs/,.github/,}CODEOFCONDUCT*', '{docs/,.github/,}CODE-OF-CONDUCT*', '{docs/,.github/,}CODE_OF_CONDUCT*'] found in: /var/folders/cj/rh7njyk91lx4s79wxsflz3vw001y2r/T/tmpsb3nyz0d/urm-image
WARNING reporter [FAIL] changelog-file-exists: No file matching ['CHANGELOG*'] found in: /var/folders/cj/rh7njyk91lx4s79wxsflz3vw001y2r/T/tmpsb3nyz0d/urm-image
::warning title=Policy Violation: contributing-file-exists::No file matching ['{docs/,.github/,}CONTRIB*'] found in: /var/folders/cj/rh7njyk91lx4s79wxsflz3vw001y2r/T/tmpsb3nyz0d/urm-image
::warning title=Policy Violation: code-of-conduct-file-exists::No file matching ['{docs/,.github/,}CODEOFCONDUCT*', '{docs/,.github/,}CODE-OF-CONDUCT*', '{docs/,.github/,}CODE_OF_CONDUCT*'] found in: /var/folders/cj/rh7njyk91lx4s79wxsflz3vw001y2r/T/tmpsb3nyz0d/urm-image
::warning title=Policy Violation: changelog-file-exists::No file matching ['CHANGELOG*'] found in: /var/folders/cj/rh7njyk91lx4s79wxsflz3vw001y2r/T/tmpsb3nyz0d/urm-image
  [110/313] qualcomm/dp-lib: 0 discrepancies
WARNING reporter [FAIL] test-directory-exists: No directory matching ['**/test*', '**/specs', '**/*test*'] found under /var/folders/cj/rh7njyk91lx4s79wxsflz3vw001y2r/T/tmpsb3nyz0d/urm-image
WARNING reporter [FAIL] github-issue-template-exists: No file matching ['ISSUE_TEMPLATE*', 'ISSUE_TEMPLATE/**', '.github/ISSUE_TEMPLATE*', '.github/ISSUE_TEMPLATE/**'] found in: /var/folders/cj/rh7njyk91lx4s79wxsflz3vw001y2r/T/tmpsb3nyz0d/urm-image
WARNING reporter [FAIL] github-pull-request-template-exists: No file matching ['PULL_REQUEST_TEMPLATE*', 'PULL_REQUEST_TEMPLATE/**', '.github/PULL_REQUEST_TEMPLATE*', '.github/PULL_REQUEST_TEMPLATE/**'] found in: /var/folders/cj/rh7njyk91lx4s79wxsflz3vw001y2r/T/tmpsb3nyz0d/urm-image
WARNING reporter [FAIL] source-qualcomm-license-headers-exist: Pattern '(Copyright|©).*Qualcomm Innovation Center, Inc|Qualcomm Technologies, Inc|Copyright (\\(c\\)|©) (20(1[2-9]|2[0-2])(-|,|\\s)*)+ The Linux Foundation' not found in build_binary.sh
WARNING reporter [FAIL] python-package-metadata-exists: No file matching ['setup.py', 'requirements.txt'] found in: /var/folders/cj/rh7njyk91lx4s79wxsflz3vw001y2r/T/tmpe72boeud/armor
::warning title=Policy Violation: test-directory-exists::No directory matching ['**/test*', '**/specs', '**/*test*'] found under /var/folders/cj/rh7njyk91lx4s79wxsflz3vw001y2r/T/tmpsb3nyz0d/urm-image
::warning title=Policy Violation: github-issue-template-exists::No file matching ['ISSUE_TEMPLATE*', 'ISSUE_TEMPLATE/**', '.github/ISSUE_TEMPLATE*', '.github/ISSUE_TEMPLATE/**'] found in: /var/folders/cj/rh7njyk91lx4s79wxsflz3vw001y2r/T/tmpsb3nyz0d/urm-image
::warning title=Policy Violation: github-pull-request-template-exists::No file matching ['PULL_REQUEST_TEMPLATE*', 'PULL_REQUEST_TEMPLATE/**', '.github/PULL_REQUEST_TEMPLATE*', '.github/PULL_REQUEST_TEMPLATE/**'] found in: /var/folders/cj/rh7njyk91lx4s79wxsflz3vw001y2r/T/tmpsb3nyz0d/urm-image
::warning title=Policy Violation: source-qualcomm-license-headers-exist,file=build_binary.sh::Pattern '(Copyright|©).*Qualcomm Innovation Center, Inc|Qualcomm Technologies, Inc|Copyright (\\(c\\)|©) (20(1[2-9]|2[0-2])(-|,|\\s)*)+ The Linux Foundation' not found in build_binary.sh
::warning title=Policy Violation: python-package-metadata-exists::No file matching ['setup.py', 'requirements.txt'] found in: /var/folders/cj/rh7njyk91lx4s79wxsflz3vw001y2r/T/tmpe72boeud/armor
  [111/313] qualcomm/urm-image: 1 discrepancies
WARNING reporter [FAIL] changelog-file-exists: No file matching ['CHANGELOG*'] found in: /var/folders/cj/rh7njyk91lx4s79wxsflz3vw001y2r/T/tmp7gdk6p58/QcNode
::warning title=Policy Violation: changelog-file-exists::No file matching ['CHANGELOG*'] found in: /var/folders/cj/rh7njyk91lx4s79wxsflz3vw001y2r/T/tmp7gdk6p58/QcNode
  [112/313] qualcomm/armor: 0 discrepancies
WARNING reporter [FAIL] binaries-not-present: Binary file found (MIME: application/x-sharedlib): source/Library/FadasIface/prebuilt/dsp/v73/libFadasIface_skel.so
WARNING reporter [FAIL] changelog-file-exists: No file matching ['CHANGELOG*'] found in: /var/folders/cj/rh7njyk91lx4s79wxsflz3vw001y2r/T/tmp151ukrnc/QAIC
WARNING reporter [FAIL] license-file-exists: No file matching ['LICENSE*', 'COPYING*', 'NOTICE*'] found in: /var/folders/cj/rh7njyk91lx4s79wxsflz3vw001y2r/T/tmpebll529n/musl-embedded
WARNING reporter [FAIL] github-issue-template-exists: No file matching ['ISSUE_TEMPLATE*', 'ISSUE_TEMPLATE/**', '.github/ISSUE_TEMPLATE*', '.github/ISSUE_TEMPLATE/**'] found in: /var/folders/cj/rh7njyk91lx4s79wxsflz3vw001y2r/T/tmp7gdk6p58/QcNode
WARNING reporter [FAIL] github-pull-request-template-exists: No file matching ['PULL_REQUEST_TEMPLATE*', 'PULL_REQUEST_TEMPLATE/**', '.github/PULL_REQUEST_TEMPLATE*', '.github/PULL_REQUEST_TEMPLATE/**'] found in: /var/folders/cj/rh7njyk91lx4s79wxsflz3vw001y2r/T/tmp7gdk6p58/QcNode
WARNING reporter [FAIL] python-package-metadata-exists: No file matching ['setup.py', 'requirements.txt'] found in: /var/folders/cj/rh7njyk91lx4s79wxsflz3vw001y2r/T/tmp7gdk6p58/QcNode
::warning title=Policy Violation: binaries-not-present,file=source/Library/FadasIface/prebuilt/dsp/v73/libFadasIface_skel.so::Binary file found (MIME: application/x-sharedlib): source/Library/FadasIface/prebuilt/dsp/v73/libFadasIface_skel.so
::warning title=Policy Violation: changelog-file-exists::No file matching ['CHANGELOG*'] found in: /var/folders/cj/rh7njyk91lx4s79wxsflz3vw001y2r/T/tmp151ukrnc/QAIC
::error title=Policy Violation: license-file-exists::No file matching ['LICENSE*', 'COPYING*', 'NOTICE*'] found in: /var/folders/cj/rh7njyk91lx4s79wxsflz3vw001y2r/T/tmpebll529n/musl-embedded
::warning title=Policy Violation: github-issue-template-exists::No file matching ['ISSUE_TEMPLATE*', 'ISSUE_TEMPLATE/**', '.github/ISSUE_TEMPLATE*', '.github/ISSUE_TEMPLATE/**'] found in: /var/folders/cj/rh7njyk91lx4s79wxsflz3vw001y2r/T/tmp7gdk6p58/QcNode
::warning title=Policy Violation: github-pull-request-template-exists::No file matching ['PULL_REQUEST_TEMPLATE*', 'PULL_REQUEST_TEMPLATE/**', '.github/PULL_REQUEST_TEMPLATE*', '.github/PULL_REQUEST_TEMPLATE/**'] found in: /var/folders/cj/rh7njyk91lx4s79wxsflz3vw001y2r/T/tmp7gdk6p58/QcNode
::warning title=Policy Violation: python-package-metadata-exists::No file matching ['setup.py', 'requirements.txt'] found in: /var/folders/cj/rh7njyk91lx4s79wxsflz3vw001y2r/T/tmp7gdk6p58/QcNode
  [113/313] qualcomm/QAIC: 0 discrepancies
WARNING reporter [FAIL] contributing-file-exists: No file matching ['{docs/,.github/,}CONTRIB*'] found in: /var/folders/cj/rh7njyk91lx4s79wxsflz3vw001y2r/T/tmpebll529n/musl-embedded
::warning title=Policy Violation: contributing-file-exists::No file matching ['{docs/,.github/,}CONTRIB*'] found in: /var/folders/cj/rh7njyk91lx4s79wxsflz3vw001y2r/T/tmpebll529n/musl-embedded
  [114/313] qualcomm/QcNode: 0 discrepancies
WARNING reporter [FAIL] changelog-file-exists: No file matching ['CHANGELOG*'] found in: /var/folders/cj/rh7njyk91lx4s79wxsflz3vw001y2r/T/tmpvf_ex92j/qualcomm-ui-utils
WARNING reporter [FAIL] binaries-not-present: Binary file found (MIME: application/x-object): test/Hexagon/standalone/OrphanSection/t.o
WARNING reporter [FAIL] contributing-file-exists: No file matching ['{docs/,.github/,}CONTRIB*'] found in: /var/folders/cj/rh7njyk91lx4s79wxsflz3vw001y2r/T/tmp1j1d90rr/qualcomm-ui-templates
WARNING reporter [FAIL] code-of-conduct-file-exists: No file matching ['{docs/,.github/,}CODEOFCONDUCT*', '{docs/,.github/,}CODE-OF-CONDUCT*', '{docs/,.github/,}CODE_OF_CONDUCT*'] found in: /var/folders/cj/rh7njyk91lx4s79wxsflz3vw001y2r/T/tmpebll529n/musl-embedded
WARNING reporter [FAIL] changelog-file-exists: No file matching ['CHANGELOG*'] found in: /var/folders/cj/rh7njyk91lx4s79wxsflz3vw001y2r/T/tmpebll529n/musl-embedded
WARNING reporter [FAIL] changelog-file-exists: No file matching ['CHANGELOG*'] found in: /var/folders/cj/rh7njyk91lx4s79wxsflz3vw001y2r/T/tmp1j1d90rr/qualcomm-ui-templates
WARNING reporter [FAIL] source-license-headers-exist: Pattern 'Copyright(\\s)*(\\(c\\)|©)?' not found in eslint.config.js
WARNING reporter [FAIL] source-qualcomm-license-headers-exist: Pattern '(Copyright|©).*Qualcomm Innovation Center, Inc|Qualcomm Technologies, Inc|Copyright (\\(c\\)|©) (20(1[2-9]|2[0-2])(-|,|\\s)*)+ The Linux Foundation' not found in eslint.config.js
::warning title=Policy Violation: changelog-file-exists::No file matching ['CHANGELOG*'] found in: /var/folders/cj/rh7njyk91lx4s79wxsflz3vw001y2r/T/tmpvf_ex92j/qualcomm-ui-utils
::warning title=Policy Violation: binaries-not-present,file=test/Hexagon/standalone/OrphanSection/t.o::Binary file found (MIME: application/x-object): test/Hexagon/standalone/OrphanSection/t.o
::warning title=Policy Violation: contributing-file-exists::No file matching ['{docs/,.github/,}CONTRIB*'] found in: /var/folders/cj/rh7njyk91lx4s79wxsflz3vw001y2r/T/tmp1j1d90rr/qualcomm-ui-templates
::warning title=Policy Violation: code-of-conduct-file-exists::No file matching ['{docs/,.github/,}CODEOFCONDUCT*', '{docs/,.github/,}CODE-OF-CONDUCT*', '{docs/,.github/,}CODE_OF_CONDUCT*'] found in: /var/folders/cj/rh7njyk91lx4s79wxsflz3vw001y2r/T/tmpebll529n/musl-embedded
::warning title=Policy Violation: changelog-file-exists::No file matching ['CHANGELOG*'] found in: /var/folders/cj/rh7njyk91lx4s79wxsflz3vw001y2r/T/tmpebll529n/musl-embedded
::warning title=Policy Violation: changelog-file-exists::No file matching ['CHANGELOG*'] found in: /var/folders/cj/rh7njyk91lx4s79wxsflz3vw001y2r/T/tmp1j1d90rr/qualcomm-ui-templates
::error title=Policy Violation: source-license-headers-exist,file=eslint.config.js::Pattern 'Copyright(\\s)*(\\(c\\)|©)?' not found in eslint.config.js
::warning title=Policy Violation: source-qualcomm-license-headers-exist,file=eslint.config.js::Pattern '(Copyright|©).*Qualcomm Innovation Center, Inc|Qualcomm Technologies, Inc|Copyright (\\(c\\)|©) (20(1[2-9]|2[0-2])(-|,|\\s)*)+ The Linux Foundation' not found in eslint.config.js
  [115/313] qualcomm/qualcomm-ui-utils: 0 discrepancies
WARNING reporter [FAIL] source-license-headers-exist: Pattern 'Copyright(\\s)*(\\(c\\)|©)?' not found in templates/angular-csr/eslint.config.js
WARNING reporter [FAIL] source-qualcomm-license-headers-exist: Pattern '(Copyright|©).*Qualcomm Innovation Center, Inc|Qualcomm Technologies, Inc|Copyright (\\(c\\)|©) (20(1[2-9]|2[0-2])(-|,|\\s)*)+ The Linux Foundation' not found in scripts/build-all.sh
::error title=Policy Violation: source-license-headers-exist,file=templates/angular-csr/eslint.config.js::Pattern 'Copyright(\\s)*(\\(c\\)|©)?' not found in templates/angular-csr/eslint.config.js
::warning title=Policy Violation: source-qualcomm-license-headers-exist,file=scripts/build-all.sh::Pattern '(Copyright|©).*Qualcomm Innovation Center, Inc|Qualcomm Technologies, Inc|Copyright (\\(c\\)|©) (20(1[2-9]|2[0-2])(-|,|\\s)*)+ The Linux Foundation' not found in scripts/build-all.sh
  [116/313] qualcomm/qualcomm-ui-templates: 0 discrepancies
WARNING reporter [FAIL] changelog-file-exists: No file matching ['CHANGELOG*'] found in: /var/folders/cj/rh7njyk91lx4s79wxsflz3vw001y2r/T/tmp727i0r34/mrtk2-add-on-for-use-with-android-xr
WARNING reporter [FAIL] test-directory-exists: No directory matching ['**/test*', '**/specs', '**/*test*'] found under /var/folders/cj/rh7njyk91lx4s79wxsflz3vw001y2r/T/tmp727i0r34/mrtk2-add-on-for-use-with-android-xr
WARNING reporter [FAIL] changelog-file-exists: No file matching ['CHANGELOG*'] found in: /var/folders/cj/rh7njyk91lx4s79wxsflz3vw001y2r/T/tmpvzxutwde/qualcomm-ui
::warning title=Policy Violation: changelog-file-exists::No file matching ['CHANGELOG*'] found in: /var/folders/cj/rh7njyk91lx4s79wxsflz3vw001y2r/T/tmp727i0r34/mrtk2-add-on-for-use-with-android-xr
::warning title=Policy Violation: test-directory-exists::No directory matching ['**/test*', '**/specs', '**/*test*'] found under /var/folders/cj/rh7njyk91lx4s79wxsflz3vw001y2r/T/tmp727i0r34/mrtk2-add-on-for-use-with-android-xr
::warning title=Policy Violation: changelog-file-exists::No file matching ['CHANGELOG*'] found in: /var/folders/cj/rh7njyk91lx4s79wxsflz3vw001y2r/T/tmpvzxutwde/qualcomm-ui
  [117/313] qualcomm/mrtk2-add-on-for-use-with-android-xr: 1 discrepancies
WARNING reporter [FAIL] changelog-file-exists: No file matching ['CHANGELOG*'] found in: /var/folders/cj/rh7njyk91lx4s79wxsflz3vw001y2r/T/tmpax8m9he5/voiceai-dataset
WARNING reporter [FAIL] test-directory-exists: No directory matching ['**/test*', '**/specs', '**/*test*'] found under /var/folders/cj/rh7njyk91lx4s79wxsflz3vw001y2r/T/tmpax8m9he5/voiceai-dataset
::warning title=Policy Violation: changelog-file-exists::No file matching ['CHANGELOG*'] found in: /var/folders/cj/rh7njyk91lx4s79wxsflz3vw001y2r/T/tmpax8m9he5/voiceai-dataset
::warning title=Policy Violation: test-directory-exists::No directory matching ['**/test*', '**/specs', '**/*test*'] found under /var/folders/cj/rh7njyk91lx4s79wxsflz3vw001y2r/T/tmpax8m9he5/voiceai-dataset
  [118/313] qualcomm/voiceai-dataset: 1 discrepancies
WARNING reporter [FAIL] changelog-file-exists: No file matching ['CHANGELOG*'] found in: /var/folders/cj/rh7njyk91lx4s79wxsflz3vw001y2r/T/tmp9sfy5ikq/ssg-image
WARNING reporter [FAIL] test-directory-exists: No directory matching ['**/test*', '**/specs', '**/*test*'] found under /var/folders/cj/rh7njyk91lx4s79wxsflz3vw001y2r/T/tmp9sfy5ikq/ssg-image
::warning title=Policy Violation: changelog-file-exists::No file matching ['CHANGELOG*'] found in: /var/folders/cj/rh7njyk91lx4s79wxsflz3vw001y2r/T/tmp9sfy5ikq/ssg-image
::warning title=Policy Violation: test-directory-exists::No directory matching ['**/test*', '**/specs', '**/*test*'] found under /var/folders/cj/rh7njyk91lx4s79wxsflz3vw001y2r/T/tmp9sfy5ikq/ssg-image
  [119/313] qualcomm/ssg-image: 0 discrepancies
WARNING reporter [FAIL] test-directory-exists: No directory matching ['**/test*', '**/specs', '**/*test*'] found under /var/folders/cj/rh7njyk91lx4s79wxsflz3vw001y2r/T/tmpebll529n/musl-embedded
WARNING reporter [FAIL] changelog-file-exists: No file matching ['CHANGELOG*'] found in: /var/folders/cj/rh7njyk91lx4s79wxsflz3vw001y2r/T/tmp85ydoz3a/Startup-Demos
WARNING reporter [FAIL] changelog-file-exists: No file matching ['CHANGELOG*'] found in: /var/folders/cj/rh7njyk91lx4s79wxsflz3vw001y2r/T/tmpxd7yvuuz/sensinghub
WARNING reporter [FAIL] source-license-headers-exist: Pattern 'Copyright(\\s)*(\\(c\\)|©)?' not found in arch/aarch64/atomic_arch.h
WARNING reporter [FAIL] test-directory-exists: No directory matching ['**/test*', '**/specs', '**/*test*'] found under /var/folders/cj/rh7njyk91lx4s79wxsflz3vw001y2r/T/tmpxd7yvuuz/sensinghub
WARNING reporter [FAIL] source-qualcomm-license-headers-exist: Pattern '(Copyright|©).*Qualcomm Innovation Center, Inc|Qualcomm Technologies, Inc|Copyright (\\(c\\)|©) (20(1[2-9]|2[0-2])(-|,|\\s)*)+ The Linux Foundation' not found in create_user.sh
WARNING reporter [FAIL] github-issue-template-exists: No file matching ['ISSUE_TEMPLATE*', 'ISSUE_TEMPLATE/**', '.github/ISSUE_TEMPLATE*', '.github/ISSUE_TEMPLATE/**'] found in: /var/folders/cj/rh7njyk91lx4s79wxsflz3vw001y2r/T/tmpxd7yvuuz/sensinghub
WARNING reporter [FAIL] github-pull-request-template-exists: No file matching ['PULL_REQUEST_TEMPLATE*', 'PULL_REQUEST_TEMPLATE/**', '.github/PULL_REQUEST_TEMPLATE*', '.github/PULL_REQUEST_TEMPLATE/**'] found in: /var/folders/cj/rh7njyk91lx4s79wxsflz3vw001y2r/T/tmpxd7yvuuz/sensinghub
WARNING reporter [FAIL] source-qualcomm-license-headers-exist: Pattern '(Copyright|©).*Qualcomm Innovation Center, Inc|Qualcomm Technologies, Inc|Copyright (\\(c\\)|©) (20(1[2-9]|2[0-2])(-|,|\\s)*)+ The Linux Foundation' not found in arch/aarch64/atomic_arch.h
WARNING reporter [FAIL] github-issue-template-exists: No file matching ['ISSUE_TEMPLATE*', 'ISSUE_TEMPLATE/**', '.github/ISSUE_TEMPLATE*', '.github/ISSUE_TEMPLATE/**'] found in: /var/folders/cj/rh7njyk91lx4s79wxsflz3vw001y2r/T/tmpebll529n/musl-embedded
WARNING reporter [FAIL] github-pull-request-template-exists: No file matching ['PULL_REQUEST_TEMPLATE*', 'PULL_REQUEST_TEMPLATE/**', '.github/PULL_REQUEST_TEMPLATE*', '.github/PULL_REQUEST_TEMPLATE/**'] found in: /var/folders/cj/rh7njyk91lx4s79wxsflz3vw001y2r/T/tmpebll529n/musl-embedded
::warning title=Policy Violation: test-directory-exists::No directory matching ['**/test*', '**/specs', '**/*test*'] found under /var/folders/cj/rh7njyk91lx4s79wxsflz3vw001y2r/T/tmpebll529n/musl-embedded
::warning title=Policy Violation: changelog-file-exists::No file matching ['CHANGELOG*'] found in: /var/folders/cj/rh7njyk91lx4s79wxsflz3vw001y2r/T/tmp85ydoz3a/Startup-Demos
::warning title=Policy Violation: changelog-file-exists::No file matching ['CHANGELOG*'] found in: /var/folders/cj/rh7njyk91lx4s79wxsflz3vw001y2r/T/tmpxd7yvuuz/sensinghub
::error title=Policy Violation: source-license-headers-exist,file=arch/aarch64/atomic_arch.h::Pattern 'Copyright(\\s)*(\\(c\\)|©)?' not found in arch/aarch64/atomic_arch.h
::warning title=Policy Violation: test-directory-exists::No directory matching ['**/test*', '**/specs', '**/*test*'] found under /var/folders/cj/rh7njyk91lx4s79wxsflz3vw001y2r/T/tmpxd7yvuuz/sensinghub
::warning title=Policy Violation: source-qualcomm-license-headers-exist,file=create_user.sh::Pattern '(Copyright|©).*Qualcomm Innovation Center, Inc|Qualcomm Technologies, Inc|Copyright (\\(c\\)|©) (20(1[2-9]|2[0-2])(-|,|\\s)*)+ The Linux Foundation' not found in create_user.sh
::warning title=Policy Violation: github-issue-template-exists::No file matching ['ISSUE_TEMPLATE*', 'ISSUE_TEMPLATE/**', '.github/ISSUE_TEMPLATE*', '.github/ISSUE_TEMPLATE/**'] found in: /var/folders/cj/rh7njyk91lx4s79wxsflz3vw001y2r/T/tmpxd7yvuuz/sensinghub
::warning title=Policy Violation: github-pull-request-template-exists::No file matching ['PULL_REQUEST_TEMPLATE*', 'PULL_REQUEST_TEMPLATE/**', '.github/PULL_REQUEST_TEMPLATE*', '.github/PULL_REQUEST_TEMPLATE/**'] found in: /var/folders/cj/rh7njyk91lx4s79wxsflz3vw001y2r/T/tmpxd7yvuuz/sensinghub
::warning title=Policy Violation: source-qualcomm-license-headers-exist,file=arch/aarch64/atomic_arch.h::Pattern '(Copyright|©).*Qualcomm Innovation Center, Inc|Qualcomm Technologies, Inc|Copyright (\\(c\\)|©) (20(1[2-9]|2[0-2])(-|,|\\s)*)+ The Linux Foundation' not found in arch/aarch64/atomic_arch.h
::warning title=Policy Violation: github-issue-template-exists::No file matching ['ISSUE_TEMPLATE*', 'ISSUE_TEMPLATE/**', '.github/ISSUE_TEMPLATE*', '.github/ISSUE_TEMPLATE/**'] found in: /var/folders/cj/rh7njyk91lx4s79wxsflz3vw001y2r/T/tmpebll529n/musl-embedded
::warning title=Policy Violation: github-pull-request-template-exists::No file matching ['PULL_REQUEST_TEMPLATE*', 'PULL_REQUEST_TEMPLATE/**', '.github/PULL_REQUEST_TEMPLATE*', '.github/PULL_REQUEST_TEMPLATE/**'] found in: /var/folders/cj/rh7njyk91lx4s79wxsflz3vw001y2r/T/tmpebll529n/musl-embedded
  [120/313] qualcomm/sensinghub: 1 discrepancies
WARNING reporter [FAIL] changelog-file-exists: No file matching ['CHANGELOG*'] found in: /var/folders/cj/rh7njyk91lx4s79wxsflz3vw001y2r/T/tmp5p0f4oxe/DTFramework
WARNING reporter [FAIL] test-directory-exists: No directory matching ['**/test*', '**/specs', '**/*test*'] found under /var/folders/cj/rh7njyk91lx4s79wxsflz3vw001y2r/T/tmp85ydoz3a/Startup-Demos
WARNING reporter [FAIL] source-license-headers-exist: Pattern 'SPDX-License-Identifier|Redistribution and use in source and binary forms, with or without' not found in libs/libufdt/include/libufdt.h
::warning title=Policy Violation: changelog-file-exists::No file matching ['CHANGELOG*'] found in: /var/folders/cj/rh7njyk91lx4s79wxsflz3vw001y2r/T/tmp5p0f4oxe/DTFramework
::warning title=Policy Violation: test-directory-exists::No directory matching ['**/test*', '**/specs', '**/*test*'] found under /var/folders/cj/rh7njyk91lx4s79wxsflz3vw001y2r/T/tmp85ydoz3a/Startup-Demos
::error title=Policy Violation: source-license-headers-exist,file=libs/libufdt/include/libufdt.h::Pattern 'SPDX-License-Identifier|Redistribution and use in source and binary forms, with or without' not found in libs/libufdt/include/libufdt.h
  [121/313] qualcomm/musl-embedded: 1 discrepancies
WARNING reporter [FAIL] source-qualcomm-license-headers-exist: Pattern '(Copyright|©).*Qualcomm Innovation Center, Inc|Qualcomm Technologies, Inc|Copyright (\\(c\\)|©) (20(1[2-9]|2[0-2])(-|,|\\s)*)+ The Linux Foundation' not found in libs/libfdt/fdt.c
WARNING reporter [FAIL] github-issue-template-exists: No file matching ['ISSUE_TEMPLATE*', 'ISSUE_TEMPLATE/**', '.github/ISSUE_TEMPLATE*', '.github/ISSUE_TEMPLATE/**'] found in: /var/folders/cj/rh7njyk91lx4s79wxsflz3vw001y2r/T/tmp5p0f4oxe/DTFramework
WARNING reporter [FAIL] github-pull-request-template-exists: No file matching ['PULL_REQUEST_TEMPLATE*', 'PULL_REQUEST_TEMPLATE/**', '.github/PULL_REQUEST_TEMPLATE*', '.github/PULL_REQUEST_TEMPLATE/**'] found in: /var/folders/cj/rh7njyk91lx4s79wxsflz3vw001y2r/T/tmp5p0f4oxe/DTFramework
WARNING reporter [FAIL] python-package-metadata-exists: No file matching ['setup.py', 'requirements.txt'] found in: /var/folders/cj/rh7njyk91lx4s79wxsflz3vw001y2r/T/tmp5p0f4oxe/DTFramework
WARNING reporter [FAIL] changelog-file-exists: No file matching ['CHANGELOG*'] found in: /var/folders/cj/rh7njyk91lx4s79wxsflz3vw001y2r/T/tmp4izyw2oz/mini-sandbox
::warning title=Policy Violation: source-qualcomm-license-headers-exist,file=libs/libfdt/fdt.c::Pattern '(Copyright|©).*Qualcomm Innovation Center, Inc|Qualcomm Technologies, Inc|Copyright (\\(c\\)|©) (20(1[2-9]|2[0-2])(-|,|\\s)*)+ The Linux Foundation' not found in libs/libfdt/fdt.c
::warning title=Policy Violation: github-issue-template-exists::No file matching ['ISSUE_TEMPLATE*', 'ISSUE_TEMPLATE/**', '.github/ISSUE_TEMPLATE*', '.github/ISSUE_TEMPLATE/**'] found in: /var/folders/cj/rh7njyk91lx4s79wxsflz3vw001y2r/T/tmp5p0f4oxe/DTFramework
::warning title=Policy Violation: github-pull-request-template-exists::No file matching ['PULL_REQUEST_TEMPLATE*', 'PULL_REQUEST_TEMPLATE/**', '.github/PULL_REQUEST_TEMPLATE*', '.github/PULL_REQUEST_TEMPLATE/**'] found in: /var/folders/cj/rh7njyk91lx4s79wxsflz3vw001y2r/T/tmp5p0f4oxe/DTFramework
::warning title=Policy Violation: python-package-metadata-exists::No file matching ['setup.py', 'requirements.txt'] found in: /var/folders/cj/rh7njyk91lx4s79wxsflz3vw001y2r/T/tmp5p0f4oxe/DTFramework
::warning title=Policy Violation: changelog-file-exists::No file matching ['CHANGELOG*'] found in: /var/folders/cj/rh7njyk91lx4s79wxsflz3vw001y2r/T/tmp4izyw2oz/mini-sandbox
  [122/313] qualcomm/DTFramework: 0 discrepancies
WARNING reporter [FAIL] javascript-package-metadata-exists: No file matching ['package.json'] found in: /var/folders/cj/rh7njyk91lx4s79wxsflz3vw001y2r/T/tmp85ydoz3a/Startup-Demos
WARNING reporter [FAIL] python-package-metadata-exists: No file matching ['setup.py', 'requirements.txt'] found in: /var/folders/cj/rh7njyk91lx4s79wxsflz3vw001y2r/T/tmp85ydoz3a/Startup-Demos
WARNING reporter [FAIL] source-license-headers-exist: Pattern 'Copyright(\\s)*(\\(c\\)|©)?' not found in mini_sandbox/src/main/tools/linux-sandbox-options.cc
WARNING reporter [FAIL] source-qualcomm-license-headers-exist: Pattern '(Copyright|©).*Qualcomm Innovation Center, Inc|Qualcomm Technologies, Inc|Copyright (\\(c\\)|©) (20(1[2-9]|2[0-2])(-|,|\\s)*)+ The Linux Foundation' not found in mini_sandbox/src/main/tools/linux-sandbox-options.cc
WARNING reporter [FAIL] python-package-metadata-exists: No file matching ['setup.py', 'requirements.txt'] found in: /var/folders/cj/rh7njyk91lx4s79wxsflz3vw001y2r/T/tmp4izyw2oz/mini-sandbox
WARNING reporter [FAIL] changelog-file-exists: No file matching ['CHANGELOG*'] found in: /var/folders/cj/rh7njyk91lx4s79wxsflz3vw001y2r/T/tmpcjr54j0z/qcom-usb-kernel-drivers
::warning title=Policy Violation: javascript-package-metadata-exists::No file matching ['package.json'] found in: /var/folders/cj/rh7njyk91lx4s79wxsflz3vw001y2r/T/tmp85ydoz3a/Startup-Demos
::warning title=Policy Violation: python-package-metadata-exists::No file matching ['setup.py', 'requirements.txt'] found in: /var/folders/cj/rh7njyk91lx4s79wxsflz3vw001y2r/T/tmp85ydoz3a/Startup-Demos
::error title=Policy Violation: source-license-headers-exist,file=mini_sandbox/src/main/tools/linux-sandbox-options.cc::Pattern 'Copyright(\\s)*(\\(c\\)|©)?' not found in mini_sandbox/src/main/tools/linux-sandbox-options.cc
::warning title=Policy Violation: source-qualcomm-license-headers-exist,file=mini_sandbox/src/main/tools/linux-sandbox-options.cc::Pattern '(Copyright|©).*Qualcomm Innovation Center, Inc|Qualcomm Technologies, Inc|Copyright (\\(c\\)|©) (20(1[2-9]|2[0-2])(-|,|\\s)*)+ The Linux Foundation' not found in mini_sandbox/src/main/tools/linux-sandbox-options.cc
::warning title=Policy Violation: python-package-metadata-exists::No file matching ['setup.py', 'requirements.txt'] found in: /var/folders/cj/rh7njyk91lx4s79wxsflz3vw001y2r/T/tmp4izyw2oz/mini-sandbox
::warning title=Policy Violation: changelog-file-exists::No file matching ['CHANGELOG*'] found in: /var/folders/cj/rh7njyk91lx4s79wxsflz3vw001y2r/T/tmpcjr54j0z/qcom-usb-kernel-drivers
  [123/313] qualcomm/Startup-Demos: 1 discrepancies
  [124/313] qualcomm/mini-sandbox: 0 discrepancies
WARNING reporter [FAIL] changelog-file-exists: No file matching ['CHANGELOG*'] found in: /var/folders/cj/rh7njyk91lx4s79wxsflz3vw001y2r/T/tmpjxvsnzxu/DTE
WARNING reporter [FAIL] changelog-file-exists: No file matching ['CHANGELOG*'] found in: /var/folders/cj/rh7njyk91lx4s79wxsflz3vw001y2r/T/tmp4pmokwrp/qcom-usb-userspace-drivers
WARNING reporter [FAIL] source-license-headers-exist: Pattern 'Copyright(\\s)*(\\(c\\)|©)?' not found in .github/workflows/scripts/record_builds.py
WARNING reporter [FAIL] github-issue-template-exists: No file matching ['ISSUE_TEMPLATE*', 'ISSUE_TEMPLATE/**', '.github/ISSUE_TEMPLATE*', '.github/ISSUE_TEMPLATE/**'] found in: /var/folders/cj/rh7njyk91lx4s79wxsflz3vw001y2r/T/tmpcjr54j0z/qcom-usb-kernel-drivers
WARNING reporter [FAIL] binaries-not-present: Binary file found (MIME: application/vnd.microsoft.portable-executable): src/windows/filter/amd64/qcusbfilter.sys
WARNING reporter [FAIL] test-directory-exists: No directory matching ['**/test*', '**/specs', '**/*test*'] found under /var/folders/cj/rh7njyk91lx4s79wxsflz3vw001y2r/T/tmp4pmokwrp/qcom-usb-userspace-drivers
WARNING reporter [FAIL] test-directory-exists: No directory matching ['**/test*', '**/specs', '**/*test*'] found under /var/folders/cj/rh7njyk91lx4s79wxsflz3vw001y2r/T/tmpjxvsnzxu/DTE
WARNING reporter [FAIL] github-issue-template-exists: No file matching ['ISSUE_TEMPLATE*', 'ISSUE_TEMPLATE/**', '.github/ISSUE_TEMPLATE*', '.github/ISSUE_TEMPLATE/**'] found in: /var/folders/cj/rh7njyk91lx4s79wxsflz3vw001y2r/T/tmp4pmokwrp/qcom-usb-userspace-drivers
::warning title=Policy Violation: changelog-file-exists::No file matching ['CHANGELOG*'] found in: /var/folders/cj/rh7njyk91lx4s79wxsflz3vw001y2r/T/tmpjxvsnzxu/DTE
::warning title=Policy Violation: changelog-file-exists::No file matching ['CHANGELOG*'] found in: /var/folders/cj/rh7njyk91lx4s79wxsflz3vw001y2r/T/tmp4pmokwrp/qcom-usb-userspace-drivers
::error title=Policy Violation: source-license-headers-exist,file=.github/workflows/scripts/record_builds.py::Pattern 'Copyright(\\s)*(\\(c\\)|©)?' not found in .github/workflows/scripts/record_builds.py
::warning title=Policy Violation: github-issue-template-exists::No file matching ['ISSUE_TEMPLATE*', 'ISSUE_TEMPLATE/**', '.github/ISSUE_TEMPLATE*', '.github/ISSUE_TEMPLATE/**'] found in: /var/folders/cj/rh7njyk91lx4s79wxsflz3vw001y2r/T/tmpcjr54j0z/qcom-usb-kernel-drivers
::warning title=Policy Violation: binaries-not-present,file=src/windows/filter/amd64/qcusbfilter.sys::Binary file found (MIME: application/vnd.microsoft.portable-executable): src/windows/filter/amd64/qcusbfilter.sys
::warning title=Policy Violation: test-directory-exists::No directory matching ['**/test*', '**/specs', '**/*test*'] found under /var/folders/cj/rh7njyk91lx4s79wxsflz3vw001y2r/T/tmp4pmokwrp/qcom-usb-userspace-drivers
::warning title=Policy Violation: test-directory-exists::No directory matching ['**/test*', '**/specs', '**/*test*'] found under /var/folders/cj/rh7njyk91lx4s79wxsflz3vw001y2r/T/tmpjxvsnzxu/DTE
::warning title=Policy Violation: github-issue-template-exists::No file matching ['ISSUE_TEMPLATE*', 'ISSUE_TEMPLATE/**', '.github/ISSUE_TEMPLATE*', '.github/ISSUE_TEMPLATE/**'] found in: /var/folders/cj/rh7njyk91lx4s79wxsflz3vw001y2r/T/tmp4pmokwrp/qcom-usb-userspace-drivers
  [125/313] qualcomm/qcom-usb-kernel-drivers: 0 discrepancies
  [126/313] qualcomm/qcom-usb-userspace-drivers: 1 discrepancies
  [127/313] qualcomm/DTE: 1 discrepancies
WARNING reporter [FAIL] contributing-file-exists: No file matching ['{docs/,.github/,}CONTRIB*'] found in: /var/folders/cj/rh7njyk91lx4s79wxsflz3vw001y2r/T/tmpxn3osez_/ripple-test-suite
WARNING reporter [FAIL] code-of-conduct-file-exists: No file matching ['{docs/,.github/,}CODEOFCONDUCT*', '{docs/,.github/,}CODE-OF-CONDUCT*', '{docs/,.github/,}CODE_OF_CONDUCT*'] found in: /var/folders/cj/rh7njyk91lx4s79wxsflz3vw001y2r/T/tmpxn3osez_/ripple-test-suite
WARNING reporter [FAIL] changelog-file-exists: No file matching ['CHANGELOG*'] found in: /var/folders/cj/rh7njyk91lx4s79wxsflz3vw001y2r/T/tmpxn3osez_/ripple-test-suite
WARNING reporter [FAIL] integrates-with-ci: No file matching ['.gitlab-ci.yml', '.travis.yml', 'appveyor.yml', '.appveyor.yml', 'circle.yml', '.circleci/config.yml', 'Jenkinsfile', '.drone.yml', '.github/workflows/*', 'azure-pipelines.yml'] found in: /var/folders/cj/rh7njyk91lx4s79wxsflz3vw001y2r/T/tmpxn3osez_/ripple-test-suite
WARNING reporter [FAIL] source-license-headers-exist: Pattern 'Copyright(\\s)*(\\(c\\)|©)?' not found in include/ripple-test-suite/ripple-test-suite.h
WARNING reporter [FAIL] github-issue-template-exists: No file matching ['ISSUE_TEMPLATE*', 'ISSUE_TEMPLATE/**', '.github/ISSUE_TEMPLATE*', '.github/ISSUE_TEMPLATE/**'] found in: /var/folders/cj/rh7njyk91lx4s79wxsflz3vw001y2r/T/tmpxn3osez_/ripple-test-suite
WARNING reporter [FAIL] github-pull-request-template-exists: No file matching ['PULL_REQUEST_TEMPLATE*', 'PULL_REQUEST_TEMPLATE/**', '.github/PULL_REQUEST_TEMPLATE*', '.github/PULL_REQUEST_TEMPLATE/**'] found in: /var/folders/cj/rh7njyk91lx4s79wxsflz3vw001y2r/T/tmpxn3osez_/ripple-test-suite
WARNING reporter [FAIL] contributing-file-exists: No file matching ['{docs/,.github/,}CONTRIB*'] found in: /var/folders/cj/rh7njyk91lx4s79wxsflz3vw001y2r/T/tmp75i2029k/learn-ripple
WARNING reporter [FAIL] code-of-conduct-file-exists: No file matching ['{docs/,.github/,}CODEOFCONDUCT*', '{docs/,.github/,}CODE-OF-CONDUCT*', '{docs/,.github/,}CODE_OF_CONDUCT*'] found in: /var/folders/cj/rh7njyk91lx4s79wxsflz3vw001y2r/T/tmp75i2029k/learn-ripple
WARNING reporter [FAIL] changelog-file-exists: No file matching ['CHANGELOG*'] found in: /var/folders/cj/rh7njyk91lx4s79wxsflz3vw001y2r/T/tmp75i2029k/learn-ripple
WARNING reporter [FAIL] changelog-file-exists: No file matching ['CHANGELOG*'] found in: /var/folders/cj/rh7njyk91lx4s79wxsflz3vw001y2r/T/tmpphvina2b/lite-3Dgsplat-codec
WARNING reporter [FAIL] test-directory-exists: No directory matching ['**/test*', '**/specs', '**/*test*'] found under /var/folders/cj/rh7njyk91lx4s79wxsflz3vw001y2r/T/tmp75i2029k/learn-ripple
WARNING reporter [FAIL] source-license-headers-exist: Pattern 'Copyright(\\s)*(\\(c\\)|©)?' not found in ai/prompts/code_samples/bar.cpp
WARNING reporter [FAIL] source-qualcomm-license-headers-exist: Pattern '(Copyright|©).*Qualcomm Innovation Center, Inc|Qualcomm Technologies, Inc|Copyright (\\(c\\)|©) (20(1[2-9]|2[0-2])(-|,|\\s)*)+ The Linux Foundation' not found in ai/prompts/code_samples/bar.cpp
WARNING reporter [FAIL] github-issue-template-exists: No file matching ['ISSUE_TEMPLATE*', 'ISSUE_TEMPLATE/**', '.github/ISSUE_TEMPLATE*', '.github/ISSUE_TEMPLATE/**'] found in: /var/folders/cj/rh7njyk91lx4s79wxsflz3vw001y2r/T/tmp75i2029k/learn-ripple
WARNING reporter [FAIL] github-pull-request-template-exists: No file matching ['PULL_REQUEST_TEMPLATE*', 'PULL_REQUEST_TEMPLATE/**', '.github/PULL_REQUEST_TEMPLATE*', '.github/PULL_REQUEST_TEMPLATE/**'] found in: /var/folders/cj/rh7njyk91lx4s79wxsflz3vw001y2r/T/tmp75i2029k/learn-ripple
::warning title=Policy Violation: contributing-file-exists::No file matching ['{docs/,.github/,}CONTRIB*'] found in: /var/folders/cj/rh7njyk91lx4s79wxsflz3vw001y2r/T/tmpxn3osez_/ripple-test-suite
::warning title=Policy Violation: code-of-conduct-file-exists::No file matching ['{docs/,.github/,}CODEOFCONDUCT*', '{docs/,.github/,}CODE-OF-CONDUCT*', '{docs/,.github/,}CODE_OF_CONDUCT*'] found in: /var/folders/cj/rh7njyk91lx4s79wxsflz3vw001y2r/T/tmpxn3osez_/ripple-test-suite
::warning title=Policy Violation: changelog-file-exists::No file matching ['CHANGELOG*'] found in: /var/folders/cj/rh7njyk91lx4s79wxsflz3vw001y2r/T/tmpxn3osez_/ripple-test-suite
::warning title=Policy Violation: integrates-with-ci::No file matching ['.gitlab-ci.yml', '.travis.yml', 'appveyor.yml', '.appveyor.yml', 'circle.yml', '.circleci/config.yml', 'Jenkinsfile', '.drone.yml', '.github/workflows/*', 'azure-pipelines.yml'] found in: /var/folders/cj/rh7njyk91lx4s79wxsflz3vw001y2r/T/tmpxn3osez_/ripple-test-suite
::error title=Policy Violation: source-license-headers-exist,file=include/ripple-test-suite/ripple-test-suite.h::Pattern 'Copyright(\\s)*(\\(c\\)|©)?' not found in include/ripple-test-suite/ripple-test-suite.h
::warning title=Policy Violation: github-issue-template-exists::No file matching ['ISSUE_TEMPLATE*', 'ISSUE_TEMPLATE/**', '.github/ISSUE_TEMPLATE*', '.github/ISSUE_TEMPLATE/**'] found in: /var/folders/cj/rh7njyk91lx4s79wxsflz3vw001y2r/T/tmpxn3osez_/ripple-test-suite
::warning title=Policy Violation: github-pull-request-template-exists::No file matching ['PULL_REQUEST_TEMPLATE*', 'PULL_REQUEST_TEMPLATE/**', '.github/PULL_REQUEST_TEMPLATE*', '.github/PULL_REQUEST_TEMPLATE/**'] found in: /var/folders/cj/rh7njyk91lx4s79wxsflz3vw001y2r/T/tmpxn3osez_/ripple-test-suite
::warning title=Policy Violation: contributing-file-exists::No file matching ['{docs/,.github/,}CONTRIB*'] found in: /var/folders/cj/rh7njyk91lx4s79wxsflz3vw001y2r/T/tmp75i2029k/learn-ripple
::warning title=Policy Violation: code-of-conduct-file-exists::No file matching ['{docs/,.github/,}CODEOFCONDUCT*', '{docs/,.github/,}CODE-OF-CONDUCT*', '{docs/,.github/,}CODE_OF_CONDUCT*'] found in: /var/folders/cj/rh7njyk91lx4s79wxsflz3vw001y2r/T/tmp75i2029k/learn-ripple
::warning title=Policy Violation: changelog-file-exists::No file matching ['CHANGELOG*'] found in: /var/folders/cj/rh7njyk91lx4s79wxsflz3vw001y2r/T/tmp75i2029k/learn-ripple
::warning title=Policy Violation: changelog-file-exists::No file matching ['CHANGELOG*'] found in: /var/folders/cj/rh7njyk91lx4s79wxsflz3vw001y2r/T/tmpphvina2b/lite-3Dgsplat-codec
::warning title=Policy Violation: test-directory-exists::No directory matching ['**/test*', '**/specs', '**/*test*'] found under /var/folders/cj/rh7njyk91lx4s79wxsflz3vw001y2r/T/tmp75i2029k/learn-ripple
::error title=Policy Violation: source-license-headers-exist,file=ai/prompts/code_samples/bar.cpp::Pattern 'Copyright(\\s)*(\\(c\\)|©)?' not found in ai/prompts/code_samples/bar.cpp
::warning title=Policy Violation: source-qualcomm-license-headers-exist,file=ai/prompts/code_samples/bar.cpp::Pattern '(Copyright|©).*Qualcomm Innovation Center, Inc|Qualcomm Technologies, Inc|Copyright (\\(c\\)|©) (20(1[2-9]|2[0-2])(-|,|\\s)*)+ The Linux Foundation' not found in ai/prompts/code_samples/bar.cpp
::warning title=Policy Violation: github-issue-template-exists::No file matching ['ISSUE_TEMPLATE*', 'ISSUE_TEMPLATE/**', '.github/ISSUE_TEMPLATE*', '.github/ISSUE_TEMPLATE/**'] found in: /var/folders/cj/rh7njyk91lx4s79wxsflz3vw001y2r/T/tmp75i2029k/learn-ripple
::warning title=Policy Violation: github-pull-request-template-exists::No file matching ['PULL_REQUEST_TEMPLATE*', 'PULL_REQUEST_TEMPLATE/**', '.github/PULL_REQUEST_TEMPLATE*', '.github/PULL_REQUEST_TEMPLATE/**'] found in: /var/folders/cj/rh7njyk91lx4s79wxsflz3vw001y2r/T/tmp75i2029k/learn-ripple
  [128/313] qualcomm/ripple-test-suite: 0 discrepancies
  [129/313] qualcomm/learn-ripple: 0 discrepancies
WARNING reporter [FAIL] source-license-headers-exist: Pattern 'SPDX-License-Identifier|Redistribution and use in source and binary forms, with or without' not found in dependencies/zlib-1.3.1/adler32.c
WARNING reporter [FAIL] source-qualcomm-license-headers-exist: Pattern '(Copyright|©).*Qualcomm Innovation Center, Inc|Qualcomm Technologies, Inc|Copyright (\\(c\\)|©) (20(1[2-9]|2[0-2])(-|,|\\s)*)+ The Linux Foundation' not found in dependencies/zlib-1.3.1/adler32.c
WARNING reporter [FAIL] changelog-file-exists: No file matching ['CHANGELOG*'] found in: /var/folders/cj/rh7njyk91lx4s79wxsflz3vw001y2r/T/tmpx51rylnv/camera-service
::error title=Policy Violation: source-license-headers-exist,file=dependencies/zlib-1.3.1/adler32.c::Pattern 'SPDX-License-Identifier|Redistribution and use in source and binary forms, with or without' not found in dependencies/zlib-1.3.1/adler32.c
::warning title=Policy Violation: source-qualcomm-license-headers-exist,file=dependencies/zlib-1.3.1/adler32.c::Pattern '(Copyright|©).*Qualcomm Innovation Center, Inc|Qualcomm Technologies, Inc|Copyright (\\(c\\)|©) (20(1[2-9]|2[0-2])(-|,|\\s)*)+ The Linux Foundation' not found in dependencies/zlib-1.3.1/adler32.c
::warning title=Policy Violation: changelog-file-exists::No file matching ['CHANGELOG*'] found in: /var/folders/cj/rh7njyk91lx4s79wxsflz3vw001y2r/T/tmpx51rylnv/camera-service
  [130/313] qualcomm/lite-3Dgsplat-codec: 0 discrepancies
WARNING reporter [FAIL] changelog-file-exists: No file matching ['CHANGELOG*'] found in: /var/folders/cj/rh7njyk91lx4s79wxsflz3vw001y2r/T/tmpa120tq9a/gst-plugins-imsdk
WARNING reporter [FAIL] changelog-file-exists: No file matching ['CHANGELOG*'] found in: /var/folders/cj/rh7njyk91lx4s79wxsflz3vw001y2r/T/tmp5y2gz_7_/hexagon-mlir
::warning title=Policy Violation: changelog-file-exists::No file matching ['CHANGELOG*'] found in: /var/folders/cj/rh7njyk91lx4s79wxsflz3vw001y2r/T/tmpa120tq9a/gst-plugins-imsdk
::warning title=Policy Violation: changelog-file-exists::No file matching ['CHANGELOG*'] found in: /var/folders/cj/rh7njyk91lx4s79wxsflz3vw001y2r/T/tmp5y2gz_7_/hexagon-mlir
  [131/313] qualcomm/camera-service: 0 discrepancies
WARNING reporter [FAIL] test-directory-exists: No directory matching ['**/test*', '**/specs', '**/*test*'] found under /var/folders/cj/rh7njyk91lx4s79wxsflz3vw001y2r/T/tmpvwt9ftv7/bstruct-mininet
WARNING reporter [FAIL] changelog-file-exists: No file matching ['CHANGELOG*'] found in: /var/folders/cj/rh7njyk91lx4s79wxsflz3vw001y2r/T/tmpmohswncn/gst-qti-oss-patches
WARNING reporter [FAIL] test-directory-exists: No directory matching ['**/test*', '**/specs', '**/*test*'] found under /var/folders/cj/rh7njyk91lx4s79wxsflz3vw001y2r/T/tmpmohswncn/gst-qti-oss-patches
::warning title=Policy Violation: test-directory-exists::No directory matching ['**/test*', '**/specs', '**/*test*'] found under /var/folders/cj/rh7njyk91lx4s79wxsflz3vw001y2r/T/tmpvwt9ftv7/bstruct-mininet
::warning title=Policy Violation: changelog-file-exists::No file matching ['CHANGELOG*'] found in: /var/folders/cj/rh7njyk91lx4s79wxsflz3vw001y2r/T/tmpmohswncn/gst-qti-oss-patches
::warning title=Policy Violation: test-directory-exists::No directory matching ['**/test*', '**/specs', '**/*test*'] found under /var/folders/cj/rh7njyk91lx4s79wxsflz3vw001y2r/T/tmpmohswncn/gst-qti-oss-patches
  [132/313] qualcomm/gst-qti-oss-patches: 1 discrepancies
WARNING reporter [FAIL] contributing-file-exists: No file matching ['{docs/,.github/,}CONTRIB*'] found in: /var/folders/cj/rh7njyk91lx4s79wxsflz3vw001y2r/T/tmpv5_ol_fx/TopDown-WPA-Plugin-for-Qualcomm-Oryon
WARNING reporter [FAIL] changelog-file-exists: No file matching ['CHANGELOG*'] found in: /var/folders/cj/rh7njyk91lx4s79wxsflz3vw001y2r/T/tmpv5_ol_fx/TopDown-WPA-Plugin-for-Qualcomm-Oryon
WARNING reporter [FAIL] test-directory-exists: No directory matching ['**/test*', '**/specs', '**/*test*'] found under /var/folders/cj/rh7njyk91lx4s79wxsflz3vw001y2r/T/tmpv5_ol_fx/TopDown-WPA-Plugin-for-Qualcomm-Oryon
::warning title=Policy Violation: contributing-file-exists::No file matching ['{docs/,.github/,}CONTRIB*'] found in: /var/folders/cj/rh7njyk91lx4s79wxsflz3vw001y2r/T/tmpv5_ol_fx/TopDown-WPA-Plugin-for-Qualcomm-Oryon
::warning title=Policy Violation: changelog-file-exists::No file matching ['CHANGELOG*'] found in: /var/folders/cj/rh7njyk91lx4s79wxsflz3vw001y2r/T/tmpv5_ol_fx/TopDown-WPA-Plugin-for-Qualcomm-Oryon
::warning title=Policy Violation: test-directory-exists::No directory matching ['**/test*', '**/specs', '**/*test*'] found under /var/folders/cj/rh7njyk91lx4s79wxsflz3vw001y2r/T/tmpv5_ol_fx/TopDown-WPA-Plugin-for-Qualcomm-Oryon
  [133/313] qualcomm/TopDown-WPA-Plugin-for-Qualcomm-Oryon: 1 discrepancies
WARNING reporter [FAIL] python-package-metadata-exists: No file matching ['setup.py', 'requirements.txt'] found in: /var/folders/cj/rh7njyk91lx4s79wxsflz3vw001y2r/T/tmp5y2gz_7_/hexagon-mlir
WARNING reporter [FAIL] source-license-headers-exist: Pattern 'Copyright(\\s)*(\\(c\\)|©)?' not found in experiments/g2_network36/pods_t0.5_s0.05/input/skewTraffic.py
WARNING reporter [FAIL] changelog-file-exists: No file matching ['CHANGELOG*'] found in: /var/folders/cj/rh7njyk91lx4s79wxsflz3vw001y2r/T/tmpw1si99fl/armor-checkers
WARNING reporter [FAIL] test-directory-exists: No directory matching ['**/test*', '**/specs', '**/*test*'] found under /var/folders/cj/rh7njyk91lx4s79wxsflz3vw001y2r/T/tmpw1si99fl/armor-checkers
WARNING reporter [FAIL] source-qualcomm-license-headers-exist: Pattern '(Copyright|©).*Qualcomm Innovation Center, Inc|Qualcomm Technologies, Inc|Copyright (\\(c\\)|©) (20(1[2-9]|2[0-2])(-|,|\\s)*)+ The Linux Foundation' not found in .github/actions/abi_checker/scripts/parse-abi-config.sh
::warning title=Policy Violation: python-package-metadata-exists::No file matching ['setup.py', 'requirements.txt'] found in: /var/folders/cj/rh7njyk91lx4s79wxsflz3vw001y2r/T/tmp5y2gz_7_/hexagon-mlir
::error title=Policy Violation: source-license-headers-exist,file=experiments/g2_network36/pods_t0.5_s0.05/input/skewTraffic.py::Pattern 'Copyright(\\s)*(\\(c\\)|©)?' not found in experiments/g2_network36/pods_t0.5_s0.05/input/skewTraffic.py
::warning title=Policy Violation: changelog-file-exists::No file matching ['CHANGELOG*'] found in: /var/folders/cj/rh7njyk91lx4s79wxsflz3vw001y2r/T/tmpw1si99fl/armor-checkers
::warning title=Policy Violation: test-directory-exists::No directory matching ['**/test*', '**/specs', '**/*test*'] found under /var/folders/cj/rh7njyk91lx4s79wxsflz3vw001y2r/T/tmpw1si99fl/armor-checkers
::warning title=Policy Violation: source-qualcomm-license-headers-exist,file=.github/actions/abi_checker/scripts/parse-abi-config.sh::Pattern '(Copyright|©).*Qualcomm Innovation Center, Inc|Qualcomm Technologies, Inc|Copyright (\\(c\\)|©) (20(1[2-9]|2[0-2])(-|,|\\s)*)+ The Linux Foundation' not found in .github/actions/abi_checker/scripts/parse-abi-config.sh
  [134/313] qualcomm/hexagon-mlir: 0 discrepancies
WARNING reporter [FAIL] python-package-metadata-exists: No file matching ['setup.py', 'requirements.txt'] found in: /var/folders/cj/rh7njyk91lx4s79wxsflz3vw001y2r/T/tmpa120tq9a/gst-plugins-imsdk
::warning title=Policy Violation: python-package-metadata-exists::No file matching ['setup.py', 'requirements.txt'] found in: /var/folders/cj/rh7njyk91lx4s79wxsflz3vw001y2r/T/tmpa120tq9a/gst-plugins-imsdk
  [135/313] qualcomm/armor-checkers: 0 discrepancies
WARNING reporter [FAIL] binaries-not-present: Binary file found (MIME: application/x-executable): .github/actions/turborepo-remote-cache/action/decay-x64
WARNING reporter [FAIL] changelog-file-exists: No file matching ['CHANGELOG*'] found in: /var/folders/cj/rh7njyk91lx4s79wxsflz3vw001y2r/T/tmpke63em77/cpp-aarch64-build-agent-skill
::warning title=Policy Violation: binaries-not-present,file=.github/actions/turborepo-remote-cache/action/decay-x64::Binary file found (MIME: application/x-executable): .github/actions/turborepo-remote-cache/action/decay-x64
::warning title=Policy Violation: changelog-file-exists::No file matching ['CHANGELOG*'] found in: /var/folders/cj/rh7njyk91lx4s79wxsflz3vw001y2r/T/tmpke63em77/cpp-aarch64-build-agent-skill
  [136/313] qualcomm/gst-plugins-imsdk: 0 discrepancies
WARNING reporter [FAIL] test-directory-exists: No directory matching ['**/test*', '**/specs', '**/*test*'] found under /var/folders/cj/rh7njyk91lx4s79wxsflz3vw001y2r/T/tmpke63em77/cpp-aarch64-build-agent-skill
WARNING reporter [FAIL] python-package-metadata-exists: No file matching ['setup.py', 'requirements.txt'] found in: /var/folders/cj/rh7njyk91lx4s79wxsflz3vw001y2r/T/tmpke63em77/cpp-aarch64-build-agent-skill
WARNING reporter [FAIL] test-directory-exists: No directory matching ['**/test*', '**/specs', '**/*test*'] found under /var/folders/cj/rh7njyk91lx4s79wxsflz3vw001y2r/T/tmp006xwn38/makeelf
WARNING reporter [FAIL] source-qualcomm-license-headers-exist: Pattern '(Copyright|©).*Qualcomm Innovation Center, Inc|Qualcomm Technologies, Inc|Copyright (\\(c\\)|©) (20(1[2-9]|2[0-2])(-|,|\\s)*)+ The Linux Foundation' not found in experiments/g2_network36/pods_t0.5_s0.05/input/skewTraffic.py
WARNING reporter [FAIL] github-issue-template-exists: No file matching ['ISSUE_TEMPLATE*', 'ISSUE_TEMPLATE/**', '.github/ISSUE_TEMPLATE*', '.github/ISSUE_TEMPLATE/**'] found in: /var/folders/cj/rh7njyk91lx4s79wxsflz3vw001y2r/T/tmpvwt9ftv7/bstruct-mininet
WARNING reporter [FAIL] github-pull-request-template-exists: No file matching ['PULL_REQUEST_TEMPLATE*', 'PULL_REQUEST_TEMPLATE/**', '.github/PULL_REQUEST_TEMPLATE*', '.github/PULL_REQUEST_TEMPLATE/**'] found in: /var/folders/cj/rh7njyk91lx4s79wxsflz3vw001y2r/T/tmpvwt9ftv7/bstruct-mininet
WARNING reporter [FAIL] python-package-metadata-exists: No file matching ['setup.py', 'requirements.txt'] found in: /var/folders/cj/rh7njyk91lx4s79wxsflz3vw001y2r/T/tmpvwt9ftv7/bstruct-mininet
::warning title=Policy Violation: test-directory-exists::No directory matching ['**/test*', '**/specs', '**/*test*'] found under /var/folders/cj/rh7njyk91lx4s79wxsflz3vw001y2r/T/tmpke63em77/cpp-aarch64-build-agent-skill
::warning title=Policy Violation: python-package-metadata-exists::No file matching ['setup.py', 'requirements.txt'] found in: /var/folders/cj/rh7njyk91lx4s79wxsflz3vw001y2r/T/tmpke63em77/cpp-aarch64-build-agent-skill
::warning title=Policy Violation: test-directory-exists::No directory matching ['**/test*', '**/specs', '**/*test*'] found under /var/folders/cj/rh7njyk91lx4s79wxsflz3vw001y2r/T/tmp006xwn38/makeelf
::warning title=Policy Violation: source-qualcomm-license-headers-exist,file=experiments/g2_network36/pods_t0.5_s0.05/input/skewTraffic.py::Pattern '(Copyright|©).*Qualcomm Innovation Center, Inc|Qualcomm Technologies, Inc|Copyright (\\(c\\)|©) (20(1[2-9]|2[0-2])(-|,|\\s)*)+ The Linux Foundation' not found in experiments/g2_network36/pods_t0.5_s0.05/input/skewTraffic.py
::warning title=Policy Violation: github-issue-template-exists::No file matching ['ISSUE_TEMPLATE*', 'ISSUE_TEMPLATE/**', '.github/ISSUE_TEMPLATE*', '.github/ISSUE_TEMPLATE/**'] found in: /var/folders/cj/rh7njyk91lx4s79wxsflz3vw001y2r/T/tmpvwt9ftv7/bstruct-mininet
::warning title=Policy Violation: github-pull-request-template-exists::No file matching ['PULL_REQUEST_TEMPLATE*', 'PULL_REQUEST_TEMPLATE/**', '.github/PULL_REQUEST_TEMPLATE*', '.github/PULL_REQUEST_TEMPLATE/**'] found in: /var/folders/cj/rh7njyk91lx4s79wxsflz3vw001y2r/T/tmpvwt9ftv7/bstruct-mininet
::warning title=Policy Violation: python-package-metadata-exists::No file matching ['setup.py', 'requirements.txt'] found in: /var/folders/cj/rh7njyk91lx4s79wxsflz3vw001y2r/T/tmpvwt9ftv7/bstruct-mininet
  [137/313] qualcomm/cpp-aarch64-build-agent-skill: 0 discrepancies
  [138/313] qualcomm/makeelf: 1 discrepancies
WARNING reporter [FAIL] changelog-file-exists: No file matching ['CHANGELOG*'] found in: /var/folders/cj/rh7njyk91lx4s79wxsflz3vw001y2r/T/tmpasnt2quo/mark-test1
WARNING reporter [FAIL] test-directory-exists: No directory matching ['**/test*', '**/specs', '**/*test*'] found under /var/folders/cj/rh7njyk91lx4s79wxsflz3vw001y2r/T/tmpasnt2quo/mark-test1
::warning title=Policy Violation: changelog-file-exists::No file matching ['CHANGELOG*'] found in: /var/folders/cj/rh7njyk91lx4s79wxsflz3vw001y2r/T/tmpasnt2quo/mark-test1
::warning title=Policy Violation: test-directory-exists::No directory matching ['**/test*', '**/specs', '**/*test*'] found under /var/folders/cj/rh7njyk91lx4s79wxsflz3vw001y2r/T/tmpasnt2quo/mark-test1
  [139/313] qualcomm/mark-test1: 1 discrepancies
WARNING reporter [FAIL] test-directory-exists: No directory matching ['**/test*', '**/specs', '**/*test*'] found under /var/folders/cj/rh7njyk91lx4s79wxsflz3vw001y2r/T/tmp68rqp20e/qcom-embedded-power-measurement
WARNING reporter [FAIL] source-license-headers-exist: Pattern 'Copyright(\\s)*(\\(c\\)|©)?' not found in src/libraries/libexcel/excel.cpp
WARNING reporter [FAIL] source-qualcomm-license-headers-exist: Pattern '(Copyright|©).*Qualcomm Innovation Center, Inc|Qualcomm Technologies, Inc|Copyright (\\(c\\)|©) (20(1[2-9]|2[0-2])(-|,|\\s)*)+ The Linux Foundation' not found in src/libraries/libexcel/excel.cpp
WARNING reporter [FAIL] python-package-metadata-exists: No file matching ['setup.py', 'requirements.txt'] found in: /var/folders/cj/rh7njyk91lx4s79wxsflz3vw001y2r/T/tmp68rqp20e/qcom-embedded-power-measurement
WARNING reporter [FAIL] changelog-file-exists: No file matching ['CHANGELOG*'] found in: /var/folders/cj/rh7njyk91lx4s79wxsflz3vw001y2r/T/tmpbn_jxzrk/hexagon-hypervisor
WARNING rules.file_type Could not determine MIME type of /var/folders/cj/rh7njyk91lx4s79wxsflz3vw001y2r/T/tmpbn_jxzrk/hexagon-hypervisor/libs/posix/pthread/mutex/pthread_mutex.v60opt.S.notreally: [Errno 2] No such file or directory: '/var/folders/cj/rh7njyk91lx4s79wxsflz3vw001y2r/T/tmpbn_jxzrk/hexagon-hypervisor/libs/posix/pthread/mutex/pthread_mutex.v60opt.S.notreally'
WARNING rules.file_type Could not determine MIME type of /var/folders/cj/rh7njyk91lx4s79wxsflz3vw001y2r/T/tmpbn_jxzrk/hexagon-hypervisor/libs/posix/pthread/mutex/pthread_mutex.v5opt.S.notreally: [Errno 2] No such file or directory: '/var/folders/cj/rh7njyk91lx4s79wxsflz3vw001y2r/T/tmpbn_jxzrk/hexagon-hypervisor/libs/posix/pthread/mutex/pthread_mutex.v5opt.S.notreally'
WARNING rules.file_type Could not determine MIME type of /var/folders/cj/rh7njyk91lx4s79wxsflz3vw001y2r/T/tmpbn_jxzrk/hexagon-hypervisor/libs/posix/pthread/mutex/pthread_mutex.v55opt.S.notreally: [Errno 2] No such file or directory: '/var/folders/cj/rh7njyk91lx4s79wxsflz3vw001y2r/T/tmpbn_jxzrk/hexagon-hypervisor/libs/posix/pthread/mutex/pthread_mutex.v55opt.S.notreally'
WARNING reporter [FAIL] source-qualcomm-license-headers-exist: Pattern '(Copyright|©).*Qualcomm Innovation Center, Inc|Qualcomm Technologies, Inc|Copyright (\\(c\\)|©) (20(1[2-9]|2[0-2])(-|,|\\s)*)+ The Linux Foundation' not found in .github/workflows/scripts/BundleSharedLibDeps.sh
WARNING reporter [FAIL] github-issue-template-exists: No file matching ['ISSUE_TEMPLATE*', 'ISSUE_TEMPLATE/**', '.github/ISSUE_TEMPLATE*', '.github/ISSUE_TEMPLATE/**'] found in: /var/folders/cj/rh7njyk91lx4s79wxsflz3vw001y2r/T/tmp2fchyccf/eld
WARNING reporter [FAIL] github-pull-request-template-exists: No file matching ['PULL_REQUEST_TEMPLATE*', 'PULL_REQUEST_TEMPLATE/**', '.github/PULL_REQUEST_TEMPLATE*', '.github/PULL_REQUEST_TEMPLATE/**'] found in: /var/folders/cj/rh7njyk91lx4s79wxsflz3vw001y2r/T/tmp2fchyccf/eld
WARNING reporter [FAIL] python-package-metadata-exists: No file matching ['setup.py', 'requirements.txt'] found in: /var/folders/cj/rh7njyk91lx4s79wxsflz3vw001y2r/T/tmp2fchyccf/eld
WARNING reporter [FAIL] source-license-headers-exist: Pattern 'Copyright(\\s)*(\\(c\\)|©)?' not found in eslint.config.js
::warning title=Policy Violation: test-directory-exists::No directory matching ['**/test*', '**/specs', '**/*test*'] found under /var/folders/cj/rh7njyk91lx4s79wxsflz3vw001y2r/T/tmp68rqp20e/qcom-embedded-power-measurement
::error title=Policy Violation: source-license-headers-exist,file=src/libraries/libexcel/excel.cpp::Pattern 'Copyright(\\s)*(\\(c\\)|©)?' not found in src/libraries/libexcel/excel.cpp
::warning title=Policy Violation: source-qualcomm-license-headers-exist,file=src/libraries/libexcel/excel.cpp::Pattern '(Copyright|©).*Qualcomm Innovation Center, Inc|Qualcomm Technologies, Inc|Copyright (\\(c\\)|©) (20(1[2-9]|2[0-2])(-|,|\\s)*)+ The Linux Foundation' not found in src/libraries/libexcel/excel.cpp
::warning title=Policy Violation: python-package-metadata-exists::No file matching ['setup.py', 'requirements.txt'] found in: /var/folders/cj/rh7njyk91lx4s79wxsflz3vw001y2r/T/tmp68rqp20e/qcom-embedded-power-measurement
::warning title=Policy Violation: changelog-file-exists::No file matching ['CHANGELOG*'] found in: /var/folders/cj/rh7njyk91lx4s79wxsflz3vw001y2r/T/tmpbn_jxzrk/hexagon-hypervisor
::warning title=Policy Violation: source-qualcomm-license-headers-exist,file=.github/workflows/scripts/BundleSharedLibDeps.sh::Pattern '(Copyright|©).*Qualcomm Innovation Center, Inc|Qualcomm Technologies, Inc|Copyright (\\(c\\)|©) (20(1[2-9]|2[0-2])(-|,|\\s)*)+ The Linux Foundation' not found in .github/workflows/scripts/BundleSharedLibDeps.sh
::warning title=Policy Violation: github-issue-template-exists::No file matching ['ISSUE_TEMPLATE*', 'ISSUE_TEMPLATE/**', '.github/ISSUE_TEMPLATE*', '.github/ISSUE_TEMPLATE/**'] found in: /var/folders/cj/rh7njyk91lx4s79wxsflz3vw001y2r/T/tmp2fchyccf/eld
::warning title=Policy Violation: github-pull-request-template-exists::No file matching ['PULL_REQUEST_TEMPLATE*', 'PULL_REQUEST_TEMPLATE/**', '.github/PULL_REQUEST_TEMPLATE*', '.github/PULL_REQUEST_TEMPLATE/**'] found in: /var/folders/cj/rh7njyk91lx4s79wxsflz3vw001y2r/T/tmp2fchyccf/eld
::warning title=Policy Violation: python-package-metadata-exists::No file matching ['setup.py', 'requirements.txt'] found in: /var/folders/cj/rh7njyk91lx4s79wxsflz3vw001y2r/T/tmp2fchyccf/eld
::error title=Policy Violation: source-license-headers-exist,file=eslint.config.js::Pattern 'Copyright(\\s)*(\\(c\\)|©)?' not found in eslint.config.js
  [140/313] qualcomm/qcom-embedded-power-measurement: 0 discrepancies
WARNING rules.file_type Could not determine MIME type of /var/folders/cj/rh7njyk91lx4s79wxsflz3vw001y2r/T/tmpbn_jxzrk/hexagon-hypervisor/libs/docs/dox/latex/images/qualcommlogo.png: [Errno 2] No such file or directory: '/var/folders/cj/rh7njyk91lx4s79wxsflz3vw001y2r/T/tmpbn_jxzrk/hexagon-hypervisor/libs/docs/dox/latex/images/qualcommlogo.png'
WARNING rules.file_type Could not determine MIME type of /var/folders/cj/rh7njyk91lx4s79wxsflz3vw001y2r/T/tmpbn_jxzrk/hexagon-hypervisor/libs/docs/dox/latex/images/QC_logo/QCT_Image.PNG: [Errno 2] No such file or directory: '/var/folders/cj/rh7njyk91lx4s79wxsflz3vw001y2r/T/tmpbn_jxzrk/hexagon-hypervisor/libs/docs/dox/latex/images/QC_logo/QCT_Image.PNG'
WARNING rules.file_type Could not determine MIME type of /var/folders/cj/rh7njyk91lx4s79wxsflz3vw001y2r/T/tmpbn_jxzrk/hexagon-hypervisor/libs/docs/dox/latex/images/QCT_Image.PNG: [Errno 2] No such file or directory: '/var/folders/cj/rh7njyk91lx4s79wxsflz3vw001y2r/T/tmpbn_jxzrk/hexagon-hypervisor/libs/docs/dox/latex/images/QCT_Image.PNG'
WARNING rules.file_type Could not determine MIME type of /var/folders/cj/rh7njyk91lx4s79wxsflz3vw001y2r/T/tmpbn_jxzrk/hexagon-hypervisor/libs/docs/dox/latex/images/Hexagon_logo/QCT_Image.PNG: [Errno 2] No such file or directory: '/var/folders/cj/rh7njyk91lx4s79wxsflz3vw001y2r/T/tmpbn_jxzrk/hexagon-hypervisor/libs/docs/dox/latex/images/Hexagon_logo/QCT_Image.PNG'
WARNING reporter [FAIL] changelog-file-exists: No file matching ['CHANGELOG*'] found in: /var/folders/cj/rh7njyk91lx4s79wxsflz3vw001y2r/T/tmpx_gnws5v/qcom-memory-dump-collector
WARNING reporter [FAIL] test-directory-exists: No directory matching ['**/test*', '**/specs', '**/*test*'] found under /var/folders/cj/rh7njyk91lx4s79wxsflz3vw001y2r/T/tmpx_gnws5v/qcom-memory-dump-collector
WARNING reporter [FAIL] source-license-headers-exist: Pattern 'Copyright(\\s)*(\\(c\\)|©)?' not found in src/external/kLogger/Version.h
WARNING reporter [FAIL] source-qualcomm-license-headers-exist: Pattern '(Copyright|©).*Qualcomm Innovation Center, Inc|Qualcomm Technologies, Inc|Copyright (\\(c\\)|©) (20(1[2-9]|2[0-2])(-|,|\\s)*)+ The Linux Foundation' not found in src/external/kLogger/Version.h
::warning title=Policy Violation: changelog-file-exists::No file matching ['CHANGELOG*'] found in: /var/folders/cj/rh7njyk91lx4s79wxsflz3vw001y2r/T/tmpx_gnws5v/qcom-memory-dump-collector
::warning title=Policy Violation: test-directory-exists::No directory matching ['**/test*', '**/specs', '**/*test*'] found under /var/folders/cj/rh7njyk91lx4s79wxsflz3vw001y2r/T/tmpx_gnws5v/qcom-memory-dump-collector
::error title=Policy Violation: source-license-headers-exist,file=src/external/kLogger/Version.h::Pattern 'Copyright(\\s)*(\\(c\\)|©)?' not found in src/external/kLogger/Version.h
::warning title=Policy Violation: source-qualcomm-license-headers-exist,file=src/external/kLogger/Version.h::Pattern '(Copyright|©).*Qualcomm Innovation Center, Inc|Qualcomm Technologies, Inc|Copyright (\\(c\\)|©) (20(1[2-9]|2[0-2])(-|,|\\s)*)+ The Linux Foundation' not found in src/external/kLogger/Version.h
  [141/313] qualcomm/libqcperf: 0 discrepancies
  [142/313] quic/bstruct-mininet: 1 discrepancies
  [143/313] qualcomm/qcom-memory-dump-collector: 0 discrepancies
WARNING reporter [FAIL] changelog-file-exists: No file matching ['CHANGELOG*'] found in: /var/folders/cj/rh7njyk91lx4s79wxsflz3vw001y2r/T/tmp99cqasre/security-profiles
WARNING reporter [FAIL] test-directory-exists: No directory matching ['**/test*', '**/specs', '**/*test*'] found under /var/folders/cj/rh7njyk91lx4s79wxsflz3vw001y2r/T/tmp99cqasre/security-profiles
::warning title=Policy Violation: changelog-file-exists::No file matching ['CHANGELOG*'] found in: /var/folders/cj/rh7njyk91lx4s79wxsflz3vw001y2r/T/tmp99cqasre/security-profiles
::warning title=Policy Violation: test-directory-exists::No directory matching ['**/test*', '**/specs', '**/*test*'] found under /var/folders/cj/rh7njyk91lx4s79wxsflz3vw001y2r/T/tmp99cqasre/security-profiles
  [144/313] qualcomm/security-profiles: 1 discrepancies
WARNING reporter [FAIL] changelog-file-exists: No file matching ['CHANGELOG*'] found in: /var/folders/cj/rh7njyk91lx4s79wxsflz3vw001y2r/T/tmpxpfudk7f/EasyWoS
WARNING reporter [FAIL] changelog-file-exists: No file matching ['CHANGELOG*'] found in: /var/folders/cj/rh7njyk91lx4s79wxsflz3vw001y2r/T/tmpjgb1h7gs/qcom-image-loader
WARNING reporter [FAIL] changelog-file-exists: No file matching ['CHANGELOG*'] found in: /var/folders/cj/rh7njyk91lx4s79wxsflz3vw001y2r/T/tmpouv_lzyg/rtss-can
WARNING reporter [FAIL] test-directory-exists: No directory matching ['**/test*', '**/specs', '**/*test*'] found under /var/folders/cj/rh7njyk91lx4s79wxsflz3vw001y2r/T/tmpouv_lzyg/rtss-can
WARNING reporter [FAIL] test-directory-exists: No directory matching ['**/test*', '**/specs', '**/*test*'] found under /var/folders/cj/rh7njyk91lx4s79wxsflz3vw001y2r/T/tmpjgb1h7gs/qcom-image-loader
WARNING reporter [FAIL] source-license-headers-exist: Pattern 'Copyright(\\s)*(\\(c\\)|©)?' not found in src/external/kLogger/Version.h
WARNING reporter [FAIL] source-license-headers-exist: Pattern 'Copyright(\\s)*(\\(c\\)|©)?' not found in agent/skills/arm64-inlineasm-to-intrinsics/assets/Verification/include/kernel_compare.h
WARNING reporter [FAIL] source-qualcomm-license-headers-exist: Pattern '(Copyright|©).*Qualcomm Innovation Center, Inc|Qualcomm Technologies, Inc|Copyright (\\(c\\)|©) (20(1[2-9]|2[0-2])(-|,|\\s)*)+ The Linux Foundation' not found in src/external/kLogger/Version.h
::warning title=Policy Violation: changelog-file-exists::No file matching ['CHANGELOG*'] found in: /var/folders/cj/rh7njyk91lx4s79wxsflz3vw001y2r/T/tmpxpfudk7f/EasyWoS
::warning title=Policy Violation: changelog-file-exists::No file matching ['CHANGELOG*'] found in: /var/folders/cj/rh7njyk91lx4s79wxsflz3vw001y2r/T/tmpjgb1h7gs/qcom-image-loader
::warning title=Policy Violation: changelog-file-exists::No file matching ['CHANGELOG*'] found in: /var/folders/cj/rh7njyk91lx4s79wxsflz3vw001y2r/T/tmpouv_lzyg/rtss-can
::warning title=Policy Violation: test-directory-exists::No directory matching ['**/test*', '**/specs', '**/*test*'] found under /var/folders/cj/rh7njyk91lx4s79wxsflz3vw001y2r/T/tmpouv_lzyg/rtss-can
::warning title=Policy Violation: test-directory-exists::No directory matching ['**/test*', '**/specs', '**/*test*'] found under /var/folders/cj/rh7njyk91lx4s79wxsflz3vw001y2r/T/tmpjgb1h7gs/qcom-image-loader
::error title=Policy Violation: source-license-headers-exist,file=src/external/kLogger/Version.h::Pattern 'Copyright(\\s)*(\\(c\\)|©)?' not found in src/external/kLogger/Version.h
::error title=Policy Violation: source-license-headers-exist,file=agent/skills/arm64-inlineasm-to-intrinsics/assets/Verification/include/kernel_compare.h::Pattern 'Copyright(\\s)*(\\(c\\)|©)?' not found in agent/skills/arm64-inlineasm-to-intrinsics/assets/Verification/include/kernel_compare.h
::warning title=Policy Violation: source-qualcomm-license-headers-exist,file=src/external/kLogger/Version.h::Pattern '(Copyright|©).*Qualcomm Innovation Center, Inc|Qualcomm Technologies, Inc|Copyright (\\(c\\)|©) (20(1[2-9]|2[0-2])(-|,|\\s)*)+ The Linux Foundation' not found in src/external/kLogger/Version.h
  [145/313] qualcomm/rtss-can: 0 discrepancies
WARNING reporter [FAIL] source-qualcomm-license-headers-exist: Pattern '(Copyright|©).*Qualcomm Innovation Center, Inc|Qualcomm Technologies, Inc|Copyright (\\(c\\)|©) (20(1[2-9]|2[0-2])(-|,|\\s)*)+ The Linux Foundation' not found in agent/skills/arm64-inlineasm-to-intrinsics/assets/Verification/include/kernel_compare.h
WARNING reporter [FAIL] python-package-metadata-exists: No file matching ['setup.py', 'requirements.txt'] found in: /var/folders/cj/rh7njyk91lx4s79wxsflz3vw001y2r/T/tmpxpfudk7f/EasyWoS
WARNING reporter [FAIL] source-qualcomm-license-headers-exist: Pattern '(Copyright|©).*Qualcomm Innovation Center, Inc|Qualcomm Technologies, Inc|Copyright (\\(c\\)|©) (20(1[2-9]|2[0-2])(-|,|\\s)*)+ The Linux Foundation' not found in eslint.config.js
::warning title=Policy Violation: source-qualcomm-license-headers-exist,file=agent/skills/arm64-inlineasm-to-intrinsics/assets/Verification/include/kernel_compare.h::Pattern '(Copyright|©).*Qualcomm Innovation Center, Inc|Qualcomm Technologies, Inc|Copyright (\\(c\\)|©) (20(1[2-9]|2[0-2])(-|,|\\s)*)+ The Linux Foundation' not found in agent/skills/arm64-inlineasm-to-intrinsics/assets/Verification/include/kernel_compare.h
::warning title=Policy Violation: python-package-metadata-exists::No file matching ['setup.py', 'requirements.txt'] found in: /var/folders/cj/rh7njyk91lx4s79wxsflz3vw001y2r/T/tmpxpfudk7f/EasyWoS
::warning title=Policy Violation: source-qualcomm-license-headers-exist,file=eslint.config.js::Pattern '(Copyright|©).*Qualcomm Innovation Center, Inc|Qualcomm Technologies, Inc|Copyright (\\(c\\)|©) (20(1[2-9]|2[0-2])(-|,|\\s)*)+ The Linux Foundation' not found in eslint.config.js
  [146/313] qualcomm/eld: 0 discrepancies
  [147/313] qualcomm/qcom-image-loader: 0 discrepancies
  [148/313] qualcomm/EasyWoS: 0 discrepancies
WARNING reporter [FAIL] changelog-file-exists: No file matching ['CHANGELOG*'] found in: /var/folders/cj/rh7njyk91lx4s79wxsflz3vw001y2r/T/tmpg36d3s_y/libqcnpuperf
WARNING reporter [FAIL] test-directory-exists: No directory matching ['**/test*', '**/specs', '**/*test*'] found under /var/folders/cj/rh7njyk91lx4s79wxsflz3vw001y2r/T/tmpg36d3s_y/libqcnpuperf
WARNING reporter [FAIL] code-of-conduct-file-exists: No file matching ['{docs/,.github/,}CODEOFCONDUCT*', '{docs/,.github/,}CODE-OF-CONDUCT*', '{docs/,.github/,}CODE_OF_CONDUCT*'] found in: /var/folders/cj/rh7njyk91lx4s79wxsflz3vw001y2r/T/tmpau_39zuf/pytestctl
WARNING reporter [FAIL] changelog-file-exists: No file matching ['CHANGELOG*'] found in: /var/folders/cj/rh7njyk91lx4s79wxsflz3vw001y2r/T/tmpau_39zuf/pytestctl
WARNING reporter [FAIL] python-package-metadata-exists: No file matching ['setup.py', 'requirements.txt'] found in: /var/folders/cj/rh7njyk91lx4s79wxsflz3vw001y2r/T/tmpbn_jxzrk/hexagon-hypervisor
WARNING reporter [FAIL] github-issue-template-exists: No file matching ['ISSUE_TEMPLATE*', 'ISSUE_TEMPLATE/**', '.github/ISSUE_TEMPLATE*', '.github/ISSUE_TEMPLATE/**'] found in: /var/folders/cj/rh7njyk91lx4s79wxsflz3vw001y2r/T/tmpau_39zuf/pytestctl
WARNING reporter [FAIL] github-pull-request-template-exists: No file matching ['PULL_REQUEST_TEMPLATE*', 'PULL_REQUEST_TEMPLATE/**', '.github/PULL_REQUEST_TEMPLATE*', '.github/PULL_REQUEST_TEMPLATE/**'] found in: /var/folders/cj/rh7njyk91lx4s79wxsflz3vw001y2r/T/tmpau_39zuf/pytestctl
WARNING reporter [FAIL] python-package-metadata-exists: No file matching ['setup.py', 'requirements.txt'] found in: /var/folders/cj/rh7njyk91lx4s79wxsflz3vw001y2r/T/tmpau_39zuf/pytestctl
::warning title=Policy Violation: changelog-file-exists::No file matching ['CHANGELOG*'] found in: /var/folders/cj/rh7njyk91lx4s79wxsflz3vw001y2r/T/tmpg36d3s_y/libqcnpuperf
::warning title=Policy Violation: test-directory-exists::No directory matching ['**/test*', '**/specs', '**/*test*'] found under /var/folders/cj/rh7njyk91lx4s79wxsflz3vw001y2r/T/tmpg36d3s_y/libqcnpuperf
::warning title=Policy Violation: code-of-conduct-file-exists::No file matching ['{docs/,.github/,}CODEOFCONDUCT*', '{docs/,.github/,}CODE-OF-CONDUCT*', '{docs/,.github/,}CODE_OF_CONDUCT*'] found in: /var/folders/cj/rh7njyk91lx4s79wxsflz3vw001y2r/T/tmpau_39zuf/pytestctl
::warning title=Policy Violation: changelog-file-exists::No file matching ['CHANGELOG*'] found in: /var/folders/cj/rh7njyk91lx4s79wxsflz3vw001y2r/T/tmpau_39zuf/pytestctl
::warning title=Policy Violation: python-package-metadata-exists::No file matching ['setup.py', 'requirements.txt'] found in: /var/folders/cj/rh7njyk91lx4s79wxsflz3vw001y2r/T/tmpbn_jxzrk/hexagon-hypervisor
::warning title=Policy Violation: github-issue-template-exists::No file matching ['ISSUE_TEMPLATE*', 'ISSUE_TEMPLATE/**', '.github/ISSUE_TEMPLATE*', '.github/ISSUE_TEMPLATE/**'] found in: /var/folders/cj/rh7njyk91lx4s79wxsflz3vw001y2r/T/tmpau_39zuf/pytestctl
::warning title=Policy Violation: github-pull-request-template-exists::No file matching ['PULL_REQUEST_TEMPLATE*', 'PULL_REQUEST_TEMPLATE/**', '.github/PULL_REQUEST_TEMPLATE*', '.github/PULL_REQUEST_TEMPLATE/**'] found in: /var/folders/cj/rh7njyk91lx4s79wxsflz3vw001y2r/T/tmpau_39zuf/pytestctl
::warning title=Policy Violation: python-package-metadata-exists::No file matching ['setup.py', 'requirements.txt'] found in: /var/folders/cj/rh7njyk91lx4s79wxsflz3vw001y2r/T/tmpau_39zuf/pytestctl
  [149/313] qualcomm/libqcnpuperf: 0 discrepancies
  [150/313] qualcomm/pytestctl: 0 discrepancies
WARNING reporter [FAIL] license-file-exists: No file matching ['LICENSE*', 'COPYING*', 'NOTICE*'] found in: /var/folders/cj/rh7njyk91lx4s79wxsflz3vw001y2r/T/tmpcnrdl_x3/mark-test2
WARNING reporter [FAIL] contributing-file-exists: No file matching ['{docs/,.github/,}CONTRIB*'] found in: /var/folders/cj/rh7njyk91lx4s79wxsflz3vw001y2r/T/tmpcnrdl_x3/mark-test2
WARNING reporter [FAIL] code-of-conduct-file-exists: No file matching ['{docs/,.github/,}CODEOFCONDUCT*', '{docs/,.github/,}CODE-OF-CONDUCT*', '{docs/,.github/,}CODE_OF_CONDUCT*'] found in: /var/folders/cj/rh7njyk91lx4s79wxsflz3vw001y2r/T/tmpcnrdl_x3/mark-test2
WARNING reporter [FAIL] changelog-file-exists: No file matching ['CHANGELOG*'] found in: /var/folders/cj/rh7njyk91lx4s79wxsflz3vw001y2r/T/tmpcnrdl_x3/mark-test2
WARNING reporter [FAIL] readme-references-license: Pattern 'license|notice' not found in README.md
WARNING reporter [FAIL] test-directory-exists: No directory matching ['**/test*', '**/specs', '**/*test*'] found under /var/folders/cj/rh7njyk91lx4s79wxsflz3vw001y2r/T/tmpcnrdl_x3/mark-test2
WARNING reporter [FAIL] changelog-file-exists: No file matching ['CHANGELOG*'] found in: /var/folders/cj/rh7njyk91lx4s79wxsflz3vw001y2r/T/tmphcb1n2yj/geniex-proc
WARNING reporter [FAIL] github-issue-template-exists: No file matching ['ISSUE_TEMPLATE*', 'ISSUE_TEMPLATE/**', '.github/ISSUE_TEMPLATE*', '.github/ISSUE_TEMPLATE/**'] found in: /var/folders/cj/rh7njyk91lx4s79wxsflz3vw001y2r/T/tmpcnrdl_x3/mark-test2
WARNING reporter [FAIL] github-pull-request-template-exists: No file matching ['PULL_REQUEST_TEMPLATE*', 'PULL_REQUEST_TEMPLATE/**', '.github/PULL_REQUEST_TEMPLATE*', '.github/PULL_REQUEST_TEMPLATE/**'] found in: /var/folders/cj/rh7njyk91lx4s79wxsflz3vw001y2r/T/tmpcnrdl_x3/mark-test2
::error title=Policy Violation: license-file-exists::No file matching ['LICENSE*', 'COPYING*', 'NOTICE*'] found in: /var/folders/cj/rh7njyk91lx4s79wxsflz3vw001y2r/T/tmpcnrdl_x3/mark-test2
::warning title=Policy Violation: contributing-file-exists::No file matching ['{docs/,.github/,}CONTRIB*'] found in: /var/folders/cj/rh7njyk91lx4s79wxsflz3vw001y2r/T/tmpcnrdl_x3/mark-test2
::warning title=Policy Violation: code-of-conduct-file-exists::No file matching ['{docs/,.github/,}CODEOFCONDUCT*', '{docs/,.github/,}CODE-OF-CONDUCT*', '{docs/,.github/,}CODE_OF_CONDUCT*'] found in: /var/folders/cj/rh7njyk91lx4s79wxsflz3vw001y2r/T/tmpcnrdl_x3/mark-test2
::warning title=Policy Violation: changelog-file-exists::No file matching ['CHANGELOG*'] found in: /var/folders/cj/rh7njyk91lx4s79wxsflz3vw001y2r/T/tmpcnrdl_x3/mark-test2
::error title=Policy Violation: readme-references-license,file=README.md::Pattern 'license|notice' not found in README.md
::warning title=Policy Violation: test-directory-exists::No directory matching ['**/test*', '**/specs', '**/*test*'] found under /var/folders/cj/rh7njyk91lx4s79wxsflz3vw001y2r/T/tmpcnrdl_x3/mark-test2
::warning title=Policy Violation: changelog-file-exists::No file matching ['CHANGELOG*'] found in: /var/folders/cj/rh7njyk91lx4s79wxsflz3vw001y2r/T/tmphcb1n2yj/geniex-proc
::warning title=Policy Violation: github-issue-template-exists::No file matching ['ISSUE_TEMPLATE*', 'ISSUE_TEMPLATE/**', '.github/ISSUE_TEMPLATE*', '.github/ISSUE_TEMPLATE/**'] found in: /var/folders/cj/rh7njyk91lx4s79wxsflz3vw001y2r/T/tmpcnrdl_x3/mark-test2
::warning title=Policy Violation: github-pull-request-template-exists::No file matching ['PULL_REQUEST_TEMPLATE*', 'PULL_REQUEST_TEMPLATE/**', '.github/PULL_REQUEST_TEMPLATE*', '.github/PULL_REQUEST_TEMPLATE/**'] found in: /var/folders/cj/rh7njyk91lx4s79wxsflz3vw001y2r/T/tmpcnrdl_x3/mark-test2
  [151/313] qualcomm/hexagon-hypervisor: 0 discrepancies
WARNING reporter [FAIL] changelog-file-exists: No file matching ['CHANGELOG*'] found in: /var/folders/cj/rh7njyk91lx4s79wxsflz3vw001y2r/T/tmpkwu9mieb/qcom-enterprise-workflows
WARNING reporter [FAIL] test-directory-exists: No directory matching ['**/test*', '**/specs', '**/*test*'] found under /var/folders/cj/rh7njyk91lx4s79wxsflz3vw001y2r/T/tmpkwu9mieb/qcom-enterprise-workflows
::warning title=Policy Violation: changelog-file-exists::No file matching ['CHANGELOG*'] found in: /var/folders/cj/rh7njyk91lx4s79wxsflz3vw001y2r/T/tmpkwu9mieb/qcom-enterprise-workflows
::warning title=Policy Violation: test-directory-exists::No directory matching ['**/test*', '**/specs', '**/*test*'] found under /var/folders/cj/rh7njyk91lx4s79wxsflz3vw001y2r/T/tmpkwu9mieb/qcom-enterprise-workflows
  [152/313] qualcomm/mark-test2: 1 discrepancies
  [153/313] qualcomm/qualcomm-ui: 1 discrepancies
WARNING reporter [FAIL] changelog-file-exists: No file matching ['CHANGELOG*'] found in: /var/folders/cj/rh7njyk91lx4s79wxsflz3vw001y2r/T/tmpqt10ng94/repo-policy-action
::warning title=Policy Violation: changelog-file-exists::No file matching ['CHANGELOG*'] found in: /var/folders/cj/rh7njyk91lx4s79wxsflz3vw001y2r/T/tmpqt10ng94/repo-policy-action
  [154/313] qualcomm/qcom-enterprise-workflows: 1 discrepancies
WARNING reporter [FAIL] changelog-file-exists: No file matching ['CHANGELOG*'] found in: /var/folders/cj/rh7njyk91lx4s79wxsflz3vw001y2r/T/tmplf8vb4p4/vllm-qaic
WARNING reporter [FAIL] python-package-metadata-exists: No file matching ['setup.py', 'requirements.txt'] found in: /var/folders/cj/rh7njyk91lx4s79wxsflz3vw001y2r/T/tmpquc83a9_/extension-wos-porter
WARNING reporter [FAIL] test-directory-exists: No directory matching ['**/test*', '**/specs', '**/*test*'] found under /var/folders/cj/rh7njyk91lx4s79wxsflz3vw001y2r/T/tmplf8vb4p4/vllm-qaic
::warning title=Policy Violation: changelog-file-exists::No file matching ['CHANGELOG*'] found in: /var/folders/cj/rh7njyk91lx4s79wxsflz3vw001y2r/T/tmplf8vb4p4/vllm-qaic
::warning title=Policy Violation: python-package-metadata-exists::No file matching ['setup.py', 'requirements.txt'] found in: /var/folders/cj/rh7njyk91lx4s79wxsflz3vw001y2r/T/tmpquc83a9_/extension-wos-porter
::warning title=Policy Violation: test-directory-exists::No directory matching ['**/test*', '**/specs', '**/*test*'] found under /var/folders/cj/rh7njyk91lx4s79wxsflz3vw001y2r/T/tmplf8vb4p4/vllm-qaic
  [155/313] qualcomm/repo-policy-action: 0 discrepancies
  [156/313] qualcomm/extension-wos-porter: 0 discrepancies
WARNING reporter [FAIL] code-of-conduct-file-exists: No file matching ['{docs/,.github/,}CODEOFCONDUCT*', '{docs/,.github/,}CODE-OF-CONDUCT*', '{docs/,.github/,}CODE_OF_CONDUCT*'] found in: /var/folders/cj/rh7njyk91lx4s79wxsflz3vw001y2r/T/tmp3r9fjoqc/meta-qcom
WARNING reporter [FAIL] license-file-exists: No file matching ['LICENSE*', 'COPYING*', 'NOTICE*'] found in: /var/folders/cj/rh7njyk91lx4s79wxsflz3vw001y2r/T/tmp8e_9xumz/qcom-manifest
WARNING reporter [FAIL] contributing-file-exists: No file matching ['{docs/,.github/,}CONTRIB*'] found in: /var/folders/cj/rh7njyk91lx4s79wxsflz3vw001y2r/T/tmp8e_9xumz/qcom-manifest
WARNING reporter [FAIL] changelog-file-exists: No file matching ['CHANGELOG*'] found in: /var/folders/cj/rh7njyk91lx4s79wxsflz3vw001y2r/T/tmp3r9fjoqc/meta-qcom
WARNING reporter [FAIL] code-of-conduct-file-exists: No file matching ['{docs/,.github/,}CODEOFCONDUCT*', '{docs/,.github/,}CODE-OF-CONDUCT*', '{docs/,.github/,}CODE_OF_CONDUCT*'] found in: /var/folders/cj/rh7njyk91lx4s79wxsflz3vw001y2r/T/tmp8e_9xumz/qcom-manifest
WARNING reporter [FAIL] changelog-file-exists: No file matching ['CHANGELOG*'] found in: /var/folders/cj/rh7njyk91lx4s79wxsflz3vw001y2r/T/tmp8e_9xumz/qcom-manifest
WARNING reporter [FAIL] readme-references-license: Pattern 'license|notice' not found in README.md
WARNING reporter [FAIL] contributing-file-exists: No file matching ['{docs/,.github/,}CONTRIB*'] found in: /var/folders/cj/rh7njyk91lx4s79wxsflz3vw001y2r/T/tmpmigrjosy/meta-qcom-distro
WARNING reporter [FAIL] test-directory-exists: No directory matching ['**/test*', '**/specs', '**/*test*'] found under /var/folders/cj/rh7njyk91lx4s79wxsflz3vw001y2r/T/tmp8e_9xumz/qcom-manifest
WARNING reporter [FAIL] integrates-with-ci: No file matching ['.gitlab-ci.yml', '.travis.yml', 'appveyor.yml', '.appveyor.yml', 'circle.yml', '.circleci/config.yml', 'Jenkinsfile', '.drone.yml', '.github/workflows/*', 'azure-pipelines.yml'] found in: /var/folders/cj/rh7njyk91lx4s79wxsflz3vw001y2r/T/tmp8e_9xumz/qcom-manifest
WARNING reporter [FAIL] changelog-file-exists: No file matching ['CHANGELOG*'] found in: /var/folders/cj/rh7njyk91lx4s79wxsflz3vw001y2r/T/tmpmigrjosy/meta-qcom-distro
WARNING reporter [FAIL] github-issue-template-exists: No file matching ['ISSUE_TEMPLATE*', 'ISSUE_TEMPLATE/**', '.github/ISSUE_TEMPLATE*', '.github/ISSUE_TEMPLATE/**'] found in: /var/folders/cj/rh7njyk91lx4s79wxsflz3vw001y2r/T/tmp8e_9xumz/qcom-manifest
WARNING reporter [FAIL] github-pull-request-template-exists: No file matching ['PULL_REQUEST_TEMPLATE*', 'PULL_REQUEST_TEMPLATE/**', '.github/PULL_REQUEST_TEMPLATE*', '.github/PULL_REQUEST_TEMPLATE/**'] found in: /var/folders/cj/rh7njyk91lx4s79wxsflz3vw001y2r/T/tmp8e_9xumz/qcom-manifest
::warning title=Policy Violation: code-of-conduct-file-exists::No file matching ['{docs/,.github/,}CODEOFCONDUCT*', '{docs/,.github/,}CODE-OF-CONDUCT*', '{docs/,.github/,}CODE_OF_CONDUCT*'] found in: /var/folders/cj/rh7njyk91lx4s79wxsflz3vw001y2r/T/tmp3r9fjoqc/meta-qcom
::error title=Policy Violation: license-file-exists::No file matching ['LICENSE*', 'COPYING*', 'NOTICE*'] found in: /var/folders/cj/rh7njyk91lx4s79wxsflz3vw001y2r/T/tmp8e_9xumz/qcom-manifest
::warning title=Policy Violation: contributing-file-exists::No file matching ['{docs/,.github/,}CONTRIB*'] found in: /var/folders/cj/rh7njyk91lx4s79wxsflz3vw001y2r/T/tmp8e_9xumz/qcom-manifest
::warning title=Policy Violation: changelog-file-exists::No file matching ['CHANGELOG*'] found in: /var/folders/cj/rh7njyk91lx4s79wxsflz3vw001y2r/T/tmp3r9fjoqc/meta-qcom
::warning title=Policy Violation: code-of-conduct-file-exists::No file matching ['{docs/,.github/,}CODEOFCONDUCT*', '{docs/,.github/,}CODE-OF-CONDUCT*', '{docs/,.github/,}CODE_OF_CONDUCT*'] found in: /var/folders/cj/rh7njyk91lx4s79wxsflz3vw001y2r/T/tmp8e_9xumz/qcom-manifest
::warning title=Policy Violation: changelog-file-exists::No file matching ['CHANGELOG*'] found in: /var/folders/cj/rh7njyk91lx4s79wxsflz3vw001y2r/T/tmp8e_9xumz/qcom-manifest
::error title=Policy Violation: readme-references-license,file=README.md::Pattern 'license|notice' not found in README.md
::warning title=Policy Violation: contributing-file-exists::No file matching ['{docs/,.github/,}CONTRIB*'] found in: /var/folders/cj/rh7njyk91lx4s79wxsflz3vw001y2r/T/tmpmigrjosy/meta-qcom-distro
::warning title=Policy Violation: test-directory-exists::No directory matching ['**/test*', '**/specs', '**/*test*'] found under /var/folders/cj/rh7njyk91lx4s79wxsflz3vw001y2r/T/tmp8e_9xumz/qcom-manifest
::warning title=Policy Violation: integrates-with-ci::No file matching ['.gitlab-ci.yml', '.travis.yml', 'appveyor.yml', '.appveyor.yml', 'circle.yml', '.circleci/config.yml', 'Jenkinsfile', '.drone.yml', '.github/workflows/*', 'azure-pipelines.yml'] found in: /var/folders/cj/rh7njyk91lx4s79wxsflz3vw001y2r/T/tmp8e_9xumz/qcom-manifest
::warning title=Policy Violation: changelog-file-exists::No file matching ['CHANGELOG*'] found in: /var/folders/cj/rh7njyk91lx4s79wxsflz3vw001y2r/T/tmpmigrjosy/meta-qcom-distro
::warning title=Policy Violation: github-issue-template-exists::No file matching ['ISSUE_TEMPLATE*', 'ISSUE_TEMPLATE/**', '.github/ISSUE_TEMPLATE*', '.github/ISSUE_TEMPLATE/**'] found in: /var/folders/cj/rh7njyk91lx4s79wxsflz3vw001y2r/T/tmp8e_9xumz/qcom-manifest
::warning title=Policy Violation: github-pull-request-template-exists::No file matching ['PULL_REQUEST_TEMPLATE*', 'PULL_REQUEST_TEMPLATE/**', '.github/PULL_REQUEST_TEMPLATE*', '.github/PULL_REQUEST_TEMPLATE/**'] found in: /var/folders/cj/rh7njyk91lx4s79wxsflz3vw001y2r/T/tmp8e_9xumz/qcom-manifest
  [157/313] qualcomm/vllm-qaic: 1 discrepancies
WARNING reporter [FAIL] test-directory-exists: No directory matching ['**/test*', '**/specs', '**/*test*'] found under /var/folders/cj/rh7njyk91lx4s79wxsflz3vw001y2r/T/tmpmigrjosy/meta-qcom-distro
WARNING reporter [FAIL] changelog-file-exists: No file matching ['CHANGELOG*'] found in: /var/folders/cj/rh7njyk91lx4s79wxsflz3vw001y2r/T/tmp3onkubml/geniex-qairt-plugin
WARNING reporter [FAIL] license-file-exists: No file matching ['LICENSE*', 'COPYING*', 'NOTICE*'] found in: /var/folders/cj/rh7njyk91lx4s79wxsflz3vw001y2r/T/tmpyqqtfcr3/meta-qcom-hwe
WARNING reporter [FAIL] contributing-file-exists: No file matching ['{docs/,.github/,}CONTRIB*'] found in: /var/folders/cj/rh7njyk91lx4s79wxsflz3vw001y2r/T/tmpyqqtfcr3/meta-qcom-hwe
WARNING reporter [FAIL] code-of-conduct-file-exists: No file matching ['{docs/,.github/,}CODEOFCONDUCT*', '{docs/,.github/,}CODE-OF-CONDUCT*', '{docs/,.github/,}CODE_OF_CONDUCT*'] found in: /var/folders/cj/rh7njyk91lx4s79wxsflz3vw001y2r/T/tmpyqqtfcr3/meta-qcom-hwe
WARNING reporter [FAIL] changelog-file-exists: No file matching ['CHANGELOG*'] found in: /var/folders/cj/rh7njyk91lx4s79wxsflz3vw001y2r/T/tmpyqqtfcr3/meta-qcom-hwe
WARNING reporter [FAIL] readme-references-license: Pattern 'license|notice' not found in README
WARNING reporter [FAIL] test-directory-exists: No directory matching ['**/test*', '**/specs', '**/*test*'] found under /var/folders/cj/rh7njyk91lx4s79wxsflz3vw001y2r/T/tmpyqqtfcr3/meta-qcom-hwe
WARNING reporter [FAIL] integrates-with-ci: No file matching ['.gitlab-ci.yml', '.travis.yml', 'appveyor.yml', '.appveyor.yml', 'circle.yml', '.circleci/config.yml', 'Jenkinsfile', '.drone.yml', '.github/workflows/*', 'azure-pipelines.yml'] found in: /var/folders/cj/rh7njyk91lx4s79wxsflz3vw001y2r/T/tmpyqqtfcr3/meta-qcom-hwe
::warning title=Policy Violation: test-directory-exists::No directory matching ['**/test*', '**/specs', '**/*test*'] found under /var/folders/cj/rh7njyk91lx4s79wxsflz3vw001y2r/T/tmpmigrjosy/meta-qcom-distro
::warning title=Policy Violation: changelog-file-exists::No file matching ['CHANGELOG*'] found in: /var/folders/cj/rh7njyk91lx4s79wxsflz3vw001y2r/T/tmp3onkubml/geniex-qairt-plugin
::error title=Policy Violation: license-file-exists::No file matching ['LICENSE*', 'COPYING*', 'NOTICE*'] found in: /var/folders/cj/rh7njyk91lx4s79wxsflz3vw001y2r/T/tmpyqqtfcr3/meta-qcom-hwe
::warning title=Policy Violation: contributing-file-exists::No file matching ['{docs/,.github/,}CONTRIB*'] found in: /var/folders/cj/rh7njyk91lx4s79wxsflz3vw001y2r/T/tmpyqqtfcr3/meta-qcom-hwe
::warning title=Policy Violation: code-of-conduct-file-exists::No file matching ['{docs/,.github/,}CODEOFCONDUCT*', '{docs/,.github/,}CODE-OF-CONDUCT*', '{docs/,.github/,}CODE_OF_CONDUCT*'] found in: /var/folders/cj/rh7njyk91lx4s79wxsflz3vw001y2r/T/tmpyqqtfcr3/meta-qcom-hwe
::warning title=Policy Violation: changelog-file-exists::No file matching ['CHANGELOG*'] found in: /var/folders/cj/rh7njyk91lx4s79wxsflz3vw001y2r/T/tmpyqqtfcr3/meta-qcom-hwe
::error title=Policy Violation: readme-references-license,file=README::Pattern 'license|notice' not found in README
::warning title=Policy Violation: test-directory-exists::No directory matching ['**/test*', '**/specs', '**/*test*'] found under /var/folders/cj/rh7njyk91lx4s79wxsflz3vw001y2r/T/tmpyqqtfcr3/meta-qcom-hwe
::warning title=Policy Violation: integrates-with-ci::No file matching ['.gitlab-ci.yml', '.travis.yml', 'appveyor.yml', '.appveyor.yml', 'circle.yml', '.circleci/config.yml', 'Jenkinsfile', '.drone.yml', '.github/workflows/*', 'azure-pipelines.yml'] found in: /var/folders/cj/rh7njyk91lx4s79wxsflz3vw001y2r/T/tmpyqqtfcr3/meta-qcom-hwe
  [158/313] qualcomm-linux/qcom-manifest: 1 discrepancies
WARNING reporter [FAIL] github-issue-template-exists: No file matching ['ISSUE_TEMPLATE*', 'ISSUE_TEMPLATE/**', '.github/ISSUE_TEMPLATE*', '.github/ISSUE_TEMPLATE/**'] found in: /var/folders/cj/rh7njyk91lx4s79wxsflz3vw001y2r/T/tmpyqqtfcr3/meta-qcom-hwe
WARNING reporter [FAIL] github-pull-request-template-exists: No file matching ['PULL_REQUEST_TEMPLATE*', 'PULL_REQUEST_TEMPLATE/**', '.github/PULL_REQUEST_TEMPLATE*', '.github/PULL_REQUEST_TEMPLATE/**'] found in: /var/folders/cj/rh7njyk91lx4s79wxsflz3vw001y2r/T/tmpyqqtfcr3/meta-qcom-hwe
WARNING reporter [FAIL] github-issue-template-exists: No file matching ['ISSUE_TEMPLATE*', 'ISSUE_TEMPLATE/**', '.github/ISSUE_TEMPLATE*', '.github/ISSUE_TEMPLATE/**'] found in: /var/folders/cj/rh7njyk91lx4s79wxsflz3vw001y2r/T/tmpmigrjosy/meta-qcom-distro
WARNING reporter [FAIL] github-pull-request-template-exists: No file matching ['PULL_REQUEST_TEMPLATE*', 'PULL_REQUEST_TEMPLATE/**', '.github/PULL_REQUEST_TEMPLATE*', '.github/PULL_REQUEST_TEMPLATE/**'] found in: /var/folders/cj/rh7njyk91lx4s79wxsflz3vw001y2r/T/tmpmigrjosy/meta-qcom-distro
WARNING reporter [FAIL] python-package-metadata-exists: No file matching ['setup.py', 'requirements.txt'] found in: /var/folders/cj/rh7njyk91lx4s79wxsflz3vw001y2r/T/tmpmigrjosy/meta-qcom-distro
WARNING reporter [FAIL] license-file-exists: No file matching ['LICENSE*', 'COPYING*', 'NOTICE*'] found in: /var/folders/cj/rh7njyk91lx4s79wxsflz3vw001y2r/T/tmpa_i62hqi/.github
WARNING reporter [FAIL] contributing-file-exists: No file matching ['{docs/,.github/,}CONTRIB*'] found in: /var/folders/cj/rh7njyk91lx4s79wxsflz3vw001y2r/T/tmpa_i62hqi/.github
WARNING reporter [FAIL] code-of-conduct-file-exists: No file matching ['{docs/,.github/,}CODEOFCONDUCT*', '{docs/,.github/,}CODE-OF-CONDUCT*', '{docs/,.github/,}CODE_OF_CONDUCT*'] found in: /var/folders/cj/rh7njyk91lx4s79wxsflz3vw001y2r/T/tmpa_i62hqi/.github
WARNING reporter [FAIL] changelog-file-exists: No file matching ['CHANGELOG*'] found in: /var/folders/cj/rh7njyk91lx4s79wxsflz3vw001y2r/T/tmpa_i62hqi/.github
WARNING reporter [FAIL] readme-references-license: Pattern 'license|notice' not found in README.md
WARNING reporter [FAIL] test-directory-exists: No directory matching ['**/test*', '**/specs', '**/*test*'] found under /var/folders/cj/rh7njyk91lx4s79wxsflz3vw001y2r/T/tmpa_i62hqi/.github
WARNING reporter [FAIL] integrates-with-ci: No file matching ['.gitlab-ci.yml', '.travis.yml', 'appveyor.yml', '.appveyor.yml', 'circle.yml', '.circleci/config.yml', 'Jenkinsfile', '.drone.yml', '.github/workflows/*', 'azure-pipelines.yml'] found in: /var/folders/cj/rh7njyk91lx4s79wxsflz3vw001y2r/T/tmpa_i62hqi/.github
WARNING reporter [FAIL] github-issue-template-exists: No file matching ['ISSUE_TEMPLATE*', 'ISSUE_TEMPLATE/**', '.github/ISSUE_TEMPLATE*', '.github/ISSUE_TEMPLATE/**'] found in: /var/folders/cj/rh7njyk91lx4s79wxsflz3vw001y2r/T/tmpa_i62hqi/.github
WARNING reporter [FAIL] github-pull-request-template-exists: No file matching ['PULL_REQUEST_TEMPLATE*', 'PULL_REQUEST_TEMPLATE/**', '.github/PULL_REQUEST_TEMPLATE*', '.github/PULL_REQUEST_TEMPLATE/**'] found in: /var/folders/cj/rh7njyk91lx4s79wxsflz3vw001y2r/T/tmpa_i62hqi/.github
::warning title=Policy Violation: github-issue-template-exists::No file matching ['ISSUE_TEMPLATE*', 'ISSUE_TEMPLATE/**', '.github/ISSUE_TEMPLATE*', '.github/ISSUE_TEMPLATE/**'] found in: /var/folders/cj/rh7njyk91lx4s79wxsflz3vw001y2r/T/tmpyqqtfcr3/meta-qcom-hwe
::warning title=Policy Violation: github-pull-request-template-exists::No file matching ['PULL_REQUEST_TEMPLATE*', 'PULL_REQUEST_TEMPLATE/**', '.github/PULL_REQUEST_TEMPLATE*', '.github/PULL_REQUEST_TEMPLATE/**'] found in: /var/folders/cj/rh7njyk91lx4s79wxsflz3vw001y2r/T/tmpyqqtfcr3/meta-qcom-hwe
::warning title=Policy Violation: github-issue-template-exists::No file matching ['ISSUE_TEMPLATE*', 'ISSUE_TEMPLATE/**', '.github/ISSUE_TEMPLATE*', '.github/ISSUE_TEMPLATE/**'] found in: /var/folders/cj/rh7njyk91lx4s79wxsflz3vw001y2r/T/tmpmigrjosy/meta-qcom-distro
::warning title=Policy Violation: github-pull-request-template-exists::No file matching ['PULL_REQUEST_TEMPLATE*', 'PULL_REQUEST_TEMPLATE/**', '.github/PULL_REQUEST_TEMPLATE*', '.github/PULL_REQUEST_TEMPLATE/**'] found in: /var/folders/cj/rh7njyk91lx4s79wxsflz3vw001y2r/T/tmpmigrjosy/meta-qcom-distro
::warning title=Policy Violation: python-package-metadata-exists::No file matching ['setup.py', 'requirements.txt'] found in: /var/folders/cj/rh7njyk91lx4s79wxsflz3vw001y2r/T/tmpmigrjosy/meta-qcom-distro
::error title=Policy Violation: license-file-exists::No file matching ['LICENSE*', 'COPYING*', 'NOTICE*'] found in: /var/folders/cj/rh7njyk91lx4s79wxsflz3vw001y2r/T/tmpa_i62hqi/.github
::warning title=Policy Violation: contributing-file-exists::No file matching ['{docs/,.github/,}CONTRIB*'] found in: /var/folders/cj/rh7njyk91lx4s79wxsflz3vw001y2r/T/tmpa_i62hqi/.github
::warning title=Policy Violation: code-of-conduct-file-exists::No file matching ['{docs/,.github/,}CODEOFCONDUCT*', '{docs/,.github/,}CODE-OF-CONDUCT*', '{docs/,.github/,}CODE_OF_CONDUCT*'] found in: /var/folders/cj/rh7njyk91lx4s79wxsflz3vw001y2r/T/tmpa_i62hqi/.github
::warning title=Policy Violation: changelog-file-exists::No file matching ['CHANGELOG*'] found in: /var/folders/cj/rh7njyk91lx4s79wxsflz3vw001y2r/T/tmpa_i62hqi/.github
::error title=Policy Violation: readme-references-license,file=README.md::Pattern 'license|notice' not found in README.md
::warning title=Policy Violation: test-directory-exists::No directory matching ['**/test*', '**/specs', '**/*test*'] found under /var/folders/cj/rh7njyk91lx4s79wxsflz3vw001y2r/T/tmpa_i62hqi/.github
::warning title=Policy Violation: integrates-with-ci::No file matching ['.gitlab-ci.yml', '.travis.yml', 'appveyor.yml', '.appveyor.yml', 'circle.yml', '.circleci/config.yml', 'Jenkinsfile', '.drone.yml', '.github/workflows/*', 'azure-pipelines.yml'] found in: /var/folders/cj/rh7njyk91lx4s79wxsflz3vw001y2r/T/tmpa_i62hqi/.github
::warning title=Policy Violation: github-issue-template-exists::No file matching ['ISSUE_TEMPLATE*', 'ISSUE_TEMPLATE/**', '.github/ISSUE_TEMPLATE*', '.github/ISSUE_TEMPLATE/**'] found in: /var/folders/cj/rh7njyk91lx4s79wxsflz3vw001y2r/T/tmpa_i62hqi/.github
::warning title=Policy Violation: github-pull-request-template-exists::No file matching ['PULL_REQUEST_TEMPLATE*', 'PULL_REQUEST_TEMPLATE/**', '.github/PULL_REQUEST_TEMPLATE*', '.github/PULL_REQUEST_TEMPLATE/**'] found in: /var/folders/cj/rh7njyk91lx4s79wxsflz3vw001y2r/T/tmpa_i62hqi/.github
  [159/313] qualcomm-linux/meta-qcom-hwe: 1 discrepancies
WARNING reporter [FAIL] binaries-not-present: Binary file found (MIME: application/x-sharedlib): third-party/linux-gcc11.2/libQnnHtpNetRunExtensions.so
WARNING reporter [FAIL] source-license-headers-exist: Pattern 'SPDX-License-Identifier|Redistribution and use in source and binary forms, with or without' not found in qnn-api/include/HTP/QnnHtpCommon.h
WARNING reporter [FAIL] changelog-file-exists: No file matching ['CHANGELOG*'] found in: /var/folders/cj/rh7njyk91lx4s79wxsflz3vw001y2r/T/tmpbh36vv14/meta-qcom-robotics-sdk
WARNING reporter [FAIL] source-qualcomm-license-headers-exist: Pattern '(Copyright|©).*Qualcomm Innovation Center, Inc|Qualcomm Technologies, Inc|Copyright (\\(c\\)|©) (20(1[2-9]|2[0-2])(-|,|\\s)*)+ The Linux Foundation' not found in recipes-devtools/qca-swiss-army-knife/qca-swiss-army-knife/ath10k-generate-board-2_json.sh
WARNING reporter [FAIL] github-issue-template-exists: No file matching ['ISSUE_TEMPLATE*', 'ISSUE_TEMPLATE/**', '.github/ISSUE_TEMPLATE*', '.github/ISSUE_TEMPLATE/**'] found in: /var/folders/cj/rh7njyk91lx4s79wxsflz3vw001y2r/T/tmp3r9fjoqc/meta-qcom
WARNING reporter [FAIL] github-pull-request-template-exists: No file matching ['PULL_REQUEST_TEMPLATE*', 'PULL_REQUEST_TEMPLATE/**', '.github/PULL_REQUEST_TEMPLATE*', '.github/PULL_REQUEST_TEMPLATE/**'] found in: /var/folders/cj/rh7njyk91lx4s79wxsflz3vw001y2r/T/tmp3r9fjoqc/meta-qcom
WARNING reporter [FAIL] python-package-metadata-exists: No file matching ['setup.py', 'requirements.txt'] found in: /var/folders/cj/rh7njyk91lx4s79wxsflz3vw001y2r/T/tmp3r9fjoqc/meta-qcom
::warning title=Policy Violation: binaries-not-present,file=third-party/linux-gcc11.2/libQnnHtpNetRunExtensions.so::Binary file found (MIME: application/x-sharedlib): third-party/linux-gcc11.2/libQnnHtpNetRunExtensions.so
::error title=Policy Violation: source-license-headers-exist,file=qnn-api/include/HTP/QnnHtpCommon.h::Pattern 'SPDX-License-Identifier|Redistribution and use in source and binary forms, with or without' not found in qnn-api/include/HTP/QnnHtpCommon.h
::warning title=Policy Violation: changelog-file-exists::No file matching ['CHANGELOG*'] found in: /var/folders/cj/rh7njyk91lx4s79wxsflz3vw001y2r/T/tmpbh36vv14/meta-qcom-robotics-sdk
::warning title=Policy Violation: source-qualcomm-license-headers-exist,file=recipes-devtools/qca-swiss-army-knife/qca-swiss-army-knife/ath10k-generate-board-2_json.sh::Pattern '(Copyright|©).*Qualcomm Innovation Center, Inc|Qualcomm Technologies, Inc|Copyright (\\(c\\)|©) (20(1[2-9]|2[0-2])(-|,|\\s)*)+ The Linux Foundation' not found in recipes-devtools/qca-swiss-army-knife/qca-swiss-army-knife/ath10k-generate-board-2_json.sh
::warning title=Policy Violation: github-issue-template-exists::No file matching ['ISSUE_TEMPLATE*', 'ISSUE_TEMPLATE/**', '.github/ISSUE_TEMPLATE*', '.github/ISSUE_TEMPLATE/**'] found in: /var/folders/cj/rh7njyk91lx4s79wxsflz3vw001y2r/T/tmp3r9fjoqc/meta-qcom
::warning title=Policy Violation: github-pull-request-template-exists::No file matching ['PULL_REQUEST_TEMPLATE*', 'PULL_REQUEST_TEMPLATE/**', '.github/PULL_REQUEST_TEMPLATE*', '.github/PULL_REQUEST_TEMPLATE/**'] found in: /var/folders/cj/rh7njyk91lx4s79wxsflz3vw001y2r/T/tmp3r9fjoqc/meta-qcom
::warning title=Policy Violation: python-package-metadata-exists::No file matching ['setup.py', 'requirements.txt'] found in: /var/folders/cj/rh7njyk91lx4s79wxsflz3vw001y2r/T/tmp3r9fjoqc/meta-qcom
  [160/313] qualcomm-linux/meta-qcom-distro: 1 discrepancies
WARNING reporter [FAIL] source-qualcomm-license-headers-exist: Pattern '(Copyright|©).*Qualcomm Innovation Center, Inc|Qualcomm Technologies, Inc|Copyright (\\(c\\)|©) (20(1[2-9]|2[0-2])(-|,|\\s)*)+ The Linux Foundation' not found in qnn-api/src/utils/fmt/core.h
WARNING reporter [FAIL] python-package-metadata-exists: No file matching ['setup.py', 'requirements.txt'] found in: /var/folders/cj/rh7njyk91lx4s79wxsflz3vw001y2r/T/tmp3onkubml/geniex-qairt-plugin
WARNING reporter [FAIL] changelog-file-exists: No file matching ['CHANGELOG*'] found in: /var/folders/cj/rh7njyk91lx4s79wxsflz3vw001y2r/T/tmpcym1k4dz/meta-qcom-robotics-distro
WARNING reporter [FAIL] test-directory-exists: No directory matching ['**/test*', '**/specs', '**/*test*'] found under /var/folders/cj/rh7njyk91lx4s79wxsflz3vw001y2r/T/tmpbh36vv14/meta-qcom-robotics-sdk
WARNING reporter [FAIL] test-directory-exists: No directory matching ['**/test*', '**/specs', '**/*test*'] found under /var/folders/cj/rh7njyk91lx4s79wxsflz3vw001y2r/T/tmpcym1k4dz/meta-qcom-robotics-distro
WARNING reporter [FAIL] integrates-with-ci: No file matching ['.gitlab-ci.yml', '.travis.yml', 'appveyor.yml', '.appveyor.yml', 'circle.yml', '.circleci/config.yml', 'Jenkinsfile', '.drone.yml', '.github/workflows/*', 'azure-pipelines.yml'] found in: /var/folders/cj/rh7njyk91lx4s79wxsflz3vw001y2r/T/tmpcym1k4dz/meta-qcom-robotics-distro
WARNING reporter [FAIL] github-issue-template-exists: No file matching ['ISSUE_TEMPLATE*', 'ISSUE_TEMPLATE/**', '.github/ISSUE_TEMPLATE*', '.github/ISSUE_TEMPLATE/**'] found in: /var/folders/cj/rh7njyk91lx4s79wxsflz3vw001y2r/T/tmpcym1k4dz/meta-qcom-robotics-distro
WARNING reporter [FAIL] github-pull-request-template-exists: No file matching ['PULL_REQUEST_TEMPLATE*', 'PULL_REQUEST_TEMPLATE/**', '.github/PULL_REQUEST_TEMPLATE*', '.github/PULL_REQUEST_TEMPLATE/**'] found in: /var/folders/cj/rh7njyk91lx4s79wxsflz3vw001y2r/T/tmpcym1k4dz/meta-qcom-robotics-distro
WARNING reporter [FAIL] source-license-headers-exist: Pattern 'Copyright(\\s)*(\\(c\\)|©)?' not found in third-party/stb/stb_image.h
WARNING reporter [FAIL] github-issue-template-exists: No file matching ['ISSUE_TEMPLATE*', 'ISSUE_TEMPLATE/**', '.github/ISSUE_TEMPLATE*', '.github/ISSUE_TEMPLATE/**'] found in: /var/folders/cj/rh7njyk91lx4s79wxsflz3vw001y2r/T/tmpbh36vv14/meta-qcom-robotics-sdk
WARNING reporter [FAIL] github-pull-request-template-exists: No file matching ['PULL_REQUEST_TEMPLATE*', 'PULL_REQUEST_TEMPLATE/**', '.github/PULL_REQUEST_TEMPLATE*', '.github/PULL_REQUEST_TEMPLATE/**'] found in: /var/folders/cj/rh7njyk91lx4s79wxsflz3vw001y2r/T/tmpbh36vv14/meta-qcom-robotics-sdk
WARNING reporter [FAIL] python-package-metadata-exists: No file matching ['setup.py', 'requirements.txt'] found in: /var/folders/cj/rh7njyk91lx4s79wxsflz3vw001y2r/T/tmpbh36vv14/meta-qcom-robotics-sdk
WARNING reporter [FAIL] source-qualcomm-license-headers-exist: Pattern '(Copyright|©).*Qualcomm Innovation Center, Inc|Qualcomm Technologies, Inc|Copyright (\\(c\\)|©) (20(1[2-9]|2[0-2])(-|,|\\s)*)+ The Linux Foundation' not found in include/json.hpp
WARNING reporter [FAIL] python-package-metadata-exists: No file matching ['setup.py', 'requirements.txt'] found in: /var/folders/cj/rh7njyk91lx4s79wxsflz3vw001y2r/T/tmphcb1n2yj/geniex-proc
::warning title=Policy Violation: source-qualcomm-license-headers-exist,file=qnn-api/src/utils/fmt/core.h::Pattern '(Copyright|©).*Qualcomm Innovation Center, Inc|Qualcomm Technologies, Inc|Copyright (\\(c\\)|©) (20(1[2-9]|2[0-2])(-|,|\\s)*)+ The Linux Foundation' not found in qnn-api/src/utils/fmt/core.h
::warning title=Policy Violation: python-package-metadata-exists::No file matching ['setup.py', 'requirements.txt'] found in: /var/folders/cj/rh7njyk91lx4s79wxsflz3vw001y2r/T/tmp3onkubml/geniex-qairt-plugin
::warning title=Policy Violation: changelog-file-exists::No file matching ['CHANGELOG*'] found in: /var/folders/cj/rh7njyk91lx4s79wxsflz3vw001y2r/T/tmpcym1k4dz/meta-qcom-robotics-distro
::warning title=Policy Violation: test-directory-exists::No directory matching ['**/test*', '**/specs', '**/*test*'] found under /var/folders/cj/rh7njyk91lx4s79wxsflz3vw001y2r/T/tmpbh36vv14/meta-qcom-robotics-sdk
::warning title=Policy Violation: test-directory-exists::No directory matching ['**/test*', '**/specs', '**/*test*'] found under /var/folders/cj/rh7njyk91lx4s79wxsflz3vw001y2r/T/tmpcym1k4dz/meta-qcom-robotics-distro
::warning title=Policy Violation: integrates-with-ci::No file matching ['.gitlab-ci.yml', '.travis.yml', 'appveyor.yml', '.appveyor.yml', 'circle.yml', '.circleci/config.yml', 'Jenkinsfile', '.drone.yml', '.github/workflows/*', 'azure-pipelines.yml'] found in: /var/folders/cj/rh7njyk91lx4s79wxsflz3vw001y2r/T/tmpcym1k4dz/meta-qcom-robotics-distro
::warning title=Policy Violation: github-issue-template-exists::No file matching ['ISSUE_TEMPLATE*', 'ISSUE_TEMPLATE/**', '.github/ISSUE_TEMPLATE*', '.github/ISSUE_TEMPLATE/**'] found in: /var/folders/cj/rh7njyk91lx4s79wxsflz3vw001y2r/T/tmpcym1k4dz/meta-qcom-robotics-distro
::warning title=Policy Violation: github-pull-request-template-exists::No file matching ['PULL_REQUEST_TEMPLATE*', 'PULL_REQUEST_TEMPLATE/**', '.github/PULL_REQUEST_TEMPLATE*', '.github/PULL_REQUEST_TEMPLATE/**'] found in: /var/folders/cj/rh7njyk91lx4s79wxsflz3vw001y2r/T/tmpcym1k4dz/meta-qcom-robotics-distro
::error title=Policy Violation: source-license-headers-exist,file=third-party/stb/stb_image.h::Pattern 'Copyright(\\s)*(\\(c\\)|©)?' not found in third-party/stb/stb_image.h
::warning title=Policy Violation: github-issue-template-exists::No file matching ['ISSUE_TEMPLATE*', 'ISSUE_TEMPLATE/**', '.github/ISSUE_TEMPLATE*', '.github/ISSUE_TEMPLATE/**'] found in: /var/folders/cj/rh7njyk91lx4s79wxsflz3vw001y2r/T/tmpbh36vv14/meta-qcom-robotics-sdk
::warning title=Policy Violation: github-pull-request-template-exists::No file matching ['PULL_REQUEST_TEMPLATE*', 'PULL_REQUEST_TEMPLATE/**', '.github/PULL_REQUEST_TEMPLATE*', '.github/PULL_REQUEST_TEMPLATE/**'] found in: /var/folders/cj/rh7njyk91lx4s79wxsflz3vw001y2r/T/tmpbh36vv14/meta-qcom-robotics-sdk
::warning title=Policy Violation: python-package-metadata-exists::No file matching ['setup.py', 'requirements.txt'] found in: /var/folders/cj/rh7njyk91lx4s79wxsflz3vw001y2r/T/tmpbh36vv14/meta-qcom-robotics-sdk
::warning title=Policy Violation: source-qualcomm-license-headers-exist,file=include/json.hpp::Pattern '(Copyright|©).*Qualcomm Innovation Center, Inc|Qualcomm Technologies, Inc|Copyright (\\(c\\)|©) (20(1[2-9]|2[0-2])(-|,|\\s)*)+ The Linux Foundation' not found in include/json.hpp
::warning title=Policy Violation: python-package-metadata-exists::No file matching ['setup.py', 'requirements.txt'] found in: /var/folders/cj/rh7njyk91lx4s79wxsflz3vw001y2r/T/tmphcb1n2yj/geniex-proc
  [161/313] qualcomm-linux/meta-qcom-robotics-distro: 0 discrepancies
  [162/313] qualcomm-linux/meta-qcom-robotics-sdk: 1 discrepancies
  [163/313] qualcomm-linux/.github: 1 discrepancies
  [164/313] qualcomm-linux/meta-qcom: 0 discrepancies
  [165/313] qualcomm/geniex-qairt-plugin: 0 discrepancies
WARNING reporter [FAIL] contributing-file-exists: No file matching ['{docs/,.github/,}CONTRIB*'] found in: /var/folders/cj/rh7njyk91lx4s79wxsflz3vw001y2r/T/tmpvcgtgzm6/meta-qcom-realtime
WARNING reporter [FAIL] license-file-exists: No file matching ['LICENSE*', 'COPYING*', 'NOTICE*'] found in: /var/folders/cj/rh7njyk91lx4s79wxsflz3vw001y2r/T/tmpaez9d2k3/meta-qcom-qim-product-sdk
WARNING reporter [FAIL] code-of-conduct-file-exists: No file matching ['{docs/,.github/,}CODEOFCONDUCT*', '{docs/,.github/,}CODE-OF-CONDUCT*', '{docs/,.github/,}CODE_OF_CONDUCT*'] found in: /var/folders/cj/rh7njyk91lx4s79wxsflz3vw001y2r/T/tmpvcgtgzm6/meta-qcom-realtime
WARNING reporter [FAIL] changelog-file-exists: No file matching ['CHANGELOG*'] found in: /var/folders/cj/rh7njyk91lx4s79wxsflz3vw001y2r/T/tmpvcgtgzm6/meta-qcom-realtime
WARNING reporter [FAIL] readme-references-license: Pattern 'license|notice' not found in README.md
WARNING reporter [FAIL] contributing-file-exists: No file matching ['{docs/,.github/,}CONTRIB*'] found in: /var/folders/cj/rh7njyk91lx4s79wxsflz3vw001y2r/T/tmpaez9d2k3/meta-qcom-qim-product-sdk
WARNING reporter [FAIL] test-directory-exists: No directory matching ['**/test*', '**/specs', '**/*test*'] found under /var/folders/cj/rh7njyk91lx4s79wxsflz3vw001y2r/T/tmpvcgtgzm6/meta-qcom-realtime
WARNING reporter [FAIL] integrates-with-ci: No file matching ['.gitlab-ci.yml', '.travis.yml', 'appveyor.yml', '.appveyor.yml', 'circle.yml', '.circleci/config.yml', 'Jenkinsfile', '.drone.yml', '.github/workflows/*', 'azure-pipelines.yml'] found in: /var/folders/cj/rh7njyk91lx4s79wxsflz3vw001y2r/T/tmpvcgtgzm6/meta-qcom-realtime
WARNING reporter [FAIL] changelog-file-exists: No file matching ['CHANGELOG*'] found in: /var/folders/cj/rh7njyk91lx4s79wxsflz3vw001y2r/T/tmpenygpgjv/meta-qcom-robotics
WARNING reporter [FAIL] code-of-conduct-file-exists: No file matching ['{docs/,.github/,}CODEOFCONDUCT*', '{docs/,.github/,}CODE-OF-CONDUCT*', '{docs/,.github/,}CODE_OF_CONDUCT*'] found in: /var/folders/cj/rh7njyk91lx4s79wxsflz3vw001y2r/T/tmpaez9d2k3/meta-qcom-qim-product-sdk
WARNING reporter [FAIL] changelog-file-exists: No file matching ['CHANGELOG*'] found in: /var/folders/cj/rh7njyk91lx4s79wxsflz3vw001y2r/T/tmpglirepy6/qcom-deb-images
WARNING reporter [FAIL] changelog-file-exists: No file matching ['CHANGELOG*'] found in: /var/folders/cj/rh7njyk91lx4s79wxsflz3vw001y2r/T/tmpaez9d2k3/meta-qcom-qim-product-sdk
WARNING reporter [FAIL] readme-references-license: Pattern 'license|notice' not found in README.md
WARNING reporter [FAIL] changelog-file-exists: No file matching ['CHANGELOG*'] found in: /var/folders/cj/rh7njyk91lx4s79wxsflz3vw001y2r/T/tmpb1zigz4o/qcom-ptool
WARNING reporter [FAIL] github-issue-template-exists: No file matching ['ISSUE_TEMPLATE*', 'ISSUE_TEMPLATE/**', '.github/ISSUE_TEMPLATE*', '.github/ISSUE_TEMPLATE/**'] found in: /var/folders/cj/rh7njyk91lx4s79wxsflz3vw001y2r/T/tmpvcgtgzm6/meta-qcom-realtime
WARNING reporter [FAIL] github-pull-request-template-exists: No file matching ['PULL_REQUEST_TEMPLATE*', 'PULL_REQUEST_TEMPLATE/**', '.github/PULL_REQUEST_TEMPLATE*', '.github/PULL_REQUEST_TEMPLATE/**'] found in: /var/folders/cj/rh7njyk91lx4s79wxsflz3vw001y2r/T/tmpvcgtgzm6/meta-qcom-realtime
WARNING reporter [FAIL] test-directory-exists: No directory matching ['**/test*', '**/specs', '**/*test*'] found under /var/folders/cj/rh7njyk91lx4s79wxsflz3vw001y2r/T/tmpenygpgjv/meta-qcom-robotics
WARNING reporter [FAIL] integrates-with-ci: No file matching ['.gitlab-ci.yml', '.travis.yml', 'appveyor.yml', '.appveyor.yml', 'circle.yml', '.circleci/config.yml', 'Jenkinsfile', '.drone.yml', '.github/workflows/*', 'azure-pipelines.yml'] found in: /var/folders/cj/rh7njyk91lx4s79wxsflz3vw001y2r/T/tmpenygpgjv/meta-qcom-robotics
::warning title=Policy Violation: contributing-file-exists::No file matching ['{docs/,.github/,}CONTRIB*'] found in: /var/folders/cj/rh7njyk91lx4s79wxsflz3vw001y2r/T/tmpvcgtgzm6/meta-qcom-realtime
::error title=Policy Violation: license-file-exists::No file matching ['LICENSE*', 'COPYING*', 'NOTICE*'] found in: /var/folders/cj/rh7njyk91lx4s79wxsflz3vw001y2r/T/tmpaez9d2k3/meta-qcom-qim-product-sdk
::warning title=Policy Violation: code-of-conduct-file-exists::No file matching ['{docs/,.github/,}CODEOFCONDUCT*', '{docs/,.github/,}CODE-OF-CONDUCT*', '{docs/,.github/,}CODE_OF_CONDUCT*'] found in: /var/folders/cj/rh7njyk91lx4s79wxsflz3vw001y2r/T/tmpvcgtgzm6/meta-qcom-realtime
::warning title=Policy Violation: changelog-file-exists::No file matching ['CHANGELOG*'] found in: /var/folders/cj/rh7njyk91lx4s79wxsflz3vw001y2r/T/tmpvcgtgzm6/meta-qcom-realtime
::error title=Policy Violation: readme-references-license,file=README.md::Pattern 'license|notice' not found in README.md
::warning title=Policy Violation: contributing-file-exists::No file matching ['{docs/,.github/,}CONTRIB*'] found in: /var/folders/cj/rh7njyk91lx4s79wxsflz3vw001y2r/T/tmpaez9d2k3/meta-qcom-qim-product-sdk
::warning title=Policy Violation: test-directory-exists::No directory matching ['**/test*', '**/specs', '**/*test*'] found under /var/folders/cj/rh7njyk91lx4s79wxsflz3vw001y2r/T/tmpvcgtgzm6/meta-qcom-realtime
::warning title=Policy Violation: integrates-with-ci::No file matching ['.gitlab-ci.yml', '.travis.yml', 'appveyor.yml', '.appveyor.yml', 'circle.yml', '.circleci/config.yml', 'Jenkinsfile', '.drone.yml', '.github/workflows/*', 'azure-pipelines.yml'] found in: /var/folders/cj/rh7njyk91lx4s79wxsflz3vw001y2r/T/tmpvcgtgzm6/meta-qcom-realtime
::warning title=Policy Violation: changelog-file-exists::No file matching ['CHANGELOG*'] found in: /var/folders/cj/rh7njyk91lx4s79wxsflz3vw001y2r/T/tmpenygpgjv/meta-qcom-robotics
::warning title=Policy Violation: code-of-conduct-file-exists::No file matching ['{docs/,.github/,}CODEOFCONDUCT*', '{docs/,.github/,}CODE-OF-CONDUCT*', '{docs/,.github/,}CODE_OF_CONDUCT*'] found in: /var/folders/cj/rh7njyk91lx4s79wxsflz3vw001y2r/T/tmpaez9d2k3/meta-qcom-qim-product-sdk
::warning title=Policy Violation: changelog-file-exists::No file matching ['CHANGELOG*'] found in: /var/folders/cj/rh7njyk91lx4s79wxsflz3vw001y2r/T/tmpglirepy6/qcom-deb-images
::warning title=Policy Violation: changelog-file-exists::No file matching ['CHANGELOG*'] found in: /var/folders/cj/rh7njyk91lx4s79wxsflz3vw001y2r/T/tmpaez9d2k3/meta-qcom-qim-product-sdk
::error title=Policy Violation: readme-references-license,file=README.md::Pattern 'license|notice' not found in README.md
::warning title=Policy Violation: changelog-file-exists::No file matching ['CHANGELOG*'] found in: /var/folders/cj/rh7njyk91lx4s79wxsflz3vw001y2r/T/tmpb1zigz4o/qcom-ptool
::warning title=Policy Violation: github-issue-template-exists::No file matching ['ISSUE_TEMPLATE*', 'ISSUE_TEMPLATE/**', '.github/ISSUE_TEMPLATE*', '.github/ISSUE_TEMPLATE/**'] found in: /var/folders/cj/rh7njyk91lx4s79wxsflz3vw001y2r/T/tmpvcgtgzm6/meta-qcom-realtime
::warning title=Policy Violation: github-pull-request-template-exists::No file matching ['PULL_REQUEST_TEMPLATE*', 'PULL_REQUEST_TEMPLATE/**', '.github/PULL_REQUEST_TEMPLATE*', '.github/PULL_REQUEST_TEMPLATE/**'] found in: /var/folders/cj/rh7njyk91lx4s79wxsflz3vw001y2r/T/tmpvcgtgzm6/meta-qcom-realtime
::warning title=Policy Violation: test-directory-exists::No directory matching ['**/test*', '**/specs', '**/*test*'] found under /var/folders/cj/rh7njyk91lx4s79wxsflz3vw001y2r/T/tmpenygpgjv/meta-qcom-robotics
::warning title=Policy Violation: integrates-with-ci::No file matching ['.gitlab-ci.yml', '.travis.yml', 'appveyor.yml', '.appveyor.yml', 'circle.yml', '.circleci/config.yml', 'Jenkinsfile', '.drone.yml', '.github/workflows/*', 'azure-pipelines.yml'] found in: /var/folders/cj/rh7njyk91lx4s79wxsflz3vw001y2r/T/tmpenygpgjv/meta-qcom-robotics
  [166/313] qualcomm/geniex-proc: 0 discrepancies
WARNING reporter [FAIL] github-issue-template-exists: No file matching ['ISSUE_TEMPLATE*', 'ISSUE_TEMPLATE/**', '.github/ISSUE_TEMPLATE*', '.github/ISSUE_TEMPLATE/**'] found in: /var/folders/cj/rh7njyk91lx4s79wxsflz3vw001y2r/T/tmpglirepy6/qcom-deb-images
WARNING reporter [FAIL] github-pull-request-template-exists: No file matching ['PULL_REQUEST_TEMPLATE*', 'PULL_REQUEST_TEMPLATE/**', '.github/PULL_REQUEST_TEMPLATE*', '.github/PULL_REQUEST_TEMPLATE/**'] found in: /var/folders/cj/rh7njyk91lx4s79wxsflz3vw001y2r/T/tmpglirepy6/qcom-deb-images
WARNING reporter [FAIL] python-package-metadata-exists: No file matching ['setup.py', 'requirements.txt'] found in: /var/folders/cj/rh7njyk91lx4s79wxsflz3vw001y2r/T/tmpglirepy6/qcom-deb-images
::warning title=Policy Violation: github-issue-template-exists::No file matching ['ISSUE_TEMPLATE*', 'ISSUE_TEMPLATE/**', '.github/ISSUE_TEMPLATE*', '.github/ISSUE_TEMPLATE/**'] found in: /var/folders/cj/rh7njyk91lx4s79wxsflz3vw001y2r/T/tmpglirepy6/qcom-deb-images
::warning title=Policy Violation: github-pull-request-template-exists::No file matching ['PULL_REQUEST_TEMPLATE*', 'PULL_REQUEST_TEMPLATE/**', '.github/PULL_REQUEST_TEMPLATE*', '.github/PULL_REQUEST_TEMPLATE/**'] found in: /var/folders/cj/rh7njyk91lx4s79wxsflz3vw001y2r/T/tmpglirepy6/qcom-deb-images
::warning title=Policy Violation: python-package-metadata-exists::No file matching ['setup.py', 'requirements.txt'] found in: /var/folders/cj/rh7njyk91lx4s79wxsflz3vw001y2r/T/tmpglirepy6/qcom-deb-images
  [167/313] qualcomm-linux/meta-qcom-realtime: 0 discrepancies
WARNING reporter [FAIL] source-qualcomm-license-headers-exist: Pattern '(Copyright|©).*Qualcomm Innovation Center, Inc|Qualcomm Technologies, Inc|Copyright (\\(c\\)|©) (20(1[2-9]|2[0-2])(-|,|\\s)*)+ The Linux Foundation' not found in degpt/src/lib.rs
WARNING reporter [FAIL] github-issue-template-exists: No file matching ['ISSUE_TEMPLATE*', 'ISSUE_TEMPLATE/**', '.github/ISSUE_TEMPLATE*', '.github/ISSUE_TEMPLATE/**'] found in: /var/folders/cj/rh7njyk91lx4s79wxsflz3vw001y2r/T/tmpb1zigz4o/qcom-ptool
WARNING reporter [FAIL] github-pull-request-template-exists: No file matching ['PULL_REQUEST_TEMPLATE*', 'PULL_REQUEST_TEMPLATE/**', '.github/PULL_REQUEST_TEMPLATE*', '.github/PULL_REQUEST_TEMPLATE/**'] found in: /var/folders/cj/rh7njyk91lx4s79wxsflz3vw001y2r/T/tmpb1zigz4o/qcom-ptool
WARNING reporter [FAIL] python-package-metadata-exists: No file matching ['setup.py', 'requirements.txt'] found in: /var/folders/cj/rh7njyk91lx4s79wxsflz3vw001y2r/T/tmpb1zigz4o/qcom-ptool
WARNING reporter [FAIL] test-directory-exists: No directory matching ['**/test*', '**/specs', '**/*test*'] found under /var/folders/cj/rh7njyk91lx4s79wxsflz3vw001y2r/T/tmpaez9d2k3/meta-qcom-qim-product-sdk
WARNING reporter [FAIL] integrates-with-ci: No file matching ['.gitlab-ci.yml', '.travis.yml', 'appveyor.yml', '.appveyor.yml', 'circle.yml', '.circleci/config.yml', 'Jenkinsfile', '.drone.yml', '.github/workflows/*', 'azure-pipelines.yml'] found in: /var/folders/cj/rh7njyk91lx4s79wxsflz3vw001y2r/T/tmpaez9d2k3/meta-qcom-qim-product-sdk
WARNING reporter [FAIL] github-issue-template-exists: No file matching ['ISSUE_TEMPLATE*', 'ISSUE_TEMPLATE/**', '.github/ISSUE_TEMPLATE*', '.github/ISSUE_TEMPLATE/**'] found in: /var/folders/cj/rh7njyk91lx4s79wxsflz3vw001y2r/T/tmpenygpgjv/meta-qcom-robotics
WARNING reporter [FAIL] github-pull-request-template-exists: No file matching ['PULL_REQUEST_TEMPLATE*', 'PULL_REQUEST_TEMPLATE/**', '.github/PULL_REQUEST_TEMPLATE*', '.github/PULL_REQUEST_TEMPLATE/**'] found in: /var/folders/cj/rh7njyk91lx4s79wxsflz3vw001y2r/T/tmpenygpgjv/meta-qcom-robotics
::warning title=Policy Violation: source-qualcomm-license-headers-exist,file=degpt/src/lib.rs::Pattern '(Copyright|©).*Qualcomm Innovation Center, Inc|Qualcomm Technologies, Inc|Copyright (\\(c\\)|©) (20(1[2-9]|2[0-2])(-|,|\\s)*)+ The Linux Foundation' not found in degpt/src/lib.rs
::warning title=Policy Violation: github-issue-template-exists::No file matching ['ISSUE_TEMPLATE*', 'ISSUE_TEMPLATE/**', '.github/ISSUE_TEMPLATE*', '.github/ISSUE_TEMPLATE/**'] found in: /var/folders/cj/rh7njyk91lx4s79wxsflz3vw001y2r/T/tmpb1zigz4o/qcom-ptool
::warning title=Policy Violation: github-pull-request-template-exists::No file matching ['PULL_REQUEST_TEMPLATE*', 'PULL_REQUEST_TEMPLATE/**', '.github/PULL_REQUEST_TEMPLATE*', '.github/PULL_REQUEST_TEMPLATE/**'] found in: /var/folders/cj/rh7njyk91lx4s79wxsflz3vw001y2r/T/tmpb1zigz4o/qcom-ptool
::warning title=Policy Violation: python-package-metadata-exists::No file matching ['setup.py', 'requirements.txt'] found in: /var/folders/cj/rh7njyk91lx4s79wxsflz3vw001y2r/T/tmpb1zigz4o/qcom-ptool
::warning title=Policy Violation: test-directory-exists::No directory matching ['**/test*', '**/specs', '**/*test*'] found under /var/folders/cj/rh7njyk91lx4s79wxsflz3vw001y2r/T/tmpaez9d2k3/meta-qcom-qim-product-sdk
::warning title=Policy Violation: integrates-with-ci::No file matching ['.gitlab-ci.yml', '.travis.yml', 'appveyor.yml', '.appveyor.yml', 'circle.yml', '.circleci/config.yml', 'Jenkinsfile', '.drone.yml', '.github/workflows/*', 'azure-pipelines.yml'] found in: /var/folders/cj/rh7njyk91lx4s79wxsflz3vw001y2r/T/tmpaez9d2k3/meta-qcom-qim-product-sdk
::warning title=Policy Violation: github-issue-template-exists::No file matching ['ISSUE_TEMPLATE*', 'ISSUE_TEMPLATE/**', '.github/ISSUE_TEMPLATE*', '.github/ISSUE_TEMPLATE/**'] found in: /var/folders/cj/rh7njyk91lx4s79wxsflz3vw001y2r/T/tmpenygpgjv/meta-qcom-robotics
::warning title=Policy Violation: github-pull-request-template-exists::No file matching ['PULL_REQUEST_TEMPLATE*', 'PULL_REQUEST_TEMPLATE/**', '.github/PULL_REQUEST_TEMPLATE*', '.github/PULL_REQUEST_TEMPLATE/**'] found in: /var/folders/cj/rh7njyk91lx4s79wxsflz3vw001y2r/T/tmpenygpgjv/meta-qcom-robotics
  [168/313] qualcomm-linux/qcom-deb-images: 0 discrepancies
WARNING reporter [FAIL] github-issue-template-exists: No file matching ['ISSUE_TEMPLATE*', 'ISSUE_TEMPLATE/**', '.github/ISSUE_TEMPLATE*', '.github/ISSUE_TEMPLATE/**'] found in: /var/folders/cj/rh7njyk91lx4s79wxsflz3vw001y2r/T/tmpaez9d2k3/meta-qcom-qim-product-sdk
WARNING reporter [FAIL] github-pull-request-template-exists: No file matching ['PULL_REQUEST_TEMPLATE*', 'PULL_REQUEST_TEMPLATE/**', '.github/PULL_REQUEST_TEMPLATE*', '.github/PULL_REQUEST_TEMPLATE/**'] found in: /var/folders/cj/rh7njyk91lx4s79wxsflz3vw001y2r/T/tmpaez9d2k3/meta-qcom-qim-product-sdk
::warning title=Policy Violation: github-issue-template-exists::No file matching ['ISSUE_TEMPLATE*', 'ISSUE_TEMPLATE/**', '.github/ISSUE_TEMPLATE*', '.github/ISSUE_TEMPLATE/**'] found in: /var/folders/cj/rh7njyk91lx4s79wxsflz3vw001y2r/T/tmpaez9d2k3/meta-qcom-qim-product-sdk
::warning title=Policy Violation: github-pull-request-template-exists::No file matching ['PULL_REQUEST_TEMPLATE*', 'PULL_REQUEST_TEMPLATE/**', '.github/PULL_REQUEST_TEMPLATE*', '.github/PULL_REQUEST_TEMPLATE/**'] found in: /var/folders/cj/rh7njyk91lx4s79wxsflz3vw001y2r/T/tmpaez9d2k3/meta-qcom-qim-product-sdk
  [169/313] qualcomm-linux/qcom-ptool: 0 discrepancies
  [170/313] qualcomm-linux/meta-qcom-robotics: 0 discrepancies
WARNING reporter [FAIL] contributing-file-exists: No file matching ['{docs/,.github/,}CONTRIB*'] found in: /var/folders/cj/rh7njyk91lx4s79wxsflz3vw001y2r/T/tmpns1yixsa/kernel-config
WARNING reporter [FAIL] code-of-conduct-file-exists: No file matching ['{docs/,.github/,}CODEOFCONDUCT*', '{docs/,.github/,}CODE-OF-CONDUCT*', '{docs/,.github/,}CODE_OF_CONDUCT*'] found in: /var/folders/cj/rh7njyk91lx4s79wxsflz3vw001y2r/T/tmpns1yixsa/kernel-config
WARNING reporter [FAIL] changelog-file-exists: No file matching ['CHANGELOG*'] found in: /var/folders/cj/rh7njyk91lx4s79wxsflz3vw001y2r/T/tmpns1yixsa/kernel-config
WARNING reporter [FAIL] readme-references-license: Pattern 'license|notice' not found in README
WARNING reporter [FAIL] test-directory-exists: No directory matching ['**/test*', '**/specs', '**/*test*'] found under /var/folders/cj/rh7njyk91lx4s79wxsflz3vw001y2r/T/tmpns1yixsa/kernel-config
WARNING reporter [FAIL] contributing-file-exists: No file matching ['{docs/,.github/,}CONTRIB*'] found in: /var/folders/cj/rh7njyk91lx4s79wxsflz3vw001y2r/T/tmptoelcj49/automerge
::warning title=Policy Violation: contributing-file-exists::No file matching ['{docs/,.github/,}CONTRIB*'] found in: /var/folders/cj/rh7njyk91lx4s79wxsflz3vw001y2r/T/tmpns1yixsa/kernel-config
::warning title=Policy Violation: code-of-conduct-file-exists::No file matching ['{docs/,.github/,}CODEOFCONDUCT*', '{docs/,.github/,}CODE-OF-CONDUCT*', '{docs/,.github/,}CODE_OF_CONDUCT*'] found in: /var/folders/cj/rh7njyk91lx4s79wxsflz3vw001y2r/T/tmpns1yixsa/kernel-config
::warning title=Policy Violation: changelog-file-exists::No file matching ['CHANGELOG*'] found in: /var/folders/cj/rh7njyk91lx4s79wxsflz3vw001y2r/T/tmpns1yixsa/kernel-config
::error title=Policy Violation: readme-references-license,file=README::Pattern 'license|notice' not found in README
::warning title=Policy Violation: test-directory-exists::No directory matching ['**/test*', '**/specs', '**/*test*'] found under /var/folders/cj/rh7njyk91lx4s79wxsflz3vw001y2r/T/tmpns1yixsa/kernel-config
::warning title=Policy Violation: contributing-file-exists::No file matching ['{docs/,.github/,}CONTRIB*'] found in: /var/folders/cj/rh7njyk91lx4s79wxsflz3vw001y2r/T/tmptoelcj49/automerge
  [171/313] qualcomm-linux/meta-qcom-qim-product-sdk: 1 discrepancies
WARNING reporter [FAIL] code-of-conduct-file-exists: No file matching ['{docs/,.github/,}CODEOFCONDUCT*', '{docs/,.github/,}CODE-OF-CONDUCT*', '{docs/,.github/,}CODE_OF_CONDUCT*'] found in: /var/folders/cj/rh7njyk91lx4s79wxsflz3vw001y2r/T/tmptoelcj49/automerge
WARNING reporter [FAIL] changelog-file-exists: No file matching ['CHANGELOG*'] found in: /var/folders/cj/rh7njyk91lx4s79wxsflz3vw001y2r/T/tmptoelcj49/automerge
WARNING reporter [FAIL] test-directory-exists: No directory matching ['**/test*', '**/specs', '**/*test*'] found under /var/folders/cj/rh7njyk91lx4s79wxsflz3vw001y2r/T/tmptoelcj49/automerge
WARNING reporter [FAIL] github-issue-template-exists: No file matching ['ISSUE_TEMPLATE*', 'ISSUE_TEMPLATE/**', '.github/ISSUE_TEMPLATE*', '.github/ISSUE_TEMPLATE/**'] found in: /var/folders/cj/rh7njyk91lx4s79wxsflz3vw001y2r/T/tmpns1yixsa/kernel-config
WARNING reporter [FAIL] github-pull-request-template-exists: No file matching ['PULL_REQUEST_TEMPLATE*', 'PULL_REQUEST_TEMPLATE/**', '.github/PULL_REQUEST_TEMPLATE*', '.github/PULL_REQUEST_TEMPLATE/**'] found in: /var/folders/cj/rh7njyk91lx4s79wxsflz3vw001y2r/T/tmpns1yixsa/kernel-config
WARNING reporter [FAIL] changelog-file-exists: No file matching ['CHANGELOG*'] found in: /var/folders/cj/rh7njyk91lx4s79wxsflz3vw001y2r/T/tmpqtby5rzc/meta-qcom-3rdparty
WARNING reporter [FAIL] github-issue-template-exists: No file matching ['ISSUE_TEMPLATE*', 'ISSUE_TEMPLATE/**', '.github/ISSUE_TEMPLATE*', '.github/ISSUE_TEMPLATE/**'] found in: /var/folders/cj/rh7njyk91lx4s79wxsflz3vw001y2r/T/tmptoelcj49/automerge
WARNING reporter [FAIL] github-pull-request-template-exists: No file matching ['PULL_REQUEST_TEMPLATE*', 'PULL_REQUEST_TEMPLATE/**', '.github/PULL_REQUEST_TEMPLATE*', '.github/PULL_REQUEST_TEMPLATE/**'] found in: /var/folders/cj/rh7njyk91lx4s79wxsflz3vw001y2r/T/tmptoelcj49/automerge
WARNING reporter [FAIL] test-directory-exists: No directory matching ['**/test*', '**/specs', '**/*test*'] found under /var/folders/cj/rh7njyk91lx4s79wxsflz3vw001y2r/T/tmpqtby5rzc/meta-qcom-3rdparty
WARNING reporter [FAIL] github-issue-template-exists: No file matching ['ISSUE_TEMPLATE*', 'ISSUE_TEMPLATE/**', '.github/ISSUE_TEMPLATE*', '.github/ISSUE_TEMPLATE/**'] found in: /var/folders/cj/rh7njyk91lx4s79wxsflz3vw001y2r/T/tmpqtby5rzc/meta-qcom-3rdparty
WARNING reporter [FAIL] github-pull-request-template-exists: No file matching ['PULL_REQUEST_TEMPLATE*', 'PULL_REQUEST_TEMPLATE/**', '.github/PULL_REQUEST_TEMPLATE*', '.github/PULL_REQUEST_TEMPLATE/**'] found in: /var/folders/cj/rh7njyk91lx4s79wxsflz3vw001y2r/T/tmpqtby5rzc/meta-qcom-3rdparty
::warning title=Policy Violation: code-of-conduct-file-exists::No file matching ['{docs/,.github/,}CODEOFCONDUCT*', '{docs/,.github/,}CODE-OF-CONDUCT*', '{docs/,.github/,}CODE_OF_CONDUCT*'] found in: /var/folders/cj/rh7njyk91lx4s79wxsflz3vw001y2r/T/tmptoelcj49/automerge
::warning title=Policy Violation: changelog-file-exists::No file matching ['CHANGELOG*'] found in: /var/folders/cj/rh7njyk91lx4s79wxsflz3vw001y2r/T/tmptoelcj49/automerge
::warning title=Policy Violation: test-directory-exists::No directory matching ['**/test*', '**/specs', '**/*test*'] found under /var/folders/cj/rh7njyk91lx4s79wxsflz3vw001y2r/T/tmptoelcj49/automerge
::warning title=Policy Violation: github-issue-template-exists::No file matching ['ISSUE_TEMPLATE*', 'ISSUE_TEMPLATE/**', '.github/ISSUE_TEMPLATE*', '.github/ISSUE_TEMPLATE/**'] found in: /var/folders/cj/rh7njyk91lx4s79wxsflz3vw001y2r/T/tmpns1yixsa/kernel-config
::warning title=Policy Violation: github-pull-request-template-exists::No file matching ['PULL_REQUEST_TEMPLATE*', 'PULL_REQUEST_TEMPLATE/**', '.github/PULL_REQUEST_TEMPLATE*', '.github/PULL_REQUEST_TEMPLATE/**'] found in: /var/folders/cj/rh7njyk91lx4s79wxsflz3vw001y2r/T/tmpns1yixsa/kernel-config
::warning title=Policy Violation: changelog-file-exists::No file matching ['CHANGELOG*'] found in: /var/folders/cj/rh7njyk91lx4s79wxsflz3vw001y2r/T/tmpqtby5rzc/meta-qcom-3rdparty
::warning title=Policy Violation: github-issue-template-exists::No file matching ['ISSUE_TEMPLATE*', 'ISSUE_TEMPLATE/**', '.github/ISSUE_TEMPLATE*', '.github/ISSUE_TEMPLATE/**'] found in: /var/folders/cj/rh7njyk91lx4s79wxsflz3vw001y2r/T/tmptoelcj49/automerge
::warning title=Policy Violation: github-pull-request-template-exists::No file matching ['PULL_REQUEST_TEMPLATE*', 'PULL_REQUEST_TEMPLATE/**', '.github/PULL_REQUEST_TEMPLATE*', '.github/PULL_REQUEST_TEMPLATE/**'] found in: /var/folders/cj/rh7njyk91lx4s79wxsflz3vw001y2r/T/tmptoelcj49/automerge
::warning title=Policy Violation: test-directory-exists::No directory matching ['**/test*', '**/specs', '**/*test*'] found under /var/folders/cj/rh7njyk91lx4s79wxsflz3vw001y2r/T/tmpqtby5rzc/meta-qcom-3rdparty
::warning title=Policy Violation: github-issue-template-exists::No file matching ['ISSUE_TEMPLATE*', 'ISSUE_TEMPLATE/**', '.github/ISSUE_TEMPLATE*', '.github/ISSUE_TEMPLATE/**'] found in: /var/folders/cj/rh7njyk91lx4s79wxsflz3vw001y2r/T/tmpqtby5rzc/meta-qcom-3rdparty
::warning title=Policy Violation: github-pull-request-template-exists::No file matching ['PULL_REQUEST_TEMPLATE*', 'PULL_REQUEST_TEMPLATE/**', '.github/PULL_REQUEST_TEMPLATE*', '.github/PULL_REQUEST_TEMPLATE/**'] found in: /var/folders/cj/rh7njyk91lx4s79wxsflz3vw001y2r/T/tmpqtby5rzc/meta-qcom-3rdparty
  [172/313] qualcomm-linux/kernel-config: 1 discrepancies
  [173/313] qualcomm-linux/automerge: 2 discrepancies
  [174/313] qualcomm-linux/meta-qcom-3rdparty: 0 discrepancies
WARNING reporter [FAIL] contributing-file-exists: No file matching ['{docs/,.github/,}CONTRIB*'] found in: /var/folders/cj/rh7njyk91lx4s79wxsflz3vw001y2r/T/tmpz470uu_8/kmake-image
WARNING reporter [FAIL] code-of-conduct-file-exists: No file matching ['{docs/,.github/,}CODEOFCONDUCT*', '{docs/,.github/,}CODE-OF-CONDUCT*', '{docs/,.github/,}CODE_OF_CONDUCT*'] found in: /var/folders/cj/rh7njyk91lx4s79wxsflz3vw001y2r/T/tmpz470uu_8/kmake-image
WARNING reporter [FAIL] changelog-file-exists: No file matching ['CHANGELOG*'] found in: /var/folders/cj/rh7njyk91lx4s79wxsflz3vw001y2r/T/tmpz470uu_8/kmake-image
WARNING reporter [FAIL] test-directory-exists: No directory matching ['**/test*', '**/specs', '**/*test*'] found under /var/folders/cj/rh7njyk91lx4s79wxsflz3vw001y2r/T/tmpz470uu_8/kmake-image
WARNING reporter [FAIL] code-of-conduct-file-exists: No file matching ['{docs/,.github/,}CODEOFCONDUCT*', '{docs/,.github/,}CODE-OF-CONDUCT*', '{docs/,.github/,}CODE_OF_CONDUCT*'] found in: /var/folders/cj/rh7njyk91lx4s79wxsflz3vw001y2r/T/tmp92imcvi3/qcom-build-utils
WARNING reporter [FAIL] changelog-file-exists: No file matching ['CHANGELOG*'] found in: /var/folders/cj/rh7njyk91lx4s79wxsflz3vw001y2r/T/tmp92imcvi3/qcom-build-utils
WARNING reporter [FAIL] code-of-conduct-file-exists: No file matching ['{docs/,.github/,}CODEOFCONDUCT*', '{docs/,.github/,}CODE-OF-CONDUCT*', '{docs/,.github/,}CODE_OF_CONDUCT*'] found in: /var/folders/cj/rh7njyk91lx4s79wxsflz3vw001y2r/T/tmpz1zwm857/qcom-linux-testkit
WARNING reporter [FAIL] changelog-file-exists: No file matching ['CHANGELOG*'] found in: /var/folders/cj/rh7njyk91lx4s79wxsflz3vw001y2r/T/tmpz1zwm857/qcom-linux-testkit
WARNING reporter [FAIL] source-qualcomm-license-headers-exist: Pattern '(Copyright|©).*Qualcomm Innovation Center, Inc|Qualcomm Technologies, Inc|Copyright (\\(c\\)|©) (20(1[2-9]|2[0-2])(-|,|\\s)*)+ The Linux Foundation' not found in build.sh
WARNING reporter [FAIL] github-issue-template-exists: No file matching ['ISSUE_TEMPLATE*', 'ISSUE_TEMPLATE/**', '.github/ISSUE_TEMPLATE*', '.github/ISSUE_TEMPLATE/**'] found in: /var/folders/cj/rh7njyk91lx4s79wxsflz3vw001y2r/T/tmpz470uu_8/kmake-image
WARNING reporter [FAIL] github-pull-request-template-exists: No file matching ['PULL_REQUEST_TEMPLATE*', 'PULL_REQUEST_TEMPLATE/**', '.github/PULL_REQUEST_TEMPLATE*', '.github/PULL_REQUEST_TEMPLATE/**'] found in: /var/folders/cj/rh7njyk91lx4s79wxsflz3vw001y2r/T/tmpz470uu_8/kmake-image
WARNING reporter [FAIL] contributing-file-exists: No file matching ['{docs/,.github/,}CONTRIB*'] found in: /var/folders/cj/rh7njyk91lx4s79wxsflz3vw001y2r/T/tmpe6vko407/kernel-checkers
WARNING reporter [FAIL] test-directory-exists: No directory matching ['**/test*', '**/specs', '**/*test*'] found under /var/folders/cj/rh7njyk91lx4s79wxsflz3vw001y2r/T/tmp92imcvi3/qcom-build-utils
WARNING reporter [FAIL] code-of-conduct-file-exists: No file matching ['{docs/,.github/,}CODEOFCONDUCT*', '{docs/,.github/,}CODE-OF-CONDUCT*', '{docs/,.github/,}CODE_OF_CONDUCT*'] found in: /var/folders/cj/rh7njyk91lx4s79wxsflz3vw001y2r/T/tmpe6vko407/kernel-checkers
WARNING reporter [FAIL] changelog-file-exists: No file matching ['CHANGELOG*'] found in: /var/folders/cj/rh7njyk91lx4s79wxsflz3vw001y2r/T/tmpe6vko407/kernel-checkers
WARNING reporter [FAIL] test-directory-exists: No directory matching ['**/test*', '**/specs', '**/*test*'] found under /var/folders/cj/rh7njyk91lx4s79wxsflz3vw001y2r/T/tmpe6vko407/kernel-checkers
WARNING reporter [FAIL] source-qualcomm-license-headers-exist: Pattern '(Copyright|©).*Qualcomm Innovation Center, Inc|Qualcomm Technologies, Inc|Copyright (\\(c\\)|©) (20(1[2-9]|2[0-2])(-|,|\\s)*)+ The Linux Foundation' not found in run_scripts.sh
WARNING reporter [FAIL] github-issue-template-exists: No file matching ['ISSUE_TEMPLATE*', 'ISSUE_TEMPLATE/**', '.github/ISSUE_TEMPLATE*', '.github/ISSUE_TEMPLATE/**'] found in: /var/folders/cj/rh7njyk91lx4s79wxsflz3vw001y2r/T/tmpe6vko407/kernel-checkers
WARNING reporter [FAIL] github-pull-request-template-exists: No file matching ['PULL_REQUEST_TEMPLATE*', 'PULL_REQUEST_TEMPLATE/**', '.github/PULL_REQUEST_TEMPLATE*', '.github/PULL_REQUEST_TEMPLATE/**'] found in: /var/folders/cj/rh7njyk91lx4s79wxsflz3vw001y2r/T/tmpe6vko407/kernel-checkers
WARNING reporter [FAIL] python-package-metadata-exists: No file matching ['setup.py', 'requirements.txt'] found in: /var/folders/cj/rh7njyk91lx4s79wxsflz3vw001y2r/T/tmp92imcvi3/qcom-build-utils
::warning title=Policy Violation: contributing-file-exists::No file matching ['{docs/,.github/,}CONTRIB*'] found in: /var/folders/cj/rh7njyk91lx4s79wxsflz3vw001y2r/T/tmpz470uu_8/kmake-image
::warning title=Policy Violation: code-of-conduct-file-exists::No file matching ['{docs/,.github/,}CODEOFCONDUCT*', '{docs/,.github/,}CODE-OF-CONDUCT*', '{docs/,.github/,}CODE_OF_CONDUCT*'] found in: /var/folders/cj/rh7njyk91lx4s79wxsflz3vw001y2r/T/tmpz470uu_8/kmake-image
::warning title=Policy Violation: changelog-file-exists::No file matching ['CHANGELOG*'] found in: /var/folders/cj/rh7njyk91lx4s79wxsflz3vw001y2r/T/tmpz470uu_8/kmake-image
::warning title=Policy Violation: test-directory-exists::No directory matching ['**/test*', '**/specs', '**/*test*'] found under /var/folders/cj/rh7njyk91lx4s79wxsflz3vw001y2r/T/tmpz470uu_8/kmake-image
::warning title=Policy Violation: code-of-conduct-file-exists::No file matching ['{docs/,.github/,}CODEOFCONDUCT*', '{docs/,.github/,}CODE-OF-CONDUCT*', '{docs/,.github/,}CODE_OF_CONDUCT*'] found in: /var/folders/cj/rh7njyk91lx4s79wxsflz3vw001y2r/T/tmp92imcvi3/qcom-build-utils
::warning title=Policy Violation: changelog-file-exists::No file matching ['CHANGELOG*'] found in: /var/folders/cj/rh7njyk91lx4s79wxsflz3vw001y2r/T/tmp92imcvi3/qcom-build-utils
::warning title=Policy Violation: code-of-conduct-file-exists::No file matching ['{docs/,.github/,}CODEOFCONDUCT*', '{docs/,.github/,}CODE-OF-CONDUCT*', '{docs/,.github/,}CODE_OF_CONDUCT*'] found in: /var/folders/cj/rh7njyk91lx4s79wxsflz3vw001y2r/T/tmpz1zwm857/qcom-linux-testkit
::warning title=Policy Violation: changelog-file-exists::No file matching ['CHANGELOG*'] found in: /var/folders/cj/rh7njyk91lx4s79wxsflz3vw001y2r/T/tmpz1zwm857/qcom-linux-testkit
::warning title=Policy Violation: source-qualcomm-license-headers-exist,file=build.sh::Pattern '(Copyright|©).*Qualcomm Innovation Center, Inc|Qualcomm Technologies, Inc|Copyright (\\(c\\)|©) (20(1[2-9]|2[0-2])(-|,|\\s)*)+ The Linux Foundation' not found in build.sh
::warning title=Policy Violation: github-issue-template-exists::No file matching ['ISSUE_TEMPLATE*', 'ISSUE_TEMPLATE/**', '.github/ISSUE_TEMPLATE*', '.github/ISSUE_TEMPLATE/**'] found in: /var/folders/cj/rh7njyk91lx4s79wxsflz3vw001y2r/T/tmpz470uu_8/kmake-image
::warning title=Policy Violation: github-pull-request-template-exists::No file matching ['PULL_REQUEST_TEMPLATE*', 'PULL_REQUEST_TEMPLATE/**', '.github/PULL_REQUEST_TEMPLATE*', '.github/PULL_REQUEST_TEMPLATE/**'] found in: /var/folders/cj/rh7njyk91lx4s79wxsflz3vw001y2r/T/tmpz470uu_8/kmake-image
::warning title=Policy Violation: contributing-file-exists::No file matching ['{docs/,.github/,}CONTRIB*'] found in: /var/folders/cj/rh7njyk91lx4s79wxsflz3vw001y2r/T/tmpe6vko407/kernel-checkers
::warning title=Policy Violation: test-directory-exists::No directory matching ['**/test*', '**/specs', '**/*test*'] found under /var/folders/cj/rh7njyk91lx4s79wxsflz3vw001y2r/T/tmp92imcvi3/qcom-build-utils
::warning title=Policy Violation: code-of-conduct-file-exists::No file matching ['{docs/,.github/,}CODEOFCONDUCT*', '{docs/,.github/,}CODE-OF-CONDUCT*', '{docs/,.github/,}CODE_OF_CONDUCT*'] found in: /var/folders/cj/rh7njyk91lx4s79wxsflz3vw001y2r/T/tmpe6vko407/kernel-checkers
::warning title=Policy Violation: changelog-file-exists::No file matching ['CHANGELOG*'] found in: /var/folders/cj/rh7njyk91lx4s79wxsflz3vw001y2r/T/tmpe6vko407/kernel-checkers
::warning title=Policy Violation: test-directory-exists::No directory matching ['**/test*', '**/specs', '**/*test*'] found under /var/folders/cj/rh7njyk91lx4s79wxsflz3vw001y2r/T/tmpe6vko407/kernel-checkers
::warning title=Policy Violation: source-qualcomm-license-headers-exist,file=run_scripts.sh::Pattern '(Copyright|©).*Qualcomm Innovation Center, Inc|Qualcomm Technologies, Inc|Copyright (\\(c\\)|©) (20(1[2-9]|2[0-2])(-|,|\\s)*)+ The Linux Foundation' not found in run_scripts.sh
::warning title=Policy Violation: github-issue-template-exists::No file matching ['ISSUE_TEMPLATE*', 'ISSUE_TEMPLATE/**', '.github/ISSUE_TEMPLATE*', '.github/ISSUE_TEMPLATE/**'] found in: /var/folders/cj/rh7njyk91lx4s79wxsflz3vw001y2r/T/tmpe6vko407/kernel-checkers
::warning title=Policy Violation: github-pull-request-template-exists::No file matching ['PULL_REQUEST_TEMPLATE*', 'PULL_REQUEST_TEMPLATE/**', '.github/PULL_REQUEST_TEMPLATE*', '.github/PULL_REQUEST_TEMPLATE/**'] found in: /var/folders/cj/rh7njyk91lx4s79wxsflz3vw001y2r/T/tmpe6vko407/kernel-checkers
::warning title=Policy Violation: python-package-metadata-exists::No file matching ['setup.py', 'requirements.txt'] found in: /var/folders/cj/rh7njyk91lx4s79wxsflz3vw001y2r/T/tmp92imcvi3/qcom-build-utils
  [175/313] qualcomm-linux/kmake-image: 0 discrepancies
  [176/313] qualcomm-linux/kernel-checkers: 0 discrepancies
  [177/313] qualcomm-linux/qcom-build-utils: 0 discrepancies
WARNING reporter [FAIL] changelog-file-exists: No file matching ['CHANGELOG*'] found in: /var/folders/cj/rh7njyk91lx4s79wxsflz3vw001y2r/T/tmp1_b5e8lm/upload-private-artifact-action
WARNING reporter [FAIL] test-directory-exists: No directory matching ['**/test*', '**/specs', '**/*test*'] found under /var/folders/cj/rh7njyk91lx4s79wxsflz3vw001y2r/T/tmp1_b5e8lm/upload-private-artifact-action
WARNING reporter [FAIL] source-qualcomm-license-headers-exist: Pattern '(Copyright|©).*Qualcomm Innovation Center, Inc|Qualcomm Technologies, Inc|Copyright (\\(c\\)|©) (20(1[2-9]|2[0-2])(-|,|\\s)*)+ The Linux Foundation' not found in publish_artifacts.sh
WARNING reporter [FAIL] github-issue-template-exists: No file matching ['ISSUE_TEMPLATE*', 'ISSUE_TEMPLATE/**', '.github/ISSUE_TEMPLATE*', '.github/ISSUE_TEMPLATE/**'] found in: /var/folders/cj/rh7njyk91lx4s79wxsflz3vw001y2r/T/tmp1_b5e8lm/upload-private-artifact-action
WARNING reporter [FAIL] github-pull-request-template-exists: No file matching ['PULL_REQUEST_TEMPLATE*', 'PULL_REQUEST_TEMPLATE/**', '.github/PULL_REQUEST_TEMPLATE*', '.github/PULL_REQUEST_TEMPLATE/**'] found in: /var/folders/cj/rh7njyk91lx4s79wxsflz3vw001y2r/T/tmp1_b5e8lm/upload-private-artifact-action
WARNING reporter [FAIL] contributing-file-exists: No file matching ['{docs/,.github/,}CONTRIB*'] found in: /var/folders/cj/rh7njyk91lx4s79wxsflz3vw001y2r/T/tmp4cza1p84/kgsl
::warning title=Policy Violation: changelog-file-exists::No file matching ['CHANGELOG*'] found in: /var/folders/cj/rh7njyk91lx4s79wxsflz3vw001y2r/T/tmp1_b5e8lm/upload-private-artifact-action
::warning title=Policy Violation: test-directory-exists::No directory matching ['**/test*', '**/specs', '**/*test*'] found under /var/folders/cj/rh7njyk91lx4s79wxsflz3vw001y2r/T/tmp1_b5e8lm/upload-private-artifact-action
::warning title=Policy Violation: source-qualcomm-license-headers-exist,file=publish_artifacts.sh::Pattern '(Copyright|©).*Qualcomm Innovation Center, Inc|Qualcomm Technologies, Inc|Copyright (\\(c\\)|©) (20(1[2-9]|2[0-2])(-|,|\\s)*)+ The Linux Foundation' not found in publish_artifacts.sh
::warning title=Policy Violation: github-issue-template-exists::No file matching ['ISSUE_TEMPLATE*', 'ISSUE_TEMPLATE/**', '.github/ISSUE_TEMPLATE*', '.github/ISSUE_TEMPLATE/**'] found in: /var/folders/cj/rh7njyk91lx4s79wxsflz3vw001y2r/T/tmp1_b5e8lm/upload-private-artifact-action
::warning title=Policy Violation: github-pull-request-template-exists::No file matching ['PULL_REQUEST_TEMPLATE*', 'PULL_REQUEST_TEMPLATE/**', '.github/PULL_REQUEST_TEMPLATE*', '.github/PULL_REQUEST_TEMPLATE/**'] found in: /var/folders/cj/rh7njyk91lx4s79wxsflz3vw001y2r/T/tmp1_b5e8lm/upload-private-artifact-action
::warning title=Policy Violation: contributing-file-exists::No file matching ['{docs/,.github/,}CONTRIB*'] found in: /var/folders/cj/rh7njyk91lx4s79wxsflz3vw001y2r/T/tmp4cza1p84/kgsl
  [178/313] qualcomm-linux/upload-private-artifact-action: 0 discrepancies
WARNING reporter [FAIL] code-of-conduct-file-exists: No file matching ['{docs/,.github/,}CODEOFCONDUCT*', '{docs/,.github/,}CODE-OF-CONDUCT*', '{docs/,.github/,}CODE_OF_CONDUCT*'] found in: /var/folders/cj/rh7njyk91lx4s79wxsflz3vw001y2r/T/tmp4cza1p84/kgsl
WARNING reporter [FAIL] changelog-file-exists: No file matching ['CHANGELOG*'] found in: /var/folders/cj/rh7njyk91lx4s79wxsflz3vw001y2r/T/tmp4cza1p84/kgsl
WARNING reporter [FAIL] contributing-file-exists: No file matching ['{docs/,.github/,}CONTRIB*'] found in: /var/folders/cj/rh7njyk91lx4s79wxsflz3vw001y2r/T/tmpjdsc45ux/job_render
WARNING reporter [FAIL] code-of-conduct-file-exists: No file matching ['{docs/,.github/,}CODEOFCONDUCT*', '{docs/,.github/,}CODE-OF-CONDUCT*', '{docs/,.github/,}CODE_OF_CONDUCT*'] found in: /var/folders/cj/rh7njyk91lx4s79wxsflz3vw001y2r/T/tmpjdsc45ux/job_render
WARNING reporter [FAIL] changelog-file-exists: No file matching ['CHANGELOG*'] found in: /var/folders/cj/rh7njyk91lx4s79wxsflz3vw001y2r/T/tmpjdsc45ux/job_render
WARNING reporter [FAIL] test-directory-exists: No directory matching ['**/test*', '**/specs', '**/*test*'] found under /var/folders/cj/rh7njyk91lx4s79wxsflz3vw001y2r/T/tmpjdsc45ux/job_render
WARNING reporter [FAIL] github-issue-template-exists: No file matching ['ISSUE_TEMPLATE*', 'ISSUE_TEMPLATE/**', '.github/ISSUE_TEMPLATE*', '.github/ISSUE_TEMPLATE/**'] found in: /var/folders/cj/rh7njyk91lx4s79wxsflz3vw001y2r/T/tmpjdsc45ux/job_render
WARNING reporter [FAIL] github-pull-request-template-exists: No file matching ['PULL_REQUEST_TEMPLATE*', 'PULL_REQUEST_TEMPLATE/**', '.github/PULL_REQUEST_TEMPLATE*', '.github/PULL_REQUEST_TEMPLATE/**'] found in: /var/folders/cj/rh7njyk91lx4s79wxsflz3vw001y2r/T/tmpjdsc45ux/job_render
WARNING reporter [FAIL] python-package-metadata-exists: No file matching ['setup.py', 'requirements.txt'] found in: /var/folders/cj/rh7njyk91lx4s79wxsflz3vw001y2r/T/tmpjdsc45ux/job_render
WARNING reporter [FAIL] license-file-exists: No file matching ['LICENSE*', 'COPYING*', 'NOTICE*'] found in: /var/folders/cj/rh7njyk91lx4s79wxsflz3vw001y2r/T/tmpo0a0c1td/mark-test
WARNING reporter [FAIL] contributing-file-exists: No file matching ['{docs/,.github/,}CONTRIB*'] found in: /var/folders/cj/rh7njyk91lx4s79wxsflz3vw001y2r/T/tmpo0a0c1td/mark-test
WARNING reporter [FAIL] code-of-conduct-file-exists: No file matching ['{docs/,.github/,}CODEOFCONDUCT*', '{docs/,.github/,}CODE-OF-CONDUCT*', '{docs/,.github/,}CODE_OF_CONDUCT*'] found in: /var/folders/cj/rh7njyk91lx4s79wxsflz3vw001y2r/T/tmpo0a0c1td/mark-test
WARNING reporter [FAIL] changelog-file-exists: No file matching ['CHANGELOG*'] found in: /var/folders/cj/rh7njyk91lx4s79wxsflz3vw001y2r/T/tmpo0a0c1td/mark-test
WARNING reporter [FAIL] test-directory-exists: No directory matching ['**/test*', '**/specs', '**/*test*'] found under /var/folders/cj/rh7njyk91lx4s79wxsflz3vw001y2r/T/tmpo0a0c1td/mark-test
WARNING reporter [FAIL] integrates-with-ci: No file matching ['.gitlab-ci.yml', '.travis.yml', 'appveyor.yml', '.appveyor.yml', 'circle.yml', '.circleci/config.yml', 'Jenkinsfile', '.drone.yml', '.github/workflows/*', 'azure-pipelines.yml'] found in: /var/folders/cj/rh7njyk91lx4s79wxsflz3vw001y2r/T/tmpo0a0c1td/mark-test
WARNING reporter [FAIL] github-issue-template-exists: No file matching ['ISSUE_TEMPLATE*', 'ISSUE_TEMPLATE/**', '.github/ISSUE_TEMPLATE*', '.github/ISSUE_TEMPLATE/**'] found in: /var/folders/cj/rh7njyk91lx4s79wxsflz3vw001y2r/T/tmpo0a0c1td/mark-test
WARNING reporter [FAIL] github-pull-request-template-exists: No file matching ['PULL_REQUEST_TEMPLATE*', 'PULL_REQUEST_TEMPLATE/**', '.github/PULL_REQUEST_TEMPLATE*', '.github/PULL_REQUEST_TEMPLATE/**'] found in: /var/folders/cj/rh7njyk91lx4s79wxsflz3vw001y2r/T/tmpo0a0c1td/mark-test
WARNING reporter [FAIL] test-directory-exists: No directory matching ['**/test*', '**/specs', '**/*test*'] found under /var/folders/cj/rh7njyk91lx4s79wxsflz3vw001y2r/T/tmp4cza1p84/kgsl
WARNING reporter [FAIL] integrates-with-ci: No file matching ['.gitlab-ci.yml', '.travis.yml', 'appveyor.yml', '.appveyor.yml', 'circle.yml', '.circleci/config.yml', 'Jenkinsfile', '.drone.yml', '.github/workflows/*', 'azure-pipelines.yml'] found in: /var/folders/cj/rh7njyk91lx4s79wxsflz3vw001y2r/T/tmp4cza1p84/kgsl
WARNING reporter [FAIL] source-qualcomm-license-headers-exist: Pattern '(Copyright|©).*Qualcomm Innovation Center, Inc|Qualcomm Technologies, Inc|Copyright (\\(c\\)|©) (20(1[2-9]|2[0-2])(-|,|\\s)*)+ The Linux Foundation' not found in Runner/suites/Multimedia/OpenCV/run.sh
WARNING reporter [FAIL] github-issue-template-exists: No file matching ['ISSUE_TEMPLATE*', 'ISSUE_TEMPLATE/**', '.github/ISSUE_TEMPLATE*', '.github/ISSUE_TEMPLATE/**'] found in: /var/folders/cj/rh7njyk91lx4s79wxsflz3vw001y2r/T/tmpz1zwm857/qcom-linux-testkit
WARNING reporter [FAIL] github-pull-request-template-exists: No file matching ['PULL_REQUEST_TEMPLATE*', 'PULL_REQUEST_TEMPLATE/**', '.github/PULL_REQUEST_TEMPLATE*', '.github/PULL_REQUEST_TEMPLATE/**'] found in: /var/folders/cj/rh7njyk91lx4s79wxsflz3vw001y2r/T/tmpz1zwm857/qcom-linux-testkit
WARNING reporter [FAIL] python-package-metadata-exists: No file matching ['setup.py', 'requirements.txt'] found in: /var/folders/cj/rh7njyk91lx4s79wxsflz3vw001y2r/T/tmpz1zwm857/qcom-linux-testkit
::warning title=Policy Violation: code-of-conduct-file-exists::No file matching ['{docs/,.github/,}CODEOFCONDUCT*', '{docs/,.github/,}CODE-OF-CONDUCT*', '{docs/,.github/,}CODE_OF_CONDUCT*'] found in: /var/folders/cj/rh7njyk91lx4s79wxsflz3vw001y2r/T/tmp4cza1p84/kgsl
::warning title=Policy Violation: changelog-file-exists::No file matching ['CHANGELOG*'] found in: /var/folders/cj/rh7njyk91lx4s79wxsflz3vw001y2r/T/tmp4cza1p84/kgsl
::warning title=Policy Violation: contributing-file-exists::No file matching ['{docs/,.github/,}CONTRIB*'] found in: /var/folders/cj/rh7njyk91lx4s79wxsflz3vw001y2r/T/tmpjdsc45ux/job_render
::warning title=Policy Violation: code-of-conduct-file-exists::No file matching ['{docs/,.github/,}CODEOFCONDUCT*', '{docs/,.github/,}CODE-OF-CONDUCT*', '{docs/,.github/,}CODE_OF_CONDUCT*'] found in: /var/folders/cj/rh7njyk91lx4s79wxsflz3vw001y2r/T/tmpjdsc45ux/job_render
::warning title=Policy Violation: changelog-file-exists::No file matching ['CHANGELOG*'] found in: /var/folders/cj/rh7njyk91lx4s79wxsflz3vw001y2r/T/tmpjdsc45ux/job_render
::warning title=Policy Violation: test-directory-exists::No directory matching ['**/test*', '**/specs', '**/*test*'] found under /var/folders/cj/rh7njyk91lx4s79wxsflz3vw001y2r/T/tmpjdsc45ux/job_render
::warning title=Policy Violation: github-issue-template-exists::No file matching ['ISSUE_TEMPLATE*', 'ISSUE_TEMPLATE/**', '.github/ISSUE_TEMPLATE*', '.github/ISSUE_TEMPLATE/**'] found in: /var/folders/cj/rh7njyk91lx4s79wxsflz3vw001y2r/T/tmpjdsc45ux/job_render
::warning title=Policy Violation: github-pull-request-template-exists::No file matching ['PULL_REQUEST_TEMPLATE*', 'PULL_REQUEST_TEMPLATE/**', '.github/PULL_REQUEST_TEMPLATE*', '.github/PULL_REQUEST_TEMPLATE/**'] found in: /var/folders/cj/rh7njyk91lx4s79wxsflz3vw001y2r/T/tmpjdsc45ux/job_render
::warning title=Policy Violation: python-package-metadata-exists::No file matching ['setup.py', 'requirements.txt'] found in: /var/folders/cj/rh7njyk91lx4s79wxsflz3vw001y2r/T/tmpjdsc45ux/job_render
::error title=Policy Violation: license-file-exists::No file matching ['LICENSE*', 'COPYING*', 'NOTICE*'] found in: /var/folders/cj/rh7njyk91lx4s79wxsflz3vw001y2r/T/tmpo0a0c1td/mark-test
::warning title=Policy Violation: contributing-file-exists::No file matching ['{docs/,.github/,}CONTRIB*'] found in: /var/folders/cj/rh7njyk91lx4s79wxsflz3vw001y2r/T/tmpo0a0c1td/mark-test
::warning title=Policy Violation: code-of-conduct-file-exists::No file matching ['{docs/,.github/,}CODEOFCONDUCT*', '{docs/,.github/,}CODE-OF-CONDUCT*', '{docs/,.github/,}CODE_OF_CONDUCT*'] found in: /var/folders/cj/rh7njyk91lx4s79wxsflz3vw001y2r/T/tmpo0a0c1td/mark-test
::warning title=Policy Violation: changelog-file-exists::No file matching ['CHANGELOG*'] found in: /var/folders/cj/rh7njyk91lx4s79wxsflz3vw001y2r/T/tmpo0a0c1td/mark-test
::warning title=Policy Violation: test-directory-exists::No directory matching ['**/test*', '**/specs', '**/*test*'] found under /var/folders/cj/rh7njyk91lx4s79wxsflz3vw001y2r/T/tmpo0a0c1td/mark-test
::warning title=Policy Violation: integrates-with-ci::No file matching ['.gitlab-ci.yml', '.travis.yml', 'appveyor.yml', '.appveyor.yml', 'circle.yml', '.circleci/config.yml', 'Jenkinsfile', '.drone.yml', '.github/workflows/*', 'azure-pipelines.yml'] found in: /var/folders/cj/rh7njyk91lx4s79wxsflz3vw001y2r/T/tmpo0a0c1td/mark-test
::warning title=Policy Violation: github-issue-template-exists::No file matching ['ISSUE_TEMPLATE*', 'ISSUE_TEMPLATE/**', '.github/ISSUE_TEMPLATE*', '.github/ISSUE_TEMPLATE/**'] found in: /var/folders/cj/rh7njyk91lx4s79wxsflz3vw001y2r/T/tmpo0a0c1td/mark-test
::warning title=Policy Violation: github-pull-request-template-exists::No file matching ['PULL_REQUEST_TEMPLATE*', 'PULL_REQUEST_TEMPLATE/**', '.github/PULL_REQUEST_TEMPLATE*', '.github/PULL_REQUEST_TEMPLATE/**'] found in: /var/folders/cj/rh7njyk91lx4s79wxsflz3vw001y2r/T/tmpo0a0c1td/mark-test
::warning title=Policy Violation: test-directory-exists::No directory matching ['**/test*', '**/specs', '**/*test*'] found under /var/folders/cj/rh7njyk91lx4s79wxsflz3vw001y2r/T/tmp4cza1p84/kgsl
::warning title=Policy Violation: integrates-with-ci::No file matching ['.gitlab-ci.yml', '.travis.yml', 'appveyor.yml', '.appveyor.yml', 'circle.yml', '.circleci/config.yml', 'Jenkinsfile', '.drone.yml', '.github/workflows/*', 'azure-pipelines.yml'] found in: /var/folders/cj/rh7njyk91lx4s79wxsflz3vw001y2r/T/tmp4cza1p84/kgsl
::warning title=Policy Violation: source-qualcomm-license-headers-exist,file=Runner/suites/Multimedia/OpenCV/run.sh::Pattern '(Copyright|©).*Qualcomm Innovation Center, Inc|Qualcomm Technologies, Inc|Copyright (\\(c\\)|©) (20(1[2-9]|2[0-2])(-|,|\\s)*)+ The Linux Foundation' not found in Runner/suites/Multimedia/OpenCV/run.sh
::warning title=Policy Violation: github-issue-template-exists::No file matching ['ISSUE_TEMPLATE*', 'ISSUE_TEMPLATE/**', '.github/ISSUE_TEMPLATE*', '.github/ISSUE_TEMPLATE/**'] found in: /var/folders/cj/rh7njyk91lx4s79wxsflz3vw001y2r/T/tmpz1zwm857/qcom-linux-testkit
::warning title=Policy Violation: github-pull-request-template-exists::No file matching ['PULL_REQUEST_TEMPLATE*', 'PULL_REQUEST_TEMPLATE/**', '.github/PULL_REQUEST_TEMPLATE*', '.github/PULL_REQUEST_TEMPLATE/**'] found in: /var/folders/cj/rh7njyk91lx4s79wxsflz3vw001y2r/T/tmpz1zwm857/qcom-linux-testkit
::warning title=Policy Violation: python-package-metadata-exists::No file matching ['setup.py', 'requirements.txt'] found in: /var/folders/cj/rh7njyk91lx4s79wxsflz3vw001y2r/T/tmpz1zwm857/qcom-linux-testkit
  [179/313] qualcomm-linux/job_render: 1 discrepancies
WARNING reporter [FAIL] source-qualcomm-license-headers-exist: Pattern '(Copyright|©).*Qualcomm Innovation Center, Inc|Qualcomm Technologies, Inc|Copyright (\\(c\\)|©) (20(1[2-9]|2[0-2])(-|,|\\s)*)+ The Linux Foundation' not found in kgsl_trace.c
WARNING reporter [FAIL] github-issue-template-exists: No file matching ['ISSUE_TEMPLATE*', 'ISSUE_TEMPLATE/**', '.github/ISSUE_TEMPLATE*', '.github/ISSUE_TEMPLATE/**'] found in: /var/folders/cj/rh7njyk91lx4s79wxsflz3vw001y2r/T/tmp4cza1p84/kgsl
WARNING reporter [FAIL] github-pull-request-template-exists: No file matching ['PULL_REQUEST_TEMPLATE*', 'PULL_REQUEST_TEMPLATE/**', '.github/PULL_REQUEST_TEMPLATE*', '.github/PULL_REQUEST_TEMPLATE/**'] found in: /var/folders/cj/rh7njyk91lx4s79wxsflz3vw001y2r/T/tmp4cza1p84/kgsl
::warning title=Policy Violation: source-qualcomm-license-headers-exist,file=kgsl_trace.c::Pattern '(Copyright|©).*Qualcomm Innovation Center, Inc|Qualcomm Technologies, Inc|Copyright (\\(c\\)|©) (20(1[2-9]|2[0-2])(-|,|\\s)*)+ The Linux Foundation' not found in kgsl_trace.c
::warning title=Policy Violation: github-issue-template-exists::No file matching ['ISSUE_TEMPLATE*', 'ISSUE_TEMPLATE/**', '.github/ISSUE_TEMPLATE*', '.github/ISSUE_TEMPLATE/**'] found in: /var/folders/cj/rh7njyk91lx4s79wxsflz3vw001y2r/T/tmp4cza1p84/kgsl
::warning title=Policy Violation: github-pull-request-template-exists::No file matching ['PULL_REQUEST_TEMPLATE*', 'PULL_REQUEST_TEMPLATE/**', '.github/PULL_REQUEST_TEMPLATE*', '.github/PULL_REQUEST_TEMPLATE/**'] found in: /var/folders/cj/rh7njyk91lx4s79wxsflz3vw001y2r/T/tmp4cza1p84/kgsl
  [180/313] qualcomm-linux/mark-test: 1 discrepancies
  [181/313] qualcomm-linux/kgsl: 0 discrepancies
  [182/313] qualcomm-linux/qcom-linux-testkit: 0 discrepancies
WARNING reporter [FAIL] contributing-file-exists: No file matching ['{docs/,.github/,}CONTRIB*'] found in: /var/folders/cj/rh7njyk91lx4s79wxsflz3vw001y2r/T/tmpt39k4uq7/optee_os
WARNING reporter [FAIL] code-of-conduct-file-exists: No file matching ['{docs/,.github/,}CODEOFCONDUCT*', '{docs/,.github/,}CODE-OF-CONDUCT*', '{docs/,.github/,}CODE_OF_CONDUCT*'] found in: /var/folders/cj/rh7njyk91lx4s79wxsflz3vw001y2r/T/tmpt39k4uq7/optee_os
WARNING reporter [FAIL] readme-references-license: Pattern 'license|notice' not found in README.md
WARNING reporter [FAIL] contributing-file-exists: No file matching ['{docs/,.github/,}CONTRIB*'] found in: /var/folders/cj/rh7njyk91lx4s79wxsflz3vw001y2r/T/tmpis26s2m9/trusted-firmware-a
WARNING reporter [FAIL] code-of-conduct-file-exists: No file matching ['{docs/,.github/,}CODEOFCONDUCT*', '{docs/,.github/,}CODE-OF-CONDUCT*', '{docs/,.github/,}CODE_OF_CONDUCT*'] found in: /var/folders/cj/rh7njyk91lx4s79wxsflz3vw001y2r/T/tmpis26s2m9/trusted-firmware-a
WARNING reporter [FAIL] source-license-headers-exist: Pattern 'Copyright(\\s)*(\\(c\\)|©)?' not found in core/arch/arm/plat-uniphier/kern.ld.S
WARNING reporter [FAIL] code-of-conduct-file-exists: No file matching ['{docs/,.github/,}CODEOFCONDUCT*', '{docs/,.github/,}CODE-OF-CONDUCT*', '{docs/,.github/,}CODE_OF_CONDUCT*'] found in: /var/folders/cj/rh7njyk91lx4s79wxsflz3vw001y2r/T/tmpr9ofd6pe/edk2
WARNING reporter [FAIL] source-qualcomm-license-headers-exist: Pattern '(Copyright|©).*Qualcomm Innovation Center, Inc|Qualcomm Technologies, Inc|Copyright (\\(c\\)|©) (20(1[2-9]|2[0-2])(-|,|\\s)*)+ The Linux Foundation' not found in core/arch/arm/crypto/aes-gcm-ce.c
WARNING reporter [FAIL] github-issue-template-exists: No file matching ['ISSUE_TEMPLATE*', 'ISSUE_TEMPLATE/**', '.github/ISSUE_TEMPLATE*', '.github/ISSUE_TEMPLATE/**'] found in: /var/folders/cj/rh7njyk91lx4s79wxsflz3vw001y2r/T/tmpt39k4uq7/optee_os
WARNING reporter [FAIL] github-pull-request-template-exists: No file matching ['PULL_REQUEST_TEMPLATE*', 'PULL_REQUEST_TEMPLATE/**', '.github/PULL_REQUEST_TEMPLATE*', '.github/PULL_REQUEST_TEMPLATE/**'] found in: /var/folders/cj/rh7njyk91lx4s79wxsflz3vw001y2r/T/tmpt39k4uq7/optee_os
WARNING reporter [FAIL] python-package-metadata-exists: No file matching ['setup.py', 'requirements.txt'] found in: /var/folders/cj/rh7njyk91lx4s79wxsflz3vw001y2r/T/tmpt39k4uq7/optee_os
WARNING reporter [FAIL] changelog-file-exists: No file matching ['CHANGELOG*'] found in: /var/folders/cj/rh7njyk91lx4s79wxsflz3vw001y2r/T/tmpr9ofd6pe/edk2
WARNING reporter [FAIL] code-of-conduct-file-exists: No file matching ['{docs/,.github/,}CODEOFCONDUCT*', '{docs/,.github/,}CODE-OF-CONDUCT*', '{docs/,.github/,}CODE_OF_CONDUCT*'] found in: /var/folders/cj/rh7njyk91lx4s79wxsflz3vw001y2r/T/tmpq0lra0cu/edk2-platforms
WARNING reporter [FAIL] changelog-file-exists: No file matching ['CHANGELOG*'] found in: /var/folders/cj/rh7njyk91lx4s79wxsflz3vw001y2r/T/tmpq0lra0cu/edk2-platforms
::warning title=Policy Violation: contributing-file-exists::No file matching ['{docs/,.github/,}CONTRIB*'] found in: /var/folders/cj/rh7njyk91lx4s79wxsflz3vw001y2r/T/tmpt39k4uq7/optee_os
::warning title=Policy Violation: code-of-conduct-file-exists::No file matching ['{docs/,.github/,}CODEOFCONDUCT*', '{docs/,.github/,}CODE-OF-CONDUCT*', '{docs/,.github/,}CODE_OF_CONDUCT*'] found in: /var/folders/cj/rh7njyk91lx4s79wxsflz3vw001y2r/T/tmpt39k4uq7/optee_os
::error title=Policy Violation: readme-references-license,file=README.md::Pattern 'license|notice' not found in README.md
::warning title=Policy Violation: contributing-file-exists::No file matching ['{docs/,.github/,}CONTRIB*'] found in: /var/folders/cj/rh7njyk91lx4s79wxsflz3vw001y2r/T/tmpis26s2m9/trusted-firmware-a
::warning title=Policy Violation: code-of-conduct-file-exists::No file matching ['{docs/,.github/,}CODEOFCONDUCT*', '{docs/,.github/,}CODE-OF-CONDUCT*', '{docs/,.github/,}CODE_OF_CONDUCT*'] found in: /var/folders/cj/rh7njyk91lx4s79wxsflz3vw001y2r/T/tmpis26s2m9/trusted-firmware-a
::error title=Policy Violation: source-license-headers-exist,file=core/arch/arm/plat-uniphier/kern.ld.S::Pattern 'Copyright(\\s)*(\\(c\\)|©)?' not found in core/arch/arm/plat-uniphier/kern.ld.S
::warning title=Policy Violation: code-of-conduct-file-exists::No file matching ['{docs/,.github/,}CODEOFCONDUCT*', '{docs/,.github/,}CODE-OF-CONDUCT*', '{docs/,.github/,}CODE_OF_CONDUCT*'] found in: /var/folders/cj/rh7njyk91lx4s79wxsflz3vw001y2r/T/tmpr9ofd6pe/edk2
::warning title=Policy Violation: source-qualcomm-license-headers-exist,file=core/arch/arm/crypto/aes-gcm-ce.c::Pattern '(Copyright|©).*Qualcomm Innovation Center, Inc|Qualcomm Technologies, Inc|Copyright (\\(c\\)|©) (20(1[2-9]|2[0-2])(-|,|\\s)*)+ The Linux Foundation' not found in core/arch/arm/crypto/aes-gcm-ce.c
::warning title=Policy Violation: github-issue-template-exists::No file matching ['ISSUE_TEMPLATE*', 'ISSUE_TEMPLATE/**', '.github/ISSUE_TEMPLATE*', '.github/ISSUE_TEMPLATE/**'] found in: /var/folders/cj/rh7njyk91lx4s79wxsflz3vw001y2r/T/tmpt39k4uq7/optee_os
::warning title=Policy Violation: github-pull-request-template-exists::No file matching ['PULL_REQUEST_TEMPLATE*', 'PULL_REQUEST_TEMPLATE/**', '.github/PULL_REQUEST_TEMPLATE*', '.github/PULL_REQUEST_TEMPLATE/**'] found in: /var/folders/cj/rh7njyk91lx4s79wxsflz3vw001y2r/T/tmpt39k4uq7/optee_os
::warning title=Policy Violation: python-package-metadata-exists::No file matching ['setup.py', 'requirements.txt'] found in: /var/folders/cj/rh7njyk91lx4s79wxsflz3vw001y2r/T/tmpt39k4uq7/optee_os
::warning title=Policy Violation: changelog-file-exists::No file matching ['CHANGELOG*'] found in: /var/folders/cj/rh7njyk91lx4s79wxsflz3vw001y2r/T/tmpr9ofd6pe/edk2
::warning title=Policy Violation: code-of-conduct-file-exists::No file matching ['{docs/,.github/,}CODEOFCONDUCT*', '{docs/,.github/,}CODE-OF-CONDUCT*', '{docs/,.github/,}CODE_OF_CONDUCT*'] found in: /var/folders/cj/rh7njyk91lx4s79wxsflz3vw001y2r/T/tmpq0lra0cu/edk2-platforms
::warning title=Policy Violation: changelog-file-exists::No file matching ['CHANGELOG*'] found in: /var/folders/cj/rh7njyk91lx4s79wxsflz3vw001y2r/T/tmpq0lra0cu/edk2-platforms
  [183/313] qualcomm-linux/optee_os: 0 discrepancies
WARNING reporter [FAIL] changelog-file-exists: No file matching ['CHANGELOG*'] found in: /var/folders/cj/rh7njyk91lx4s79wxsflz3vw001y2r/T/tmp22qqxgg7/aiml-container-test
WARNING reporter [FAIL] test-directory-exists: No directory matching ['**/test*', '**/specs', '**/*test*'] found under /var/folders/cj/rh7njyk91lx4s79wxsflz3vw001y2r/T/tmp22qqxgg7/aiml-container-test
WARNING reporter [FAIL] github-issue-template-exists: No file matching ['ISSUE_TEMPLATE*', 'ISSUE_TEMPLATE/**', '.github/ISSUE_TEMPLATE*', '.github/ISSUE_TEMPLATE/**'] found in: /var/folders/cj/rh7njyk91lx4s79wxsflz3vw001y2r/T/tmp22qqxgg7/aiml-container-test
WARNING reporter [FAIL] github-pull-request-template-exists: No file matching ['PULL_REQUEST_TEMPLATE*', 'PULL_REQUEST_TEMPLATE/**', '.github/PULL_REQUEST_TEMPLATE*', '.github/PULL_REQUEST_TEMPLATE/**'] found in: /var/folders/cj/rh7njyk91lx4s79wxsflz3vw001y2r/T/tmp22qqxgg7/aiml-container-test
::warning title=Policy Violation: changelog-file-exists::No file matching ['CHANGELOG*'] found in: /var/folders/cj/rh7njyk91lx4s79wxsflz3vw001y2r/T/tmp22qqxgg7/aiml-container-test
::warning title=Policy Violation: test-directory-exists::No directory matching ['**/test*', '**/specs', '**/*test*'] found under /var/folders/cj/rh7njyk91lx4s79wxsflz3vw001y2r/T/tmp22qqxgg7/aiml-container-test
::warning title=Policy Violation: github-issue-template-exists::No file matching ['ISSUE_TEMPLATE*', 'ISSUE_TEMPLATE/**', '.github/ISSUE_TEMPLATE*', '.github/ISSUE_TEMPLATE/**'] found in: /var/folders/cj/rh7njyk91lx4s79wxsflz3vw001y2r/T/tmp22qqxgg7/aiml-container-test
::warning title=Policy Violation: github-pull-request-template-exists::No file matching ['PULL_REQUEST_TEMPLATE*', 'PULL_REQUEST_TEMPLATE/**', '.github/PULL_REQUEST_TEMPLATE*', '.github/PULL_REQUEST_TEMPLATE/**'] found in: /var/folders/cj/rh7njyk91lx4s79wxsflz3vw001y2r/T/tmp22qqxgg7/aiml-container-test
  [184/313] qualcomm-linux/aiml-container-test: 1 discrepancies
WARNING reporter [FAIL] contributing-file-exists: No file matching ['{docs/,.github/,}CONTRIB*'] found in: /var/folders/cj/rh7njyk91lx4s79wxsflz3vw001y2r/T/tmpsonyf65r/video-driver
WARNING reporter [FAIL] code-of-conduct-file-exists: No file matching ['{docs/,.github/,}CODEOFCONDUCT*', '{docs/,.github/,}CODE-OF-CONDUCT*', '{docs/,.github/,}CODE_OF_CONDUCT*'] found in: /var/folders/cj/rh7njyk91lx4s79wxsflz3vw001y2r/T/tmpsonyf65r/video-driver
WARNING reporter [FAIL] changelog-file-exists: No file matching ['CHANGELOG*'] found in: /var/folders/cj/rh7njyk91lx4s79wxsflz3vw001y2r/T/tmpsonyf65r/video-driver
WARNING reporter [FAIL] binaries-not-present: Binary file found (MIME: application/x-object): BaseTools/Bin/GccLto/liblto-arm.a
WARNING reporter [FAIL] test-directory-exists: No directory matching ['**/test*', '**/specs', '**/*test*'] found under /var/folders/cj/rh7njyk91lx4s79wxsflz3vw001y2r/T/tmpsonyf65r/video-driver
WARNING reporter [FAIL] source-qualcomm-license-headers-exist: Pattern '(Copyright|©).*Qualcomm Innovation Center, Inc|Qualcomm Technologies, Inc|Copyright (\\(c\\)|©) (20(1[2-9]|2[0-2])(-|,|\\s)*)+ The Linux Foundation' not found in pkg-iris-vpu/debian/iris-vpu-load.sh
WARNING reporter [FAIL] github-issue-template-exists: No file matching ['ISSUE_TEMPLATE*', 'ISSUE_TEMPLATE/**', '.github/ISSUE_TEMPLATE*', '.github/ISSUE_TEMPLATE/**'] found in: /var/folders/cj/rh7njyk91lx4s79wxsflz3vw001y2r/T/tmpsonyf65r/video-driver
WARNING reporter [FAIL] github-pull-request-template-exists: No file matching ['PULL_REQUEST_TEMPLATE*', 'PULL_REQUEST_TEMPLATE/**', '.github/PULL_REQUEST_TEMPLATE*', '.github/PULL_REQUEST_TEMPLATE/**'] found in: /var/folders/cj/rh7njyk91lx4s79wxsflz3vw001y2r/T/tmpsonyf65r/video-driver
::warning title=Policy Violation: contributing-file-exists::No file matching ['{docs/,.github/,}CONTRIB*'] found in: /var/folders/cj/rh7njyk91lx4s79wxsflz3vw001y2r/T/tmpsonyf65r/video-driver
::warning title=Policy Violation: code-of-conduct-file-exists::No file matching ['{docs/,.github/,}CODEOFCONDUCT*', '{docs/,.github/,}CODE-OF-CONDUCT*', '{docs/,.github/,}CODE_OF_CONDUCT*'] found in: /var/folders/cj/rh7njyk91lx4s79wxsflz3vw001y2r/T/tmpsonyf65r/video-driver
::warning title=Policy Violation: changelog-file-exists::No file matching ['CHANGELOG*'] found in: /var/folders/cj/rh7njyk91lx4s79wxsflz3vw001y2r/T/tmpsonyf65r/video-driver
::warning title=Policy Violation: binaries-not-present,file=BaseTools/Bin/GccLto/liblto-arm.a::Binary file found (MIME: application/x-object): BaseTools/Bin/GccLto/liblto-arm.a
::warning title=Policy Violation: test-directory-exists::No directory matching ['**/test*', '**/specs', '**/*test*'] found under /var/folders/cj/rh7njyk91lx4s79wxsflz3vw001y2r/T/tmpsonyf65r/video-driver
::warning title=Policy Violation: source-qualcomm-license-headers-exist,file=pkg-iris-vpu/debian/iris-vpu-load.sh::Pattern '(Copyright|©).*Qualcomm Innovation Center, Inc|Qualcomm Technologies, Inc|Copyright (\\(c\\)|©) (20(1[2-9]|2[0-2])(-|,|\\s)*)+ The Linux Foundation' not found in pkg-iris-vpu/debian/iris-vpu-load.sh
::warning title=Policy Violation: github-issue-template-exists::No file matching ['ISSUE_TEMPLATE*', 'ISSUE_TEMPLATE/**', '.github/ISSUE_TEMPLATE*', '.github/ISSUE_TEMPLATE/**'] found in: /var/folders/cj/rh7njyk91lx4s79wxsflz3vw001y2r/T/tmpsonyf65r/video-driver
::warning title=Policy Violation: github-pull-request-template-exists::No file matching ['PULL_REQUEST_TEMPLATE*', 'PULL_REQUEST_TEMPLATE/**', '.github/PULL_REQUEST_TEMPLATE*', '.github/PULL_REQUEST_TEMPLATE/**'] found in: /var/folders/cj/rh7njyk91lx4s79wxsflz3vw001y2r/T/tmpsonyf65r/video-driver
  [185/313] qualcomm-linux/video-driver: 0 discrepancies
WARNING reporter [FAIL] readme-file-exists: No file matching ['README*'] found in: /var/folders/cj/rh7njyk91lx4s79wxsflz3vw001y2r/T/tmpdup4l9o_/camera-driver
WARNING reporter [FAIL] contributing-file-exists: No file matching ['{docs/,.github/,}CONTRIB*'] found in: /var/folders/cj/rh7njyk91lx4s79wxsflz3vw001y2r/T/tmpdup4l9o_/camera-driver
WARNING reporter [FAIL] code-of-conduct-file-exists: No file matching ['{docs/,.github/,}CODEOFCONDUCT*', '{docs/,.github/,}CODE-OF-CONDUCT*', '{docs/,.github/,}CODE_OF_CONDUCT*'] found in: /var/folders/cj/rh7njyk91lx4s79wxsflz3vw001y2r/T/tmpdup4l9o_/camera-driver
WARNING reporter [FAIL] changelog-file-exists: No file matching ['CHANGELOG*'] found in: /var/folders/cj/rh7njyk91lx4s79wxsflz3vw001y2r/T/tmpdup4l9o_/camera-driver
WARNING reporter [FAIL] binaries-not-present: Binary file found (MIME: application/x-executable): Platform/BeagleBoard/BeagleBoardPkg/Debugger_scripts/rvi_dummy.axf
WARNING reporter [FAIL] integrates-with-ci: No file matching ['.gitlab-ci.yml', '.travis.yml', 'appveyor.yml', '.appveyor.yml', 'circle.yml', '.circleci/config.yml', 'Jenkinsfile', '.drone.yml', '.github/workflows/*', 'azure-pipelines.yml'] found in: /var/folders/cj/rh7njyk91lx4s79wxsflz3vw001y2r/T/tmpis26s2m9/trusted-firmware-a
WARNING reporter [FAIL] test-directory-exists: No directory matching ['**/test*', '**/specs', '**/*test*'] found under /var/folders/cj/rh7njyk91lx4s79wxsflz3vw001y2r/T/tmpq0lra0cu/edk2-platforms
WARNING reporter [FAIL] source-license-headers-exist: Pattern 'Copyright(\\s)*(\\(c\\)|©)?' not found in BaseTools/Plugin/CodeQL/analyze/analyze_filter.py
WARNING reporter [FAIL] test-directory-exists: No directory matching ['**/test*', '**/specs', '**/*test*'] found under /var/folders/cj/rh7njyk91lx4s79wxsflz3vw001y2r/T/tmpdup4l9o_/camera-driver
WARNING reporter [FAIL] source-license-headers-exist: Pattern 'SPDX-License-Identifier|Redistribution and use in source and binary forms, with or without' not found in camera_kt/drivers/cam_sensor_module/cam_ir_led/cam_ir_led_core.c
WARNING reporter [FAIL] source-qualcomm-license-headers-exist: Pattern '(Copyright|©).*Qualcomm Innovation Center, Inc|Qualcomm Technologies, Inc|Copyright (\\(c\\)|©) (20(1[2-9]|2[0-2])(-|,|\\s)*)+ The Linux Foundation' not found in common/cam_io_util.h
WARNING reporter [FAIL] github-issue-template-exists: No file matching ['ISSUE_TEMPLATE*', 'ISSUE_TEMPLATE/**', '.github/ISSUE_TEMPLATE*', '.github/ISSUE_TEMPLATE/**'] found in: /var/folders/cj/rh7njyk91lx4s79wxsflz3vw001y2r/T/tmpdup4l9o_/camera-driver
WARNING reporter [FAIL] github-pull-request-template-exists: No file matching ['PULL_REQUEST_TEMPLATE*', 'PULL_REQUEST_TEMPLATE/**', '.github/PULL_REQUEST_TEMPLATE*', '.github/PULL_REQUEST_TEMPLATE/**'] found in: /var/folders/cj/rh7njyk91lx4s79wxsflz3vw001y2r/T/tmpdup4l9o_/camera-driver
::error title=Policy Violation: readme-file-exists::No file matching ['README*'] found in: /var/folders/cj/rh7njyk91lx4s79wxsflz3vw001y2r/T/tmpdup4l9o_/camera-driver
::warning title=Policy Violation: contributing-file-exists::No file matching ['{docs/,.github/,}CONTRIB*'] found in: /var/folders/cj/rh7njyk91lx4s79wxsflz3vw001y2r/T/tmpdup4l9o_/camera-driver
::warning title=Policy Violation: code-of-conduct-file-exists::No file matching ['{docs/,.github/,}CODEOFCONDUCT*', '{docs/,.github/,}CODE-OF-CONDUCT*', '{docs/,.github/,}CODE_OF_CONDUCT*'] found in: /var/folders/cj/rh7njyk91lx4s79wxsflz3vw001y2r/T/tmpdup4l9o_/camera-driver
::warning title=Policy Violation: changelog-file-exists::No file matching ['CHANGELOG*'] found in: /var/folders/cj/rh7njyk91lx4s79wxsflz3vw001y2r/T/tmpdup4l9o_/camera-driver
::warning title=Policy Violation: binaries-not-present,file=Platform/BeagleBoard/BeagleBoardPkg/Debugger_scripts/rvi_dummy.axf::Binary file found (MIME: application/x-executable): Platform/BeagleBoard/BeagleBoardPkg/Debugger_scripts/rvi_dummy.axf
::warning title=Policy Violation: integrates-with-ci::No file matching ['.gitlab-ci.yml', '.travis.yml', 'appveyor.yml', '.appveyor.yml', 'circle.yml', '.circleci/config.yml', 'Jenkinsfile', '.drone.yml', '.github/workflows/*', 'azure-pipelines.yml'] found in: /var/folders/cj/rh7njyk91lx4s79wxsflz3vw001y2r/T/tmpis26s2m9/trusted-firmware-a
::warning title=Policy Violation: test-directory-exists::No directory matching ['**/test*', '**/specs', '**/*test*'] found under /var/folders/cj/rh7njyk91lx4s79wxsflz3vw001y2r/T/tmpq0lra0cu/edk2-platforms
::error title=Policy Violation: source-license-headers-exist,file=BaseTools/Plugin/CodeQL/analyze/analyze_filter.py::Pattern 'Copyright(\\s)*(\\(c\\)|©)?' not found in BaseTools/Plugin/CodeQL/analyze/analyze_filter.py
::warning title=Policy Violation: test-directory-exists::No directory matching ['**/test*', '**/specs', '**/*test*'] found under /var/folders/cj/rh7njyk91lx4s79wxsflz3vw001y2r/T/tmpdup4l9o_/camera-driver
::error title=Policy Violation: source-license-headers-exist,file=camera_kt/drivers/cam_sensor_module/cam_ir_led/cam_ir_led_core.c::Pattern 'SPDX-License-Identifier|Redistribution and use in source and binary forms, with or without' not found in camera_kt/drivers/cam_sensor_module/cam_ir_led/cam_ir_led_core.c
::warning title=Policy Violation: source-qualcomm-license-headers-exist,file=common/cam_io_util.h::Pattern '(Copyright|©).*Qualcomm Innovation Center, Inc|Qualcomm Technologies, Inc|Copyright (\\(c\\)|©) (20(1[2-9]|2[0-2])(-|,|\\s)*)+ The Linux Foundation' not found in common/cam_io_util.h
::warning title=Policy Violation: github-issue-template-exists::No file matching ['ISSUE_TEMPLATE*', 'ISSUE_TEMPLATE/**', '.github/ISSUE_TEMPLATE*', '.github/ISSUE_TEMPLATE/**'] found in: /var/folders/cj/rh7njyk91lx4s79wxsflz3vw001y2r/T/tmpdup4l9o_/camera-driver
::warning title=Policy Violation: github-pull-request-template-exists::No file matching ['PULL_REQUEST_TEMPLATE*', 'PULL_REQUEST_TEMPLATE/**', '.github/PULL_REQUEST_TEMPLATE*', '.github/PULL_REQUEST_TEMPLATE/**'] found in: /var/folders/cj/rh7njyk91lx4s79wxsflz3vw001y2r/T/tmpdup4l9o_/camera-driver
  [186/313] qualcomm-linux/camera-driver: 0 discrepancies
WARNING reporter [FAIL] changelog-file-exists: No file matching ['CHANGELOG*'] found in: /var/folders/cj/rh7njyk91lx4s79wxsflz3vw001y2r/T/tmp050zw21s/qualcomm-CDI-generator
WARNING reporter [FAIL] python-package-metadata-exists: No file matching ['setup.py', 'requirements.txt'] found in: /var/folders/cj/rh7njyk91lx4s79wxsflz3vw001y2r/T/tmp050zw21s/qualcomm-CDI-generator
WARNING reporter [FAIL] source-license-headers-exist: Pattern 'SPDX-License-Identifier|Redistribution and use in source and binary forms, with or without' not found in include/lib/dice/dice.h
::warning title=Policy Violation: changelog-file-exists::No file matching ['CHANGELOG*'] found in: /var/folders/cj/rh7njyk91lx4s79wxsflz3vw001y2r/T/tmp050zw21s/qualcomm-CDI-generator
::warning title=Policy Violation: python-package-metadata-exists::No file matching ['setup.py', 'requirements.txt'] found in: /var/folders/cj/rh7njyk91lx4s79wxsflz3vw001y2r/T/tmp050zw21s/qualcomm-CDI-generator
::error title=Policy Violation: source-license-headers-exist,file=include/lib/dice/dice.h::Pattern 'SPDX-License-Identifier|Redistribution and use in source and binary forms, with or without' not found in include/lib/dice/dice.h
  [187/313] qualcomm-linux/qualcomm-CDI-generator: 0 discrepancies
WARNING reporter [FAIL] license-file-exists: No file matching ['LICENSE*', 'COPYING*', 'NOTICE*'] found in: /var/folders/cj/rh7njyk91lx4s79wxsflz3vw001y2r/T/tmpj3pxhwac/pkg-alsa-ucm-conf
WARNING reporter [FAIL] readme-file-exists: No file matching ['README*'] found in: /var/folders/cj/rh7njyk91lx4s79wxsflz3vw001y2r/T/tmpj3pxhwac/pkg-alsa-ucm-conf
WARNING reporter [FAIL] contributing-file-exists: No file matching ['{docs/,.github/,}CONTRIB*'] found in: /var/folders/cj/rh7njyk91lx4s79wxsflz3vw001y2r/T/tmpj3pxhwac/pkg-alsa-ucm-conf
WARNING reporter [FAIL] code-of-conduct-file-exists: No file matching ['{docs/,.github/,}CODEOFCONDUCT*', '{docs/,.github/,}CODE-OF-CONDUCT*', '{docs/,.github/,}CODE_OF_CONDUCT*'] found in: /var/folders/cj/rh7njyk91lx4s79wxsflz3vw001y2r/T/tmpj3pxhwac/pkg-alsa-ucm-conf
WARNING reporter [FAIL] changelog-file-exists: No file matching ['CHANGELOG*'] found in: /var/folders/cj/rh7njyk91lx4s79wxsflz3vw001y2r/T/tmpj3pxhwac/pkg-alsa-ucm-conf
WARNING reporter [FAIL] test-directory-exists: No directory matching ['**/test*', '**/specs', '**/*test*'] found under /var/folders/cj/rh7njyk91lx4s79wxsflz3vw001y2r/T/tmpj3pxhwac/pkg-alsa-ucm-conf
WARNING reporter [FAIL] github-issue-template-exists: No file matching ['ISSUE_TEMPLATE*', 'ISSUE_TEMPLATE/**', '.github/ISSUE_TEMPLATE*', '.github/ISSUE_TEMPLATE/**'] found in: /var/folders/cj/rh7njyk91lx4s79wxsflz3vw001y2r/T/tmpj3pxhwac/pkg-alsa-ucm-conf
WARNING reporter [FAIL] github-pull-request-template-exists: No file matching ['PULL_REQUEST_TEMPLATE*', 'PULL_REQUEST_TEMPLATE/**', '.github/PULL_REQUEST_TEMPLATE*', '.github/PULL_REQUEST_TEMPLATE/**'] found in: /var/folders/cj/rh7njyk91lx4s79wxsflz3vw001y2r/T/tmpj3pxhwac/pkg-alsa-ucm-conf
::error title=Policy Violation: license-file-exists::No file matching ['LICENSE*', 'COPYING*', 'NOTICE*'] found in: /var/folders/cj/rh7njyk91lx4s79wxsflz3vw001y2r/T/tmpj3pxhwac/pkg-alsa-ucm-conf
::error title=Policy Violation: readme-file-exists::No file matching ['README*'] found in: /var/folders/cj/rh7njyk91lx4s79wxsflz3vw001y2r/T/tmpj3pxhwac/pkg-alsa-ucm-conf
::warning title=Policy Violation: contributing-file-exists::No file matching ['{docs/,.github/,}CONTRIB*'] found in: /var/folders/cj/rh7njyk91lx4s79wxsflz3vw001y2r/T/tmpj3pxhwac/pkg-alsa-ucm-conf
::warning title=Policy Violation: code-of-conduct-file-exists::No file matching ['{docs/,.github/,}CODEOFCONDUCT*', '{docs/,.github/,}CODE-OF-CONDUCT*', '{docs/,.github/,}CODE_OF_CONDUCT*'] found in: /var/folders/cj/rh7njyk91lx4s79wxsflz3vw001y2r/T/tmpj3pxhwac/pkg-alsa-ucm-conf
::warning title=Policy Violation: changelog-file-exists::No file matching ['CHANGELOG*'] found in: /var/folders/cj/rh7njyk91lx4s79wxsflz3vw001y2r/T/tmpj3pxhwac/pkg-alsa-ucm-conf
::warning title=Policy Violation: test-directory-exists::No directory matching ['**/test*', '**/specs', '**/*test*'] found under /var/folders/cj/rh7njyk91lx4s79wxsflz3vw001y2r/T/tmpj3pxhwac/pkg-alsa-ucm-conf
::warning title=Policy Violation: github-issue-template-exists::No file matching ['ISSUE_TEMPLATE*', 'ISSUE_TEMPLATE/**', '.github/ISSUE_TEMPLATE*', '.github/ISSUE_TEMPLATE/**'] found in: /var/folders/cj/rh7njyk91lx4s79wxsflz3vw001y2r/T/tmpj3pxhwac/pkg-alsa-ucm-conf
::warning title=Policy Violation: github-pull-request-template-exists::No file matching ['PULL_REQUEST_TEMPLATE*', 'PULL_REQUEST_TEMPLATE/**', '.github/PULL_REQUEST_TEMPLATE*', '.github/PULL_REQUEST_TEMPLATE/**'] found in: /var/folders/cj/rh7njyk91lx4s79wxsflz3vw001y2r/T/tmpj3pxhwac/pkg-alsa-ucm-conf
  [188/313] qualcomm-linux/pkg-alsa-ucm-conf: 1 discrepancies
WARNING reporter [FAIL] changelog-file-exists: No file matching ['CHANGELOG*'] found in: /var/folders/cj/rh7njyk91lx4s79wxsflz3vw001y2r/T/tmpoejcfyyo/pkg-fastrpc
WARNING reporter [FAIL] test-directory-exists: No directory matching ['**/test*', '**/specs', '**/*test*'] found under /var/folders/cj/rh7njyk91lx4s79wxsflz3vw001y2r/T/tmpoejcfyyo/pkg-fastrpc
WARNING reporter [FAIL] source-qualcomm-license-headers-exist: Pattern '(Copyright|©).*Qualcomm Innovation Center, Inc|Qualcomm Technologies, Inc|Copyright (\\(c\\)|©) (20(1[2-9]|2[0-2])(-|,|\\s)*)+ The Linux Foundation' not found in .github/scripts/GitHub.py
WARNING reporter [FAIL] github-pull-request-template-exists: No file matching ['PULL_REQUEST_TEMPLATE*', 'PULL_REQUEST_TEMPLATE/**', '.github/PULL_REQUEST_TEMPLATE*', '.github/PULL_REQUEST_TEMPLATE/**'] found in: /var/folders/cj/rh7njyk91lx4s79wxsflz3vw001y2r/T/tmpr9ofd6pe/edk2
WARNING reporter [FAIL] python-package-metadata-exists: No file matching ['setup.py', 'requirements.txt'] found in: /var/folders/cj/rh7njyk91lx4s79wxsflz3vw001y2r/T/tmpr9ofd6pe/edk2
::warning title=Policy Violation: changelog-file-exists::No file matching ['CHANGELOG*'] found in: /var/folders/cj/rh7njyk91lx4s79wxsflz3vw001y2r/T/tmpoejcfyyo/pkg-fastrpc
::warning title=Policy Violation: test-directory-exists::No directory matching ['**/test*', '**/specs', '**/*test*'] found under /var/folders/cj/rh7njyk91lx4s79wxsflz3vw001y2r/T/tmpoejcfyyo/pkg-fastrpc
::warning title=Policy Violation: source-qualcomm-license-headers-exist,file=.github/scripts/GitHub.py::Pattern '(Copyright|©).*Qualcomm Innovation Center, Inc|Qualcomm Technologies, Inc|Copyright (\\(c\\)|©) (20(1[2-9]|2[0-2])(-|,|\\s)*)+ The Linux Foundation' not found in .github/scripts/GitHub.py
::warning title=Policy Violation: github-pull-request-template-exists::No file matching ['PULL_REQUEST_TEMPLATE*', 'PULL_REQUEST_TEMPLATE/**', '.github/PULL_REQUEST_TEMPLATE*', '.github/PULL_REQUEST_TEMPLATE/**'] found in: /var/folders/cj/rh7njyk91lx4s79wxsflz3vw001y2r/T/tmpr9ofd6pe/edk2
::warning title=Policy Violation: python-package-metadata-exists::No file matching ['setup.py', 'requirements.txt'] found in: /var/folders/cj/rh7njyk91lx4s79wxsflz3vw001y2r/T/tmpr9ofd6pe/edk2
  [189/313] qualcomm-linux/pkg-fastrpc: 1 discrepancies
WARNING reporter [FAIL] changelog-file-exists: No file matching ['CHANGELOG*'] found in: /var/folders/cj/rh7njyk91lx4s79wxsflz3vw001y2r/T/tmpy_h9ssde/qcom-dtb-metadata
WARNING reporter [FAIL] test-directory-exists: No directory matching ['**/test*', '**/specs', '**/*test*'] found under /var/folders/cj/rh7njyk91lx4s79wxsflz3vw001y2r/T/tmpy_h9ssde/qcom-dtb-metadata
WARNING reporter [FAIL] source-qualcomm-license-headers-exist: Pattern '(Copyright|©).*Qualcomm Innovation Center, Inc|Qualcomm Technologies, Inc|Copyright (\\(c\\)|©) (20(1[2-9]|2[0-2])(-|,|\\s)*)+ The Linux Foundation' not found in check-fitimage-metadata.sh
::warning title=Policy Violation: changelog-file-exists::No file matching ['CHANGELOG*'] found in: /var/folders/cj/rh7njyk91lx4s79wxsflz3vw001y2r/T/tmpy_h9ssde/qcom-dtb-metadata
::warning title=Policy Violation: test-directory-exists::No directory matching ['**/test*', '**/specs', '**/*test*'] found under /var/folders/cj/rh7njyk91lx4s79wxsflz3vw001y2r/T/tmpy_h9ssde/qcom-dtb-metadata
::warning title=Policy Violation: source-qualcomm-license-headers-exist,file=check-fitimage-metadata.sh::Pattern '(Copyright|©).*Qualcomm Innovation Center, Inc|Qualcomm Technologies, Inc|Copyright (\\(c\\)|©) (20(1[2-9]|2[0-2])(-|,|\\s)*)+ The Linux Foundation' not found in check-fitimage-metadata.sh
  [190/313] qualcomm-linux/qcom-dtb-metadata: 0 discrepancies
WARNING reporter [FAIL] changelog-file-exists: No file matching ['CHANGELOG*'] found in: /var/folders/cj/rh7njyk91lx4s79wxsflz3vw001y2r/T/tmp9v5thxdf/pkg-linux-qcom
WARNING reporter [FAIL] test-directory-exists: No directory matching ['**/test*', '**/specs', '**/*test*'] found under /var/folders/cj/rh7njyk91lx4s79wxsflz3vw001y2r/T/tmp9v5thxdf/pkg-linux-qcom
WARNING reporter [FAIL] source-qualcomm-license-headers-exist: Pattern '(Copyright|©).*Qualcomm Innovation Center, Inc|Qualcomm Technologies, Inc|Copyright (\\(c\\)|©) (20(1[2-9]|2[0-2])(-|,|\\s)*)+ The Linux Foundation' not found in .commitlintrc.js
WARNING reporter [FAIL] github-issue-template-exists: No file matching ['ISSUE_TEMPLATE*', 'ISSUE_TEMPLATE/**', '.github/ISSUE_TEMPLATE*', '.github/ISSUE_TEMPLATE/**'] found in: /var/folders/cj/rh7njyk91lx4s79wxsflz3vw001y2r/T/tmpis26s2m9/trusted-firmware-a
WARNING reporter [FAIL] github-pull-request-template-exists: No file matching ['PULL_REQUEST_TEMPLATE*', 'PULL_REQUEST_TEMPLATE/**', '.github/PULL_REQUEST_TEMPLATE*', '.github/PULL_REQUEST_TEMPLATE/**'] found in: /var/folders/cj/rh7njyk91lx4s79wxsflz3vw001y2r/T/tmpis26s2m9/trusted-firmware-a
WARNING reporter [FAIL] python-package-metadata-exists: No file matching ['setup.py', 'requirements.txt'] found in: /var/folders/cj/rh7njyk91lx4s79wxsflz3vw001y2r/T/tmpis26s2m9/trusted-firmware-a
::warning title=Policy Violation: changelog-file-exists::No file matching ['CHANGELOG*'] found in: /var/folders/cj/rh7njyk91lx4s79wxsflz3vw001y2r/T/tmp9v5thxdf/pkg-linux-qcom
::warning title=Policy Violation: test-directory-exists::No directory matching ['**/test*', '**/specs', '**/*test*'] found under /var/folders/cj/rh7njyk91lx4s79wxsflz3vw001y2r/T/tmp9v5thxdf/pkg-linux-qcom
::warning title=Policy Violation: source-qualcomm-license-headers-exist,file=.commitlintrc.js::Pattern '(Copyright|©).*Qualcomm Innovation Center, Inc|Qualcomm Technologies, Inc|Copyright (\\(c\\)|©) (20(1[2-9]|2[0-2])(-|,|\\s)*)+ The Linux Foundation' not found in .commitlintrc.js
::warning title=Policy Violation: github-issue-template-exists::No file matching ['ISSUE_TEMPLATE*', 'ISSUE_TEMPLATE/**', '.github/ISSUE_TEMPLATE*', '.github/ISSUE_TEMPLATE/**'] found in: /var/folders/cj/rh7njyk91lx4s79wxsflz3vw001y2r/T/tmpis26s2m9/trusted-firmware-a
::warning title=Policy Violation: github-pull-request-template-exists::No file matching ['PULL_REQUEST_TEMPLATE*', 'PULL_REQUEST_TEMPLATE/**', '.github/PULL_REQUEST_TEMPLATE*', '.github/PULL_REQUEST_TEMPLATE/**'] found in: /var/folders/cj/rh7njyk91lx4s79wxsflz3vw001y2r/T/tmpis26s2m9/trusted-firmware-a
::warning title=Policy Violation: python-package-metadata-exists::No file matching ['setup.py', 'requirements.txt'] found in: /var/folders/cj/rh7njyk91lx4s79wxsflz3vw001y2r/T/tmpis26s2m9/trusted-firmware-a
  [191/313] qualcomm-linux/pkg-linux-qcom: 1 discrepancies
WARNING reporter [FAIL] changelog-file-exists: No file matching ['CHANGELOG*'] found in: /var/folders/cj/rh7njyk91lx4s79wxsflz3vw001y2r/T/tmpoy5m7rva/apt-artifactory-action
WARNING reporter [FAIL] test-directory-exists: No directory matching ['**/test*', '**/specs', '**/*test*'] found under /var/folders/cj/rh7njyk91lx4s79wxsflz3vw001y2r/T/tmpoy5m7rva/apt-artifactory-action
::warning title=Policy Violation: changelog-file-exists::No file matching ['CHANGELOG*'] found in: /var/folders/cj/rh7njyk91lx4s79wxsflz3vw001y2r/T/tmpoy5m7rva/apt-artifactory-action
::warning title=Policy Violation: test-directory-exists::No directory matching ['**/test*', '**/specs', '**/*test*'] found under /var/folders/cj/rh7njyk91lx4s79wxsflz3vw001y2r/T/tmpoy5m7rva/apt-artifactory-action
  [192/313] qualcomm-linux/apt-artifactory-action: 1 discrepancies
WARNING reporter [FAIL] source-license-headers-exist: Pattern 'Copyright(\\s)*(\\(c\\)|©)?' not found in Platform/Intel/SimicsOpenBoardPkg/SimicsVideoDxe/VbeShim.h
WARNING reporter [FAIL] changelog-file-exists: No file matching ['CHANGELOG*'] found in: /var/folders/cj/rh7njyk91lx4s79wxsflz3vw001y2r/T/tmphb16s7hd/docker-pkg-build
WARNING reporter [FAIL] test-directory-exists: No directory matching ['**/test*', '**/specs', '**/*test*'] found under /var/folders/cj/rh7njyk91lx4s79wxsflz3vw001y2r/T/tmphb16s7hd/docker-pkg-build
WARNING reporter [FAIL] python-package-metadata-exists: No file matching ['setup.py', 'requirements.txt'] found in: /var/folders/cj/rh7njyk91lx4s79wxsflz3vw001y2r/T/tmphb16s7hd/docker-pkg-build
::error title=Policy Violation: source-license-headers-exist,file=Platform/Intel/SimicsOpenBoardPkg/SimicsVideoDxe/VbeShim.h::Pattern 'Copyright(\\s)*(\\(c\\)|©)?' not found in Platform/Intel/SimicsOpenBoardPkg/SimicsVideoDxe/VbeShim.h
::warning title=Policy Violation: changelog-file-exists::No file matching ['CHANGELOG*'] found in: /var/folders/cj/rh7njyk91lx4s79wxsflz3vw001y2r/T/tmphb16s7hd/docker-pkg-build
::warning title=Policy Violation: test-directory-exists::No directory matching ['**/test*', '**/specs', '**/*test*'] found under /var/folders/cj/rh7njyk91lx4s79wxsflz3vw001y2r/T/tmphb16s7hd/docker-pkg-build
::warning title=Policy Violation: python-package-metadata-exists::No file matching ['setup.py', 'requirements.txt'] found in: /var/folders/cj/rh7njyk91lx4s79wxsflz3vw001y2r/T/tmphb16s7hd/docker-pkg-build
  [193/313] qualcomm-linux/docker-pkg-build: 0 discrepancies
  [194/313] qualcomm-linux/trusted-firmware-a: 0 discrepancies
WARNING reporter [FAIL] changelog-file-exists: No file matching ['CHANGELOG*'] found in: /var/folders/cj/rh7njyk91lx4s79wxsflz3vw001y2r/T/tmpfrqwxhx4/pkg-adreno
WARNING reporter [FAIL] changelog-file-exists: No file matching ['CHANGELOG*'] found in: /var/folders/cj/rh7njyk91lx4s79wxsflz3vw001y2r/T/tmp__1rjz_z/abctl
WARNING reporter [FAIL] test-directory-exists: No directory matching ['**/test*', '**/specs', '**/*test*'] found under /var/folders/cj/rh7njyk91lx4s79wxsflz3vw001y2r/T/tmpfrqwxhx4/pkg-adreno
WARNING reporter [FAIL] test-directory-exists: No directory matching ['**/test*', '**/specs', '**/*test*'] found under /var/folders/cj/rh7njyk91lx4s79wxsflz3vw001y2r/T/tmp__1rjz_z/abctl
::warning title=Policy Violation: changelog-file-exists::No file matching ['CHANGELOG*'] found in: /var/folders/cj/rh7njyk91lx4s79wxsflz3vw001y2r/T/tmpfrqwxhx4/pkg-adreno
::warning title=Policy Violation: changelog-file-exists::No file matching ['CHANGELOG*'] found in: /var/folders/cj/rh7njyk91lx4s79wxsflz3vw001y2r/T/tmp__1rjz_z/abctl
::warning title=Policy Violation: test-directory-exists::No directory matching ['**/test*', '**/specs', '**/*test*'] found under /var/folders/cj/rh7njyk91lx4s79wxsflz3vw001y2r/T/tmpfrqwxhx4/pkg-adreno
::warning title=Policy Violation: test-directory-exists::No directory matching ['**/test*', '**/specs', '**/*test*'] found under /var/folders/cj/rh7njyk91lx4s79wxsflz3vw001y2r/T/tmp__1rjz_z/abctl
  [195/313] qualcomm-linux/pkg-adreno: 1 discrepancies
  [196/313] qualcomm-linux/abctl: 1 discrepancies
WARNING reporter [FAIL] changelog-file-exists: No file matching ['CHANGELOG*'] found in: /var/folders/cj/rh7njyk91lx4s79wxsflz3vw001y2r/T/tmp_jukbuqt/pkg-gst-plugins-imsdk
WARNING reporter [FAIL] test-directory-exists: No directory matching ['**/test*', '**/specs', '**/*test*'] found under /var/folders/cj/rh7njyk91lx4s79wxsflz3vw001y2r/T/tmp_jukbuqt/pkg-gst-plugins-imsdk
WARNING reporter [FAIL] changelog-file-exists: No file matching ['CHANGELOG*'] found in: /var/folders/cj/rh7njyk91lx4s79wxsflz3vw001y2r/T/tmp9xgrrrwq/pkg-camera-service
WARNING reporter [FAIL] test-directory-exists: No directory matching ['**/test*', '**/specs', '**/*test*'] found under /var/folders/cj/rh7njyk91lx4s79wxsflz3vw001y2r/T/tmp9xgrrrwq/pkg-camera-service
::warning title=Policy Violation: changelog-file-exists::No file matching ['CHANGELOG*'] found in: /var/folders/cj/rh7njyk91lx4s79wxsflz3vw001y2r/T/tmp_jukbuqt/pkg-gst-plugins-imsdk
::warning title=Policy Violation: test-directory-exists::No directory matching ['**/test*', '**/specs', '**/*test*'] found under /var/folders/cj/rh7njyk91lx4s79wxsflz3vw001y2r/T/tmp_jukbuqt/pkg-gst-plugins-imsdk
::warning title=Policy Violation: changelog-file-exists::No file matching ['CHANGELOG*'] found in: /var/folders/cj/rh7njyk91lx4s79wxsflz3vw001y2r/T/tmp9xgrrrwq/pkg-camera-service
::warning title=Policy Violation: test-directory-exists::No directory matching ['**/test*', '**/specs', '**/*test*'] found under /var/folders/cj/rh7njyk91lx4s79wxsflz3vw001y2r/T/tmp9xgrrrwq/pkg-camera-service
  [197/313] qualcomm-linux/edk2: 1 discrepancies
  [198/313] qualcomm-linux/pkg-gst-plugins-imsdk: 1 discrepancies
  [199/313] qualcomm-linux/pkg-camera-service: 1 discrepancies
WARNING reporter [FAIL] contributing-file-exists: No file matching ['{docs/,.github/,}CONTRIB*'] found in: /var/folders/cj/rh7njyk91lx4s79wxsflz3vw001y2r/T/tmpmg9l03s1/meta-qcom-releases
WARNING reporter [FAIL] contributing-file-exists: No file matching ['{docs/,.github/,}CONTRIB*'] found in: /var/folders/cj/rh7njyk91lx4s79wxsflz3vw001y2r/T/tmp0_1j18kz/meta-qcom-extras-releases
WARNING reporter [FAIL] code-of-conduct-file-exists: No file matching ['{docs/,.github/,}CODEOFCONDUCT*', '{docs/,.github/,}CODE-OF-CONDUCT*', '{docs/,.github/,}CODE_OF_CONDUCT*'] found in: /var/folders/cj/rh7njyk91lx4s79wxsflz3vw001y2r/T/tmpmg9l03s1/meta-qcom-releases
WARNING reporter [FAIL] changelog-file-exists: No file matching ['CHANGELOG*'] found in: /var/folders/cj/rh7njyk91lx4s79wxsflz3vw001y2r/T/tmpmg9l03s1/meta-qcom-releases
WARNING reporter [FAIL] code-of-conduct-file-exists: No file matching ['{docs/,.github/,}CODEOFCONDUCT*', '{docs/,.github/,}CODE-OF-CONDUCT*', '{docs/,.github/,}CODE_OF_CONDUCT*'] found in: /var/folders/cj/rh7njyk91lx4s79wxsflz3vw001y2r/T/tmp0_1j18kz/meta-qcom-extras-releases
WARNING reporter [FAIL] changelog-file-exists: No file matching ['CHANGELOG*'] found in: /var/folders/cj/rh7njyk91lx4s79wxsflz3vw001y2r/T/tmp0_1j18kz/meta-qcom-extras-releases
WARNING reporter [FAIL] test-directory-exists: No directory matching ['**/test*', '**/specs', '**/*test*'] found under /var/folders/cj/rh7njyk91lx4s79wxsflz3vw001y2r/T/tmpmg9l03s1/meta-qcom-releases
WARNING reporter [FAIL] test-directory-exists: No directory matching ['**/test*', '**/specs', '**/*test*'] found under /var/folders/cj/rh7njyk91lx4s79wxsflz3vw001y2r/T/tmp0_1j18kz/meta-qcom-extras-releases
WARNING reporter [FAIL] changelog-file-exists: No file matching ['CHANGELOG*'] found in: /var/folders/cj/rh7njyk91lx4s79wxsflz3vw001y2r/T/tmp2bhafkpf/display-driver
::warning title=Policy Violation: contributing-file-exists::No file matching ['{docs/,.github/,}CONTRIB*'] found in: /var/folders/cj/rh7njyk91lx4s79wxsflz3vw001y2r/T/tmpmg9l03s1/meta-qcom-releases
::warning title=Policy Violation: contributing-file-exists::No file matching ['{docs/,.github/,}CONTRIB*'] found in: /var/folders/cj/rh7njyk91lx4s79wxsflz3vw001y2r/T/tmp0_1j18kz/meta-qcom-extras-releases
::warning title=Policy Violation: code-of-conduct-file-exists::No file matching ['{docs/,.github/,}CODEOFCONDUCT*', '{docs/,.github/,}CODE-OF-CONDUCT*', '{docs/,.github/,}CODE_OF_CONDUCT*'] found in: /var/folders/cj/rh7njyk91lx4s79wxsflz3vw001y2r/T/tmpmg9l03s1/meta-qcom-releases
::warning title=Policy Violation: changelog-file-exists::No file matching ['CHANGELOG*'] found in: /var/folders/cj/rh7njyk91lx4s79wxsflz3vw001y2r/T/tmpmg9l03s1/meta-qcom-releases
::warning title=Policy Violation: code-of-conduct-file-exists::No file matching ['{docs/,.github/,}CODEOFCONDUCT*', '{docs/,.github/,}CODE-OF-CONDUCT*', '{docs/,.github/,}CODE_OF_CONDUCT*'] found in: /var/folders/cj/rh7njyk91lx4s79wxsflz3vw001y2r/T/tmp0_1j18kz/meta-qcom-extras-releases
::warning title=Policy Violation: changelog-file-exists::No file matching ['CHANGELOG*'] found in: /var/folders/cj/rh7njyk91lx4s79wxsflz3vw001y2r/T/tmp0_1j18kz/meta-qcom-extras-releases
::warning title=Policy Violation: test-directory-exists::No directory matching ['**/test*', '**/specs', '**/*test*'] found under /var/folders/cj/rh7njyk91lx4s79wxsflz3vw001y2r/T/tmpmg9l03s1/meta-qcom-releases
::warning title=Policy Violation: test-directory-exists::No directory matching ['**/test*', '**/specs', '**/*test*'] found under /var/folders/cj/rh7njyk91lx4s79wxsflz3vw001y2r/T/tmp0_1j18kz/meta-qcom-extras-releases
::warning title=Policy Violation: changelog-file-exists::No file matching ['CHANGELOG*'] found in: /var/folders/cj/rh7njyk91lx4s79wxsflz3vw001y2r/T/tmp2bhafkpf/display-driver
  [200/313] qualcomm-linux/meta-qcom-extras-releases: 1 discrepancies
  [201/313] qualcomm-linux/meta-qcom-releases: 1 discrepancies
WARNING reporter [FAIL] changelog-file-exists: No file matching ['CHANGELOG*'] found in: /var/folders/cj/rh7njyk91lx4s79wxsflz3vw001y2r/T/tmpgm3nja8m/gbm-msm-backend
WARNING reporter [FAIL] changelog-file-exists: No file matching ['CHANGELOG*'] found in: /var/folders/cj/rh7njyk91lx4s79wxsflz3vw001y2r/T/tmptqxcaq4l/pkg-sensinghub
WARNING reporter [FAIL] test-directory-exists: No directory matching ['**/test*', '**/specs', '**/*test*'] found under /var/folders/cj/rh7njyk91lx4s79wxsflz3vw001y2r/T/tmptqxcaq4l/pkg-sensinghub
WARNING reporter [FAIL] test-directory-exists: No directory matching ['**/test*', '**/specs', '**/*test*'] found under /var/folders/cj/rh7njyk91lx4s79wxsflz3vw001y2r/T/tmpgm3nja8m/gbm-msm-backend
WARNING reporter [FAIL] test-directory-exists: No directory matching ['**/test*', '**/specs', '**/*test*'] found under /var/folders/cj/rh7njyk91lx4s79wxsflz3vw001y2r/T/tmp2bhafkpf/display-driver
WARNING reporter [FAIL] source-qualcomm-license-headers-exist: Pattern '(Copyright|©).*Qualcomm Innovation Center, Inc|Qualcomm Technologies, Inc|Copyright (\\(c\\)|©) (20(1[2-9]|2[0-2])(-|,|\\s)*)+ The Linux Foundation' not found in external/gbm_backend_abi.h
WARNING reporter [FAIL] source-license-headers-exist: Pattern 'SPDX-License-Identifier|Redistribution and use in source and binary forms, with or without' not found in display_kernel_headers.py
WARNING reporter [FAIL] source-qualcomm-license-headers-exist: Pattern '(Copyright|©).*Qualcomm Innovation Center, Inc|Qualcomm Technologies, Inc|Copyright (\\(c\\)|©) (20(1[2-9]|2[0-2])(-|,|\\s)*)+ The Linux Foundation' not found in msm/msm_gem.h
::warning title=Policy Violation: changelog-file-exists::No file matching ['CHANGELOG*'] found in: /var/folders/cj/rh7njyk91lx4s79wxsflz3vw001y2r/T/tmpgm3nja8m/gbm-msm-backend
::warning title=Policy Violation: changelog-file-exists::No file matching ['CHANGELOG*'] found in: /var/folders/cj/rh7njyk91lx4s79wxsflz3vw001y2r/T/tmptqxcaq4l/pkg-sensinghub
::warning title=Policy Violation: test-directory-exists::No directory matching ['**/test*', '**/specs', '**/*test*'] found under /var/folders/cj/rh7njyk91lx4s79wxsflz3vw001y2r/T/tmptqxcaq4l/pkg-sensinghub
::warning title=Policy Violation: test-directory-exists::No directory matching ['**/test*', '**/specs', '**/*test*'] found under /var/folders/cj/rh7njyk91lx4s79wxsflz3vw001y2r/T/tmpgm3nja8m/gbm-msm-backend
::warning title=Policy Violation: test-directory-exists::No directory matching ['**/test*', '**/specs', '**/*test*'] found under /var/folders/cj/rh7njyk91lx4s79wxsflz3vw001y2r/T/tmp2bhafkpf/display-driver
::warning title=Policy Violation: source-qualcomm-license-headers-exist,file=external/gbm_backend_abi.h::Pattern '(Copyright|©).*Qualcomm Innovation Center, Inc|Qualcomm Technologies, Inc|Copyright (\\(c\\)|©) (20(1[2-9]|2[0-2])(-|,|\\s)*)+ The Linux Foundation' not found in external/gbm_backend_abi.h
::error title=Policy Violation: source-license-headers-exist,file=display_kernel_headers.py::Pattern 'SPDX-License-Identifier|Redistribution and use in source and binary forms, with or without' not found in display_kernel_headers.py
::warning title=Policy Violation: source-qualcomm-license-headers-exist,file=msm/msm_gem.h::Pattern '(Copyright|©).*Qualcomm Innovation Center, Inc|Qualcomm Technologies, Inc|Copyright (\\(c\\)|©) (20(1[2-9]|2[0-2])(-|,|\\s)*)+ The Linux Foundation' not found in msm/msm_gem.h
  [202/313] qualcomm-linux/gbm-msm-backend: 0 discrepancies
  [203/313] qualcomm-linux/pkg-sensinghub: 1 discrepancies
  [204/313] qualcomm-linux/display-driver: 1 discrepancies
WARNING reporter [FAIL] changelog-file-exists: No file matching ['CHANGELOG*'] found in: /var/folders/cj/rh7njyk91lx4s79wxsflz3vw001y2r/T/tmpygejdmt8/pkg-qcom-fastcv-binaries
WARNING reporter [FAIL] changelog-file-exists: No file matching ['CHANGELOG*'] found in: /var/folders/cj/rh7njyk91lx4s79wxsflz3vw001y2r/T/tmp9szfj5u5/pkg-gbm-msm-backend
WARNING reporter [FAIL] test-directory-exists: No directory matching ['**/test*', '**/specs', '**/*test*'] found under /var/folders/cj/rh7njyk91lx4s79wxsflz3vw001y2r/T/tmpygejdmt8/pkg-qcom-fastcv-binaries
WARNING reporter [FAIL] test-directory-exists: No directory matching ['**/test*', '**/specs', '**/*test*'] found under /var/folders/cj/rh7njyk91lx4s79wxsflz3vw001y2r/T/tmp9szfj5u5/pkg-gbm-msm-backend
WARNING reporter [FAIL] changelog-file-exists: No file matching ['CHANGELOG*'] found in: /var/folders/cj/rh7njyk91lx4s79wxsflz3vw001y2r/T/tmpml2oki5k/pkg-qmi-framework
WARNING reporter [FAIL] test-directory-exists: No directory matching ['**/test*', '**/specs', '**/*test*'] found under /var/folders/cj/rh7njyk91lx4s79wxsflz3vw001y2r/T/tmpml2oki5k/pkg-qmi-framework
::warning title=Policy Violation: changelog-file-exists::No file matching ['CHANGELOG*'] found in: /var/folders/cj/rh7njyk91lx4s79wxsflz3vw001y2r/T/tmpygejdmt8/pkg-qcom-fastcv-binaries
::warning title=Policy Violation: changelog-file-exists::No file matching ['CHANGELOG*'] found in: /var/folders/cj/rh7njyk91lx4s79wxsflz3vw001y2r/T/tmp9szfj5u5/pkg-gbm-msm-backend
::warning title=Policy Violation: test-directory-exists::No directory matching ['**/test*', '**/specs', '**/*test*'] found under /var/folders/cj/rh7njyk91lx4s79wxsflz3vw001y2r/T/tmpygejdmt8/pkg-qcom-fastcv-binaries
::warning title=Policy Violation: test-directory-exists::No directory matching ['**/test*', '**/specs', '**/*test*'] found under /var/folders/cj/rh7njyk91lx4s79wxsflz3vw001y2r/T/tmp9szfj5u5/pkg-gbm-msm-backend
::warning title=Policy Violation: changelog-file-exists::No file matching ['CHANGELOG*'] found in: /var/folders/cj/rh7njyk91lx4s79wxsflz3vw001y2r/T/tmpml2oki5k/pkg-qmi-framework
::warning title=Policy Violation: test-directory-exists::No directory matching ['**/test*', '**/specs', '**/*test*'] found under /var/folders/cj/rh7njyk91lx4s79wxsflz3vw001y2r/T/tmpml2oki5k/pkg-qmi-framework
  [205/313] qualcomm-linux/pkg-qcom-fastcv-binaries: 1 discrepancies
  [206/313] qualcomm-linux/pkg-gbm-msm-backend: 1 discrepancies
  [207/313] qualcomm-linux/pkg-qmi-framework: 1 discrepancies
WARNING reporter [FAIL] changelog-file-exists: No file matching ['CHANGELOG*'] found in: /var/folders/cj/rh7njyk91lx4s79wxsflz3vw001y2r/T/tmpg0jamgme/pkg-time-services
WARNING reporter [FAIL] test-directory-exists: No directory matching ['**/test*', '**/specs', '**/*test*'] found under /var/folders/cj/rh7njyk91lx4s79wxsflz3vw001y2r/T/tmpg0jamgme/pkg-time-services
WARNING reporter [FAIL] changelog-file-exists: No file matching ['CHANGELOG*'] found in: /var/folders/cj/rh7njyk91lx4s79wxsflz3vw001y2r/T/tmprw9urt5o/pkg-quic-teec
WARNING reporter [FAIL] test-directory-exists: No directory matching ['**/test*', '**/specs', '**/*test*'] found under /var/folders/cj/rh7njyk91lx4s79wxsflz3vw001y2r/T/tmprw9urt5o/pkg-quic-teec
WARNING reporter [FAIL] changelog-file-exists: No file matching ['CHANGELOG*'] found in: /var/folders/cj/rh7njyk91lx4s79wxsflz3vw001y2r/T/tmpg15002ry/pkg-minkipc
WARNING reporter [FAIL] test-directory-exists: No directory matching ['**/test*', '**/specs', '**/*test*'] found under /var/folders/cj/rh7njyk91lx4s79wxsflz3vw001y2r/T/tmpg15002ry/pkg-minkipc
::warning title=Policy Violation: changelog-file-exists::No file matching ['CHANGELOG*'] found in: /var/folders/cj/rh7njyk91lx4s79wxsflz3vw001y2r/T/tmpg0jamgme/pkg-time-services
::warning title=Policy Violation: test-directory-exists::No directory matching ['**/test*', '**/specs', '**/*test*'] found under /var/folders/cj/rh7njyk91lx4s79wxsflz3vw001y2r/T/tmpg0jamgme/pkg-time-services
::warning title=Policy Violation: changelog-file-exists::No file matching ['CHANGELOG*'] found in: /var/folders/cj/rh7njyk91lx4s79wxsflz3vw001y2r/T/tmprw9urt5o/pkg-quic-teec
::warning title=Policy Violation: test-directory-exists::No directory matching ['**/test*', '**/specs', '**/*test*'] found under /var/folders/cj/rh7njyk91lx4s79wxsflz3vw001y2r/T/tmprw9urt5o/pkg-quic-teec
::warning title=Policy Violation: changelog-file-exists::No file matching ['CHANGELOG*'] found in: /var/folders/cj/rh7njyk91lx4s79wxsflz3vw001y2r/T/tmpg15002ry/pkg-minkipc
::warning title=Policy Violation: test-directory-exists::No directory matching ['**/test*', '**/specs', '**/*test*'] found under /var/folders/cj/rh7njyk91lx4s79wxsflz3vw001y2r/T/tmpg15002ry/pkg-minkipc
  [208/313] qualcomm-linux/pkg-time-services: 1 discrepancies
  [209/313] qualcomm-linux/pkg-quic-teec: 1 discrepancies
  [210/313] qualcomm-linux/pkg-minkipc: 1 discrepancies
WARNING reporter [FAIL] changelog-file-exists: No file matching ['CHANGELOG*'] found in: /var/folders/cj/rh7njyk91lx4s79wxsflz3vw001y2r/T/tmpkkw__z6o/debusine-action
WARNING reporter [FAIL] changelog-file-exists: No file matching ['CHANGELOG*'] found in: /var/folders/cj/rh7njyk91lx4s79wxsflz3vw001y2r/T/tmpcc_y3oex/meta-ai
WARNING reporter [FAIL] test-directory-exists: No directory matching ['**/test*', '**/specs', '**/*test*'] found under /var/folders/cj/rh7njyk91lx4s79wxsflz3vw001y2r/T/tmpcc_y3oex/meta-ai
WARNING reporter [FAIL] test-directory-exists: No directory matching ['**/test*', '**/specs', '**/*test*'] found under /var/folders/cj/rh7njyk91lx4s79wxsflz3vw001y2r/T/tmp3ld28ft9/Robotics-SDK-Ubuntu
WARNING reporter [FAIL] python-package-metadata-exists: No file matching ['setup.py', 'requirements.txt'] found in: /var/folders/cj/rh7njyk91lx4s79wxsflz3vw001y2r/T/tmpkkw__z6o/debusine-action
::warning title=Policy Violation: changelog-file-exists::No file matching ['CHANGELOG*'] found in: /var/folders/cj/rh7njyk91lx4s79wxsflz3vw001y2r/T/tmpkkw__z6o/debusine-action
::warning title=Policy Violation: changelog-file-exists::No file matching ['CHANGELOG*'] found in: /var/folders/cj/rh7njyk91lx4s79wxsflz3vw001y2r/T/tmpcc_y3oex/meta-ai
::warning title=Policy Violation: test-directory-exists::No directory matching ['**/test*', '**/specs', '**/*test*'] found under /var/folders/cj/rh7njyk91lx4s79wxsflz3vw001y2r/T/tmpcc_y3oex/meta-ai
::warning title=Policy Violation: test-directory-exists::No directory matching ['**/test*', '**/specs', '**/*test*'] found under /var/folders/cj/rh7njyk91lx4s79wxsflz3vw001y2r/T/tmp3ld28ft9/Robotics-SDK-Ubuntu
::warning title=Policy Violation: python-package-metadata-exists::No file matching ['setup.py', 'requirements.txt'] found in: /var/folders/cj/rh7njyk91lx4s79wxsflz3vw001y2r/T/tmpkkw__z6o/debusine-action
  [211/313] qualcomm-linux/debusine-action: 0 discrepancies
  [212/313] qualcomm-linux/meta-ai: 0 discrepancies
  [213/313] qualcomm-linux/Robotics-SDK-Ubuntu: 0 discrepancies
WARNING reporter [FAIL] changelog-file-exists: No file matching ['CHANGELOG*'] found in: /var/folders/cj/rh7njyk91lx4s79wxsflz3vw001y2r/T/tmp5apziy54/pkg-audioreach-conf
WARNING reporter [FAIL] test-directory-exists: No directory matching ['**/test*', '**/specs', '**/*test*'] found under /var/folders/cj/rh7njyk91lx4s79wxsflz3vw001y2r/T/tmp5apziy54/pkg-audioreach-conf
WARNING reporter [FAIL] changelog-file-exists: No file matching ['CHANGELOG*'] found in: /var/folders/cj/rh7njyk91lx4s79wxsflz3vw001y2r/T/tmpei7kmdc0/pkg-kgsl
WARNING reporter [FAIL] contributing-file-exists: No file matching ['{docs/,.github/,}CONTRIB*'] found in: /var/folders/cj/rh7njyk91lx4s79wxsflz3vw001y2r/T/tmp66isbetu/meta-qcom-robotics-releases
WARNING reporter [FAIL] test-directory-exists: No directory matching ['**/test*', '**/specs', '**/*test*'] found under /var/folders/cj/rh7njyk91lx4s79wxsflz3vw001y2r/T/tmpei7kmdc0/pkg-kgsl
WARNING reporter [FAIL] code-of-conduct-file-exists: No file matching ['{docs/,.github/,}CODEOFCONDUCT*', '{docs/,.github/,}CODE-OF-CONDUCT*', '{docs/,.github/,}CODE_OF_CONDUCT*'] found in: /var/folders/cj/rh7njyk91lx4s79wxsflz3vw001y2r/T/tmp66isbetu/meta-qcom-robotics-releases
WARNING reporter [FAIL] changelog-file-exists: No file matching ['CHANGELOG*'] found in: /var/folders/cj/rh7njyk91lx4s79wxsflz3vw001y2r/T/tmp66isbetu/meta-qcom-robotics-releases
WARNING reporter [FAIL] test-directory-exists: No directory matching ['**/test*', '**/specs', '**/*test*'] found under /var/folders/cj/rh7njyk91lx4s79wxsflz3vw001y2r/T/tmp66isbetu/meta-qcom-robotics-releases
WARNING reporter [FAIL] source-qualcomm-license-headers-exist: Pattern '(Copyright|©).*Qualcomm Innovation Center, Inc|Qualcomm Technologies, Inc|Copyright (\\(c\\)|©) (20(1[2-9]|2[0-2])(-|,|\\s)*)+ The Linux Foundation' not found in Drivers/ASIX/Bus/Usb/UsbNetworking/Ax88179/Ax88179.c
WARNING reporter [FAIL] github-pull-request-template-exists: No file matching ['PULL_REQUEST_TEMPLATE*', 'PULL_REQUEST_TEMPLATE/**', '.github/PULL_REQUEST_TEMPLATE*', '.github/PULL_REQUEST_TEMPLATE/**'] found in: /var/folders/cj/rh7njyk91lx4s79wxsflz3vw001y2r/T/tmpq0lra0cu/edk2-platforms
WARNING reporter [FAIL] python-package-metadata-exists: No file matching ['setup.py', 'requirements.txt'] found in: /var/folders/cj/rh7njyk91lx4s79wxsflz3vw001y2r/T/tmpq0lra0cu/edk2-platforms
::warning title=Policy Violation: changelog-file-exists::No file matching ['CHANGELOG*'] found in: /var/folders/cj/rh7njyk91lx4s79wxsflz3vw001y2r/T/tmp5apziy54/pkg-audioreach-conf
::warning title=Policy Violation: test-directory-exists::No directory matching ['**/test*', '**/specs', '**/*test*'] found under /var/folders/cj/rh7njyk91lx4s79wxsflz3vw001y2r/T/tmp5apziy54/pkg-audioreach-conf
::warning title=Policy Violation: changelog-file-exists::No file matching ['CHANGELOG*'] found in: /var/folders/cj/rh7njyk91lx4s79wxsflz3vw001y2r/T/tmpei7kmdc0/pkg-kgsl
::warning title=Policy Violation: contributing-file-exists::No file matching ['{docs/,.github/,}CONTRIB*'] found in: /var/folders/cj/rh7njyk91lx4s79wxsflz3vw001y2r/T/tmp66isbetu/meta-qcom-robotics-releases
::warning title=Policy Violation: test-directory-exists::No directory matching ['**/test*', '**/specs', '**/*test*'] found under /var/folders/cj/rh7njyk91lx4s79wxsflz3vw001y2r/T/tmpei7kmdc0/pkg-kgsl
::warning title=Policy Violation: code-of-conduct-file-exists::No file matching ['{docs/,.github/,}CODEOFCONDUCT*', '{docs/,.github/,}CODE-OF-CONDUCT*', '{docs/,.github/,}CODE_OF_CONDUCT*'] found in: /var/folders/cj/rh7njyk91lx4s79wxsflz3vw001y2r/T/tmp66isbetu/meta-qcom-robotics-releases
::warning title=Policy Violation: changelog-file-exists::No file matching ['CHANGELOG*'] found in: /var/folders/cj/rh7njyk91lx4s79wxsflz3vw001y2r/T/tmp66isbetu/meta-qcom-robotics-releases
::warning title=Policy Violation: test-directory-exists::No directory matching ['**/test*', '**/specs', '**/*test*'] found under /var/folders/cj/rh7njyk91lx4s79wxsflz3vw001y2r/T/tmp66isbetu/meta-qcom-robotics-releases
::warning title=Policy Violation: source-qualcomm-license-headers-exist,file=Drivers/ASIX/Bus/Usb/UsbNetworking/Ax88179/Ax88179.c::Pattern '(Copyright|©).*Qualcomm Innovation Center, Inc|Qualcomm Technologies, Inc|Copyright (\\(c\\)|©) (20(1[2-9]|2[0-2])(-|,|\\s)*)+ The Linux Foundation' not found in Drivers/ASIX/Bus/Usb/UsbNetworking/Ax88179/Ax88179.c
::warning title=Policy Violation: github-pull-request-template-exists::No file matching ['PULL_REQUEST_TEMPLATE*', 'PULL_REQUEST_TEMPLATE/**', '.github/PULL_REQUEST_TEMPLATE*', '.github/PULL_REQUEST_TEMPLATE/**'] found in: /var/folders/cj/rh7njyk91lx4s79wxsflz3vw001y2r/T/tmpq0lra0cu/edk2-platforms
::warning title=Policy Violation: python-package-metadata-exists::No file matching ['setup.py', 'requirements.txt'] found in: /var/folders/cj/rh7njyk91lx4s79wxsflz3vw001y2r/T/tmpq0lra0cu/edk2-platforms
  [214/313] qualcomm-linux/pkg-audioreach-conf: 1 discrepancies
  [215/313] qualcomm-linux/pkg-kgsl: 1 discrepancies
  [216/313] qualcomm-linux/meta-qcom-robotics-releases: 1 discrepancies
WARNING reporter [FAIL] changelog-file-exists: No file matching ['CHANGELOG*'] found in: /var/folders/cj/rh7njyk91lx4s79wxsflz3vw001y2r/T/tmpdycapy1i/pkg-urm
WARNING reporter [FAIL] changelog-file-exists: No file matching ['CHANGELOG*'] found in: /var/folders/cj/rh7njyk91lx4s79wxsflz3vw001y2r/T/tmpprdt2w1q/pkg-linux-qcom-canonical
WARNING reporter [FAIL] test-directory-exists: No directory matching ['**/test*', '**/specs', '**/*test*'] found under /var/folders/cj/rh7njyk91lx4s79wxsflz3vw001y2r/T/tmpdycapy1i/pkg-urm
WARNING reporter [FAIL] test-directory-exists: No directory matching ['**/test*', '**/specs', '**/*test*'] found under /var/folders/cj/rh7njyk91lx4s79wxsflz3vw001y2r/T/tmpprdt2w1q/pkg-linux-qcom-canonical
WARNING reporter [FAIL] changelog-file-exists: No file matching ['CHANGELOG*'] found in: /var/folders/cj/rh7njyk91lx4s79wxsflz3vw001y2r/T/tmpya841b3f/pkg-mink-idl-compiler
WARNING reporter [FAIL] test-directory-exists: No directory matching ['**/test*', '**/specs', '**/*test*'] found under /var/folders/cj/rh7njyk91lx4s79wxsflz3vw001y2r/T/tmpya841b3f/pkg-mink-idl-compiler
::warning title=Policy Violation: changelog-file-exists::No file matching ['CHANGELOG*'] found in: /var/folders/cj/rh7njyk91lx4s79wxsflz3vw001y2r/T/tmpdycapy1i/pkg-urm
::warning title=Policy Violation: changelog-file-exists::No file matching ['CHANGELOG*'] found in: /var/folders/cj/rh7njyk91lx4s79wxsflz3vw001y2r/T/tmpprdt2w1q/pkg-linux-qcom-canonical
::warning title=Policy Violation: test-directory-exists::No directory matching ['**/test*', '**/specs', '**/*test*'] found under /var/folders/cj/rh7njyk91lx4s79wxsflz3vw001y2r/T/tmpdycapy1i/pkg-urm
::warning title=Policy Violation: test-directory-exists::No directory matching ['**/test*', '**/specs', '**/*test*'] found under /var/folders/cj/rh7njyk91lx4s79wxsflz3vw001y2r/T/tmpprdt2w1q/pkg-linux-qcom-canonical
::warning title=Policy Violation: changelog-file-exists::No file matching ['CHANGELOG*'] found in: /var/folders/cj/rh7njyk91lx4s79wxsflz3vw001y2r/T/tmpya841b3f/pkg-mink-idl-compiler
::warning title=Policy Violation: test-directory-exists::No directory matching ['**/test*', '**/specs', '**/*test*'] found under /var/folders/cj/rh7njyk91lx4s79wxsflz3vw001y2r/T/tmpya841b3f/pkg-mink-idl-compiler
  [217/313] qualcomm-linux/pkg-urm: 1 discrepancies
  [218/313] qualcomm-linux/pkg-linux-qcom-canonical: 0 discrepancies
  [219/313] qualcomm-linux/pkg-mink-idl-compiler: 1 discrepancies
WARNING reporter [FAIL] changelog-file-exists: No file matching ['CHANGELOG*'] found in: /var/folders/cj/rh7njyk91lx4s79wxsflz3vw001y2r/T/tmp8x4t3t7l/pkg-camx-dkms
WARNING reporter [FAIL] test-directory-exists: No directory matching ['**/test*', '**/specs', '**/*test*'] found under /var/folders/cj/rh7njyk91lx4s79wxsflz3vw001y2r/T/tmp8x4t3t7l/pkg-camx-dkms
WARNING reporter [FAIL] changelog-file-exists: No file matching ['CHANGELOG*'] found in: /var/folders/cj/rh7njyk91lx4s79wxsflz3vw001y2r/T/tmp1jy0t6ul/pkg-video-driver
WARNING reporter [FAIL] changelog-file-exists: No file matching ['CHANGELOG*'] found in: /var/folders/cj/rh7njyk91lx4s79wxsflz3vw001y2r/T/tmp0v5rxz4d/pkg-urm-ext
WARNING reporter [FAIL] test-directory-exists: No directory matching ['**/test*', '**/specs', '**/*test*'] found under /var/folders/cj/rh7njyk91lx4s79wxsflz3vw001y2r/T/tmp1jy0t6ul/pkg-video-driver
WARNING reporter [FAIL] test-directory-exists: No directory matching ['**/test*', '**/specs', '**/*test*'] found under /var/folders/cj/rh7njyk91lx4s79wxsflz3vw001y2r/T/tmp0v5rxz4d/pkg-urm-ext
::warning title=Policy Violation: changelog-file-exists::No file matching ['CHANGELOG*'] found in: /var/folders/cj/rh7njyk91lx4s79wxsflz3vw001y2r/T/tmp8x4t3t7l/pkg-camx-dkms
::warning title=Policy Violation: test-directory-exists::No directory matching ['**/test*', '**/specs', '**/*test*'] found under /var/folders/cj/rh7njyk91lx4s79wxsflz3vw001y2r/T/tmp8x4t3t7l/pkg-camx-dkms
::warning title=Policy Violation: changelog-file-exists::No file matching ['CHANGELOG*'] found in: /var/folders/cj/rh7njyk91lx4s79wxsflz3vw001y2r/T/tmp1jy0t6ul/pkg-video-driver
::warning title=Policy Violation: changelog-file-exists::No file matching ['CHANGELOG*'] found in: /var/folders/cj/rh7njyk91lx4s79wxsflz3vw001y2r/T/tmp0v5rxz4d/pkg-urm-ext
::warning title=Policy Violation: test-directory-exists::No directory matching ['**/test*', '**/specs', '**/*test*'] found under /var/folders/cj/rh7njyk91lx4s79wxsflz3vw001y2r/T/tmp1jy0t6ul/pkg-video-driver
::warning title=Policy Violation: test-directory-exists::No directory matching ['**/test*', '**/specs', '**/*test*'] found under /var/folders/cj/rh7njyk91lx4s79wxsflz3vw001y2r/T/tmp0v5rxz4d/pkg-urm-ext
  [220/313] qualcomm-linux/pkg-camx-dkms: 1 discrepancies
  [221/313] qualcomm-linux/pkg-video-driver: 1 discrepancies
  [222/313] qualcomm-linux/pkg-urm-ext: 1 discrepancies
WARNING reporter [FAIL] changelog-file-exists: No file matching ['CHANGELOG*'] found in: /var/folders/cj/rh7njyk91lx4s79wxsflz3vw001y2r/T/tmpwaaug243/pkg-diag-router
WARNING reporter [FAIL] changelog-file-exists: No file matching ['CHANGELOG*'] found in: /var/folders/cj/rh7njyk91lx4s79wxsflz3vw001y2r/T/tmpmmr2gixn/pkg-libdiag
WARNING reporter [FAIL] test-directory-exists: No directory matching ['**/test*', '**/specs', '**/*test*'] found under /var/folders/cj/rh7njyk91lx4s79wxsflz3vw001y2r/T/tmpwaaug243/pkg-diag-router
WARNING reporter [FAIL] readme-references-license: Pattern 'license|notice' not found in README.md
WARNING reporter [FAIL] test-directory-exists: No directory matching ['**/test*', '**/specs', '**/*test*'] found under /var/folders/cj/rh7njyk91lx4s79wxsflz3vw001y2r/T/tmpmmr2gixn/pkg-libdiag
WARNING reporter [FAIL] changelog-file-exists: No file matching ['CHANGELOG*'] found in: /var/folders/cj/rh7njyk91lx4s79wxsflz3vw001y2r/T/tmpp91qx3ts/qcom-sec-tools-wrapper
WARNING reporter [FAIL] binaries-not-present: Binary file found (MIME: application/x-executable): bin/pil-squasher
WARNING reporter [FAIL] test-directory-exists: No directory matching ['**/test*', '**/specs', '**/*test*'] found under /var/folders/cj/rh7njyk91lx4s79wxsflz3vw001y2r/T/tmpp91qx3ts/qcom-sec-tools-wrapper
WARNING reporter [FAIL] github-issue-template-exists: No file matching ['ISSUE_TEMPLATE*', 'ISSUE_TEMPLATE/**', '.github/ISSUE_TEMPLATE*', '.github/ISSUE_TEMPLATE/**'] found in: /var/folders/cj/rh7njyk91lx4s79wxsflz3vw001y2r/T/tmpp91qx3ts/qcom-sec-tools-wrapper
WARNING reporter [FAIL] github-pull-request-template-exists: No file matching ['PULL_REQUEST_TEMPLATE*', 'PULL_REQUEST_TEMPLATE/**', '.github/PULL_REQUEST_TEMPLATE*', '.github/PULL_REQUEST_TEMPLATE/**'] found in: /var/folders/cj/rh7njyk91lx4s79wxsflz3vw001y2r/T/tmpp91qx3ts/qcom-sec-tools-wrapper
::warning title=Policy Violation: changelog-file-exists::No file matching ['CHANGELOG*'] found in: /var/folders/cj/rh7njyk91lx4s79wxsflz3vw001y2r/T/tmpwaaug243/pkg-diag-router
::warning title=Policy Violation: changelog-file-exists::No file matching ['CHANGELOG*'] found in: /var/folders/cj/rh7njyk91lx4s79wxsflz3vw001y2r/T/tmpmmr2gixn/pkg-libdiag
::warning title=Policy Violation: test-directory-exists::No directory matching ['**/test*', '**/specs', '**/*test*'] found under /var/folders/cj/rh7njyk91lx4s79wxsflz3vw001y2r/T/tmpwaaug243/pkg-diag-router
::error title=Policy Violation: readme-references-license,file=README.md::Pattern 'license|notice' not found in README.md
::warning title=Policy Violation: test-directory-exists::No directory matching ['**/test*', '**/specs', '**/*test*'] found under /var/folders/cj/rh7njyk91lx4s79wxsflz3vw001y2r/T/tmpmmr2gixn/pkg-libdiag
::warning title=Policy Violation: changelog-file-exists::No file matching ['CHANGELOG*'] found in: /var/folders/cj/rh7njyk91lx4s79wxsflz3vw001y2r/T/tmpp91qx3ts/qcom-sec-tools-wrapper
::warning title=Policy Violation: binaries-not-present,file=bin/pil-squasher::Binary file found (MIME: application/x-executable): bin/pil-squasher
::warning title=Policy Violation: test-directory-exists::No directory matching ['**/test*', '**/specs', '**/*test*'] found under /var/folders/cj/rh7njyk91lx4s79wxsflz3vw001y2r/T/tmpp91qx3ts/qcom-sec-tools-wrapper
::warning title=Policy Violation: github-issue-template-exists::No file matching ['ISSUE_TEMPLATE*', 'ISSUE_TEMPLATE/**', '.github/ISSUE_TEMPLATE*', '.github/ISSUE_TEMPLATE/**'] found in: /var/folders/cj/rh7njyk91lx4s79wxsflz3vw001y2r/T/tmpp91qx3ts/qcom-sec-tools-wrapper
::warning title=Policy Violation: github-pull-request-template-exists::No file matching ['PULL_REQUEST_TEMPLATE*', 'PULL_REQUEST_TEMPLATE/**', '.github/PULL_REQUEST_TEMPLATE*', '.github/PULL_REQUEST_TEMPLATE/**'] found in: /var/folders/cj/rh7njyk91lx4s79wxsflz3vw001y2r/T/tmpp91qx3ts/qcom-sec-tools-wrapper
  [223/313] qualcomm-linux/pkg-diag-router: 1 discrepancies
  [224/313] qualcomm-linux/pkg-libdiag: 1 discrepancies
  [225/313] qualcomm-linux/qcom-sec-tools-wrapper: 2 discrepancies
WARNING reporter [FAIL] changelog-file-exists: No file matching ['CHANGELOG*'] found in: /var/folders/cj/rh7njyk91lx4s79wxsflz3vw001y2r/T/tmpq6aibszq/pkg-audioreach-audio-utils
WARNING reporter [FAIL] test-directory-exists: No directory matching ['**/test*', '**/specs', '**/*test*'] found under /var/folders/cj/rh7njyk91lx4s79wxsflz3vw001y2r/T/tmpq6aibszq/pkg-audioreach-audio-utils
WARNING reporter [FAIL] changelog-file-exists: No file matching ['CHANGELOG*'] found in: /var/folders/cj/rh7njyk91lx4s79wxsflz3vw001y2r/T/tmph0o0k1tr/pkg-audioreach-pal
WARNING reporter [FAIL] changelog-file-exists: No file matching ['CHANGELOG*'] found in: /var/folders/cj/rh7njyk91lx4s79wxsflz3vw001y2r/T/tmpwqskjogj/pkg-audioreach-graphmgr
WARNING reporter [FAIL] test-directory-exists: No directory matching ['**/test*', '**/specs', '**/*test*'] found under /var/folders/cj/rh7njyk91lx4s79wxsflz3vw001y2r/T/tmph0o0k1tr/pkg-audioreach-pal
WARNING reporter [FAIL] test-directory-exists: No directory matching ['**/test*', '**/specs', '**/*test*'] found under /var/folders/cj/rh7njyk91lx4s79wxsflz3vw001y2r/T/tmpwqskjogj/pkg-audioreach-graphmgr
::warning title=Policy Violation: changelog-file-exists::No file matching ['CHANGELOG*'] found in: /var/folders/cj/rh7njyk91lx4s79wxsflz3vw001y2r/T/tmpq6aibszq/pkg-audioreach-audio-utils
::warning title=Policy Violation: test-directory-exists::No directory matching ['**/test*', '**/specs', '**/*test*'] found under /var/folders/cj/rh7njyk91lx4s79wxsflz3vw001y2r/T/tmpq6aibszq/pkg-audioreach-audio-utils
::warning title=Policy Violation: changelog-file-exists::No file matching ['CHANGELOG*'] found in: /var/folders/cj/rh7njyk91lx4s79wxsflz3vw001y2r/T/tmph0o0k1tr/pkg-audioreach-pal
::warning title=Policy Violation: changelog-file-exists::No file matching ['CHANGELOG*'] found in: /var/folders/cj/rh7njyk91lx4s79wxsflz3vw001y2r/T/tmpwqskjogj/pkg-audioreach-graphmgr
::warning title=Policy Violation: test-directory-exists::No directory matching ['**/test*', '**/specs', '**/*test*'] found under /var/folders/cj/rh7njyk91lx4s79wxsflz3vw001y2r/T/tmph0o0k1tr/pkg-audioreach-pal
::warning title=Policy Violation: test-directory-exists::No directory matching ['**/test*', '**/specs', '**/*test*'] found under /var/folders/cj/rh7njyk91lx4s79wxsflz3vw001y2r/T/tmpwqskjogj/pkg-audioreach-graphmgr
  [226/313] qualcomm-linux/pkg-audioreach-audio-utils: 1 discrepancies
  [227/313] qualcomm-linux/pkg-audioreach-pal: 1 discrepancies
  [228/313] qualcomm-linux/edk2-platforms: 2 discrepancies
  [229/313] qualcomm-linux/pkg-audioreach-graphmgr: 1 discrepancies
WARNING reporter [FAIL] changelog-file-exists: No file matching ['CHANGELOG*'] found in: /var/folders/cj/rh7njyk91lx4s79wxsflz3vw001y2r/T/tmp9fs2nsgl/pkg-audioreach-graphservices
WARNING reporter [FAIL] test-directory-exists: No directory matching ['**/test*', '**/specs', '**/*test*'] found under /var/folders/cj/rh7njyk91lx4s79wxsflz3vw001y2r/T/tmp9fs2nsgl/pkg-audioreach-graphservices
WARNING reporter [FAIL] changelog-file-exists: No file matching ['CHANGELOG*'] found in: /var/folders/cj/rh7njyk91lx4s79wxsflz3vw001y2r/T/tmpotpcrnjf/pkg-audioreach-kernel
WARNING reporter [FAIL] test-directory-exists: No directory matching ['**/test*', '**/specs', '**/*test*'] found under /var/folders/cj/rh7njyk91lx4s79wxsflz3vw001y2r/T/tmpotpcrnjf/pkg-audioreach-kernel
WARNING reporter [FAIL] changelog-file-exists: No file matching ['CHANGELOG*'] found in: /var/folders/cj/rh7njyk91lx4s79wxsflz3vw001y2r/T/tmpd121yeg_/pkg-audioreach-pipewire-plugin
WARNING reporter [FAIL] test-directory-exists: No directory matching ['**/test*', '**/specs', '**/*test*'] found under /var/folders/cj/rh7njyk91lx4s79wxsflz3vw001y2r/T/tmpd121yeg_/pkg-audioreach-pipewire-plugin
WARNING reporter [FAIL] changelog-file-exists: No file matching ['CHANGELOG*'] found in: /var/folders/cj/rh7njyk91lx4s79wxsflz3vw001y2r/T/tmpcgwiw0wo/pkg-qcom-sensors
WARNING reporter [FAIL] test-directory-exists: No directory matching ['**/test*', '**/specs', '**/*test*'] found under /var/folders/cj/rh7njyk91lx4s79wxsflz3vw001y2r/T/tmpcgwiw0wo/pkg-qcom-sensors
::warning title=Policy Violation: changelog-file-exists::No file matching ['CHANGELOG*'] found in: /var/folders/cj/rh7njyk91lx4s79wxsflz3vw001y2r/T/tmp9fs2nsgl/pkg-audioreach-graphservices
::warning title=Policy Violation: test-directory-exists::No directory matching ['**/test*', '**/specs', '**/*test*'] found under /var/folders/cj/rh7njyk91lx4s79wxsflz3vw001y2r/T/tmp9fs2nsgl/pkg-audioreach-graphservices
::warning title=Policy Violation: changelog-file-exists::No file matching ['CHANGELOG*'] found in: /var/folders/cj/rh7njyk91lx4s79wxsflz3vw001y2r/T/tmpotpcrnjf/pkg-audioreach-kernel
::warning title=Policy Violation: test-directory-exists::No directory matching ['**/test*', '**/specs', '**/*test*'] found under /var/folders/cj/rh7njyk91lx4s79wxsflz3vw001y2r/T/tmpotpcrnjf/pkg-audioreach-kernel
::warning title=Policy Violation: changelog-file-exists::No file matching ['CHANGELOG*'] found in: /var/folders/cj/rh7njyk91lx4s79wxsflz3vw001y2r/T/tmpd121yeg_/pkg-audioreach-pipewire-plugin
::warning title=Policy Violation: test-directory-exists::No directory matching ['**/test*', '**/specs', '**/*test*'] found under /var/folders/cj/rh7njyk91lx4s79wxsflz3vw001y2r/T/tmpd121yeg_/pkg-audioreach-pipewire-plugin
::warning title=Policy Violation: changelog-file-exists::No file matching ['CHANGELOG*'] found in: /var/folders/cj/rh7njyk91lx4s79wxsflz3vw001y2r/T/tmpcgwiw0wo/pkg-qcom-sensors
::warning title=Policy Violation: test-directory-exists::No directory matching ['**/test*', '**/specs', '**/*test*'] found under /var/folders/cj/rh7njyk91lx4s79wxsflz3vw001y2r/T/tmpcgwiw0wo/pkg-qcom-sensors
  [230/313] qualcomm-linux/pkg-audioreach-graphservices: 1 discrepancies
  [231/313] qualcomm-linux/pkg-audioreach-kernel: 1 discrepancies
  [232/313] qualcomm-linux/pkg-audioreach-pipewire-plugin: 1 discrepancies
  [233/313] qualcomm-linux/pkg-qcom-sensors: 1 discrepancies
WARNING reporter [FAIL] changelog-file-exists: No file matching ['CHANGELOG*'] found in: /var/folders/cj/rh7njyk91lx4s79wxsflz3vw001y2r/T/tmpm7472ys1/pkg-camx-talos
WARNING reporter [FAIL] test-directory-exists: No directory matching ['**/test*', '**/specs', '**/*test*'] found under /var/folders/cj/rh7njyk91lx4s79wxsflz3vw001y2r/T/tmpm7472ys1/pkg-camx-talos
WARNING reporter [FAIL] changelog-file-exists: No file matching ['CHANGELOG*'] found in: /var/folders/cj/rh7njyk91lx4s79wxsflz3vw001y2r/T/tmpfxnw9h4q/pkg-camx-lemans
WARNING reporter [FAIL] test-directory-exists: No directory matching ['**/test*', '**/specs', '**/*test*'] found under /var/folders/cj/rh7njyk91lx4s79wxsflz3vw001y2r/T/tmpfxnw9h4q/pkg-camx-lemans
WARNING reporter [FAIL] changelog-file-exists: No file matching ['CHANGELOG*'] found in: /var/folders/cj/rh7njyk91lx4s79wxsflz3vw001y2r/T/tmpcbdig5uh/pkg-camx-kodiak
WARNING reporter [FAIL] test-directory-exists: No directory matching ['**/test*', '**/specs', '**/*test*'] found under /var/folders/cj/rh7njyk91lx4s79wxsflz3vw001y2r/T/tmpcbdig5uh/pkg-camx-kodiak
WARNING reporter [FAIL] changelog-file-exists: No file matching ['CHANGELOG*'] found in: /var/folders/cj/rh7njyk91lx4s79wxsflz3vw001y2r/T/tmprqq1b3sc/pkg-camx-nhx
WARNING reporter [FAIL] test-directory-exists: No directory matching ['**/test*', '**/specs', '**/*test*'] found under /var/folders/cj/rh7njyk91lx4s79wxsflz3vw001y2r/T/tmprqq1b3sc/pkg-camx-nhx
::warning title=Policy Violation: changelog-file-exists::No file matching ['CHANGELOG*'] found in: /var/folders/cj/rh7njyk91lx4s79wxsflz3vw001y2r/T/tmpm7472ys1/pkg-camx-talos
::warning title=Policy Violation: test-directory-exists::No directory matching ['**/test*', '**/specs', '**/*test*'] found under /var/folders/cj/rh7njyk91lx4s79wxsflz3vw001y2r/T/tmpm7472ys1/pkg-camx-talos
::warning title=Policy Violation: changelog-file-exists::No file matching ['CHANGELOG*'] found in: /var/folders/cj/rh7njyk91lx4s79wxsflz3vw001y2r/T/tmpfxnw9h4q/pkg-camx-lemans
::warning title=Policy Violation: test-directory-exists::No directory matching ['**/test*', '**/specs', '**/*test*'] found under /var/folders/cj/rh7njyk91lx4s79wxsflz3vw001y2r/T/tmpfxnw9h4q/pkg-camx-lemans
::warning title=Policy Violation: changelog-file-exists::No file matching ['CHANGELOG*'] found in: /var/folders/cj/rh7njyk91lx4s79wxsflz3vw001y2r/T/tmpcbdig5uh/pkg-camx-kodiak
::warning title=Policy Violation: test-directory-exists::No directory matching ['**/test*', '**/specs', '**/*test*'] found under /var/folders/cj/rh7njyk91lx4s79wxsflz3vw001y2r/T/tmpcbdig5uh/pkg-camx-kodiak
::warning title=Policy Violation: changelog-file-exists::No file matching ['CHANGELOG*'] found in: /var/folders/cj/rh7njyk91lx4s79wxsflz3vw001y2r/T/tmprqq1b3sc/pkg-camx-nhx
::warning title=Policy Violation: test-directory-exists::No directory matching ['**/test*', '**/specs', '**/*test*'] found under /var/folders/cj/rh7njyk91lx4s79wxsflz3vw001y2r/T/tmprqq1b3sc/pkg-camx-nhx
  [234/313] qualcomm-linux/pkg-camx-talos: 1 discrepancies
  [235/313] qualcomm-linux/pkg-camx-lemans: 1 discrepancies
  [236/313] qualcomm-linux/pkg-camx-kodiak: 1 discrepancies
  [237/313] qualcomm-linux/pkg-camx-nhx: 1 discrepancies
WARNING reporter [FAIL] changelog-file-exists: No file matching ['CHANGELOG*'] found in: /var/folders/cj/rh7njyk91lx4s79wxsflz3vw001y2r/T/tmphlobf8m9/rpm-images
WARNING reporter [FAIL] test-directory-exists: No directory matching ['**/test*', '**/specs', '**/*test*'] found under /var/folders/cj/rh7njyk91lx4s79wxsflz3vw001y2r/T/tmphlobf8m9/rpm-images
WARNING reporter [FAIL] changelog-file-exists: No file matching ['CHANGELOG*'] found in: /var/folders/cj/rh7njyk91lx4s79wxsflz3vw001y2r/T/tmpjhfrhc1f/pkg-camx-hamoa
WARNING reporter [FAIL] test-directory-exists: No directory matching ['**/test*', '**/specs', '**/*test*'] found under /var/folders/cj/rh7njyk91lx4s79wxsflz3vw001y2r/T/tmpjhfrhc1f/pkg-camx-hamoa
WARNING reporter [FAIL] changelog-file-exists: No file matching ['CHANGELOG*'] found in: /var/folders/cj/rh7njyk91lx4s79wxsflz3vw001y2r/T/tmppd6kzhl9/rtss-mailbox-kmd
WARNING reporter [FAIL] test-directory-exists: No directory matching ['**/test*', '**/specs', '**/*test*'] found under /var/folders/cj/rh7njyk91lx4s79wxsflz3vw001y2r/T/tmppd6kzhl9/rtss-mailbox-kmd
WARNING reporter [FAIL] changelog-file-exists: No file matching ['CHANGELOG*'] found in: /var/folders/cj/rh7njyk91lx4s79wxsflz3vw001y2r/T/tmp95wh3c0v/pkg-android-platform-tools
::warning title=Policy Violation: changelog-file-exists::No file matching ['CHANGELOG*'] found in: /var/folders/cj/rh7njyk91lx4s79wxsflz3vw001y2r/T/tmphlobf8m9/rpm-images
::warning title=Policy Violation: test-directory-exists::No directory matching ['**/test*', '**/specs', '**/*test*'] found under /var/folders/cj/rh7njyk91lx4s79wxsflz3vw001y2r/T/tmphlobf8m9/rpm-images
::warning title=Policy Violation: changelog-file-exists::No file matching ['CHANGELOG*'] found in: /var/folders/cj/rh7njyk91lx4s79wxsflz3vw001y2r/T/tmpjhfrhc1f/pkg-camx-hamoa
::warning title=Policy Violation: test-directory-exists::No directory matching ['**/test*', '**/specs', '**/*test*'] found under /var/folders/cj/rh7njyk91lx4s79wxsflz3vw001y2r/T/tmpjhfrhc1f/pkg-camx-hamoa
::warning title=Policy Violation: changelog-file-exists::No file matching ['CHANGELOG*'] found in: /var/folders/cj/rh7njyk91lx4s79wxsflz3vw001y2r/T/tmppd6kzhl9/rtss-mailbox-kmd
::warning title=Policy Violation: test-directory-exists::No directory matching ['**/test*', '**/specs', '**/*test*'] found under /var/folders/cj/rh7njyk91lx4s79wxsflz3vw001y2r/T/tmppd6kzhl9/rtss-mailbox-kmd
::warning title=Policy Violation: changelog-file-exists::No file matching ['CHANGELOG*'] found in: /var/folders/cj/rh7njyk91lx4s79wxsflz3vw001y2r/T/tmp95wh3c0v/pkg-android-platform-tools
  [238/313] qualcomm-linux/pkg-camx-hamoa: 1 discrepancies
  [239/313] qualcomm-linux/rpm-images: 0 discrepancies
  [240/313] qualcomm-linux/rtss-mailbox-kmd: 0 discrepancies
WARNING reporter [FAIL] changelog-file-exists: No file matching ['CHANGELOG*'] found in: /var/folders/cj/rh7njyk91lx4s79wxsflz3vw001y2r/T/tmp5gnm3ppw/rtss-mailbox-umd
WARNING reporter [FAIL] test-directory-exists: No directory matching ['**/test*', '**/specs', '**/*test*'] found under /var/folders/cj/rh7njyk91lx4s79wxsflz3vw001y2r/T/tmp5gnm3ppw/rtss-mailbox-umd
::warning title=Policy Violation: changelog-file-exists::No file matching ['CHANGELOG*'] found in: /var/folders/cj/rh7njyk91lx4s79wxsflz3vw001y2r/T/tmp5gnm3ppw/rtss-mailbox-umd
::warning title=Policy Violation: test-directory-exists::No directory matching ['**/test*', '**/specs', '**/*test*'] found under /var/folders/cj/rh7njyk91lx4s79wxsflz3vw001y2r/T/tmp5gnm3ppw/rtss-mailbox-umd
  [241/313] qualcomm-linux/pkg-android-platform-tools: 1 discrepancies
WARNING reporter [FAIL] contributing-file-exists: No file matching ['{docs/,.github/,}CONTRIB*'] found in: /var/folders/cj/rh7njyk91lx4s79wxsflz3vw001y2r/T/tmpy0vcal2h/pkg-ros-jazzy-xsens-mti-ros2-driver
WARNING reporter [FAIL] changelog-file-exists: No file matching ['CHANGELOG*'] found in: /var/folders/cj/rh7njyk91lx4s79wxsflz3vw001y2r/T/tmp5n1qubao/location-hal-qcom
WARNING reporter [FAIL] code-of-conduct-file-exists: No file matching ['{docs/,.github/,}CODEOFCONDUCT*', '{docs/,.github/,}CODE-OF-CONDUCT*', '{docs/,.github/,}CODE_OF_CONDUCT*'] found in: /var/folders/cj/rh7njyk91lx4s79wxsflz3vw001y2r/T/tmpy0vcal2h/pkg-ros-jazzy-xsens-mti-ros2-driver
WARNING reporter [FAIL] changelog-file-exists: No file matching ['CHANGELOG*'] found in: /var/folders/cj/rh7njyk91lx4s79wxsflz3vw001y2r/T/tmpy0vcal2h/pkg-ros-jazzy-xsens-mti-ros2-driver
::warning title=Policy Violation: contributing-file-exists::No file matching ['{docs/,.github/,}CONTRIB*'] found in: /var/folders/cj/rh7njyk91lx4s79wxsflz3vw001y2r/T/tmpy0vcal2h/pkg-ros-jazzy-xsens-mti-ros2-driver
::warning title=Policy Violation: changelog-file-exists::No file matching ['CHANGELOG*'] found in: /var/folders/cj/rh7njyk91lx4s79wxsflz3vw001y2r/T/tmp5n1qubao/location-hal-qcom
::warning title=Policy Violation: code-of-conduct-file-exists::No file matching ['{docs/,.github/,}CODEOFCONDUCT*', '{docs/,.github/,}CODE-OF-CONDUCT*', '{docs/,.github/,}CODE_OF_CONDUCT*'] found in: /var/folders/cj/rh7njyk91lx4s79wxsflz3vw001y2r/T/tmpy0vcal2h/pkg-ros-jazzy-xsens-mti-ros2-driver
::warning title=Policy Violation: changelog-file-exists::No file matching ['CHANGELOG*'] found in: /var/folders/cj/rh7njyk91lx4s79wxsflz3vw001y2r/T/tmpy0vcal2h/pkg-ros-jazzy-xsens-mti-ros2-driver
  [242/313] qualcomm-linux/rtss-mailbox-umd: 0 discrepancies
WARNING reporter [FAIL] changelog-file-exists: No file matching ['CHANGELOG*'] found in: /var/folders/cj/rh7njyk91lx4s79wxsflz3vw001y2r/T/tmpi6dfwcjy/location-apis-qcom
WARNING reporter [FAIL] changelog-file-exists: No file matching ['CHANGELOG*'] found in: /var/folders/cj/rh7njyk91lx4s79wxsflz3vw001y2r/T/tmpvv2sd9pv/pkg-tinycompress
WARNING reporter [FAIL] test-directory-exists: No directory matching ['**/test*', '**/specs', '**/*test*'] found under /var/folders/cj/rh7njyk91lx4s79wxsflz3vw001y2r/T/tmpvv2sd9pv/pkg-tinycompress
WARNING reporter [FAIL] test-directory-exists: No directory matching ['**/test*', '**/specs', '**/*test*'] found under /var/folders/cj/rh7njyk91lx4s79wxsflz3vw001y2r/T/tmp5n1qubao/location-hal-qcom
WARNING reporter [FAIL] test-directory-exists: No directory matching ['**/test*', '**/specs', '**/*test*'] found under /var/folders/cj/rh7njyk91lx4s79wxsflz3vw001y2r/T/tmpy0vcal2h/pkg-ros-jazzy-xsens-mti-ros2-driver
::warning title=Policy Violation: changelog-file-exists::No file matching ['CHANGELOG*'] found in: /var/folders/cj/rh7njyk91lx4s79wxsflz3vw001y2r/T/tmpi6dfwcjy/location-apis-qcom
::warning title=Policy Violation: changelog-file-exists::No file matching ['CHANGELOG*'] found in: /var/folders/cj/rh7njyk91lx4s79wxsflz3vw001y2r/T/tmpvv2sd9pv/pkg-tinycompress
::warning title=Policy Violation: test-directory-exists::No directory matching ['**/test*', '**/specs', '**/*test*'] found under /var/folders/cj/rh7njyk91lx4s79wxsflz3vw001y2r/T/tmpvv2sd9pv/pkg-tinycompress
::warning title=Policy Violation: test-directory-exists::No directory matching ['**/test*', '**/specs', '**/*test*'] found under /var/folders/cj/rh7njyk91lx4s79wxsflz3vw001y2r/T/tmp5n1qubao/location-hal-qcom
::warning title=Policy Violation: test-directory-exists::No directory matching ['**/test*', '**/specs', '**/*test*'] found under /var/folders/cj/rh7njyk91lx4s79wxsflz3vw001y2r/T/tmpy0vcal2h/pkg-ros-jazzy-xsens-mti-ros2-driver
  [243/313] qualcomm-linux/pkg-tinycompress: 1 discrepancies
  [244/313] qualcomm-linux/location-apis-qcom: 0 discrepancies
WARNING reporter [FAIL] source-qualcomm-license-headers-exist: Pattern '(Copyright|©).*Qualcomm Innovation Center, Inc|Qualcomm Technologies, Inc|Copyright (\\(c\\)|©) (20(1[2-9]|2[0-2])(-|,|\\s)*)+ The Linux Foundation' not found in src/xsens_mti_ros2_driver/include/high_rate_interpolator.h
WARNING reporter [FAIL] github-issue-template-exists: No file matching ['ISSUE_TEMPLATE*', 'ISSUE_TEMPLATE/**', '.github/ISSUE_TEMPLATE*', '.github/ISSUE_TEMPLATE/**'] found in: /var/folders/cj/rh7njyk91lx4s79wxsflz3vw001y2r/T/tmpy0vcal2h/pkg-ros-jazzy-xsens-mti-ros2-driver
WARNING reporter [FAIL] github-pull-request-template-exists: No file matching ['PULL_REQUEST_TEMPLATE*', 'PULL_REQUEST_TEMPLATE/**', '.github/PULL_REQUEST_TEMPLATE*', '.github/PULL_REQUEST_TEMPLATE/**'] found in: /var/folders/cj/rh7njyk91lx4s79wxsflz3vw001y2r/T/tmpy0vcal2h/pkg-ros-jazzy-xsens-mti-ros2-driver
WARNING reporter [FAIL] python-package-metadata-exists: No file matching ['setup.py', 'requirements.txt'] found in: /var/folders/cj/rh7njyk91lx4s79wxsflz3vw001y2r/T/tmpy0vcal2h/pkg-ros-jazzy-xsens-mti-ros2-driver
WARNING reporter [FAIL] changelog-file-exists: No file matching ['CHANGELOG*'] found in: /var/folders/cj/rh7njyk91lx4s79wxsflz3vw001y2r/T/tmp1849p9mr/boot-firmware-ci
WARNING reporter [FAIL] contributing-file-exists: No file matching ['{docs/,.github/,}CONTRIB*'] found in: /var/folders/cj/rh7njyk91lx4s79wxsflz3vw001y2r/T/tmpvaf8ixo7/bitbake-lint-action
WARNING reporter [FAIL] test-directory-exists: No directory matching ['**/test*', '**/specs', '**/*test*'] found under /var/folders/cj/rh7njyk91lx4s79wxsflz3vw001y2r/T/tmp1849p9mr/boot-firmware-ci
WARNING reporter [FAIL] integrates-with-ci: No file matching ['.gitlab-ci.yml', '.travis.yml', 'appveyor.yml', '.appveyor.yml', 'circle.yml', '.circleci/config.yml', 'Jenkinsfile', '.drone.yml', '.github/workflows/*', 'azure-pipelines.yml'] found in: /var/folders/cj/rh7njyk91lx4s79wxsflz3vw001y2r/T/tmp1849p9mr/boot-firmware-ci
WARNING reporter [FAIL] code-of-conduct-file-exists: No file matching ['{docs/,.github/,}CODEOFCONDUCT*', '{docs/,.github/,}CODE-OF-CONDUCT*', '{docs/,.github/,}CODE_OF_CONDUCT*'] found in: /var/folders/cj/rh7njyk91lx4s79wxsflz3vw001y2r/T/tmpvaf8ixo7/bitbake-lint-action
WARNING reporter [FAIL] changelog-file-exists: No file matching ['CHANGELOG*'] found in: /var/folders/cj/rh7njyk91lx4s79wxsflz3vw001y2r/T/tmpvaf8ixo7/bitbake-lint-action
WARNING reporter [FAIL] test-directory-exists: No directory matching ['**/test*', '**/specs', '**/*test*'] found under /var/folders/cj/rh7njyk91lx4s79wxsflz3vw001y2r/T/tmpvaf8ixo7/bitbake-lint-action
::warning title=Policy Violation: source-qualcomm-license-headers-exist,file=src/xsens_mti_ros2_driver/include/high_rate_interpolator.h::Pattern '(Copyright|©).*Qualcomm Innovation Center, Inc|Qualcomm Technologies, Inc|Copyright (\\(c\\)|©) (20(1[2-9]|2[0-2])(-|,|\\s)*)+ The Linux Foundation' not found in src/xsens_mti_ros2_driver/include/high_rate_interpolator.h
::warning title=Policy Violation: github-issue-template-exists::No file matching ['ISSUE_TEMPLATE*', 'ISSUE_TEMPLATE/**', '.github/ISSUE_TEMPLATE*', '.github/ISSUE_TEMPLATE/**'] found in: /var/folders/cj/rh7njyk91lx4s79wxsflz3vw001y2r/T/tmpy0vcal2h/pkg-ros-jazzy-xsens-mti-ros2-driver
::warning title=Policy Violation: github-pull-request-template-exists::No file matching ['PULL_REQUEST_TEMPLATE*', 'PULL_REQUEST_TEMPLATE/**', '.github/PULL_REQUEST_TEMPLATE*', '.github/PULL_REQUEST_TEMPLATE/**'] found in: /var/folders/cj/rh7njyk91lx4s79wxsflz3vw001y2r/T/tmpy0vcal2h/pkg-ros-jazzy-xsens-mti-ros2-driver
::warning title=Policy Violation: python-package-metadata-exists::No file matching ['setup.py', 'requirements.txt'] found in: /var/folders/cj/rh7njyk91lx4s79wxsflz3vw001y2r/T/tmpy0vcal2h/pkg-ros-jazzy-xsens-mti-ros2-driver
::warning title=Policy Violation: changelog-file-exists::No file matching ['CHANGELOG*'] found in: /var/folders/cj/rh7njyk91lx4s79wxsflz3vw001y2r/T/tmp1849p9mr/boot-firmware-ci
::warning title=Policy Violation: contributing-file-exists::No file matching ['{docs/,.github/,}CONTRIB*'] found in: /var/folders/cj/rh7njyk91lx4s79wxsflz3vw001y2r/T/tmpvaf8ixo7/bitbake-lint-action
::warning title=Policy Violation: test-directory-exists::No directory matching ['**/test*', '**/specs', '**/*test*'] found under /var/folders/cj/rh7njyk91lx4s79wxsflz3vw001y2r/T/tmp1849p9mr/boot-firmware-ci
::warning title=Policy Violation: integrates-with-ci::No file matching ['.gitlab-ci.yml', '.travis.yml', 'appveyor.yml', '.appveyor.yml', 'circle.yml', '.circleci/config.yml', 'Jenkinsfile', '.drone.yml', '.github/workflows/*', 'azure-pipelines.yml'] found in: /var/folders/cj/rh7njyk91lx4s79wxsflz3vw001y2r/T/tmp1849p9mr/boot-firmware-ci
::warning title=Policy Violation: code-of-conduct-file-exists::No file matching ['{docs/,.github/,}CODEOFCONDUCT*', '{docs/,.github/,}CODE-OF-CONDUCT*', '{docs/,.github/,}CODE_OF_CONDUCT*'] found in: /var/folders/cj/rh7njyk91lx4s79wxsflz3vw001y2r/T/tmpvaf8ixo7/bitbake-lint-action
::warning title=Policy Violation: changelog-file-exists::No file matching ['CHANGELOG*'] found in: /var/folders/cj/rh7njyk91lx4s79wxsflz3vw001y2r/T/tmpvaf8ixo7/bitbake-lint-action
::warning title=Policy Violation: test-directory-exists::No directory matching ['**/test*', '**/specs', '**/*test*'] found under /var/folders/cj/rh7njyk91lx4s79wxsflz3vw001y2r/T/tmpvaf8ixo7/bitbake-lint-action
  [245/313] qualcomm-linux/location-hal-qcom: 0 discrepancies
WARNING reporter [FAIL] github-issue-template-exists: No file matching ['ISSUE_TEMPLATE*', 'ISSUE_TEMPLATE/**', '.github/ISSUE_TEMPLATE*', '.github/ISSUE_TEMPLATE/**'] found in: /var/folders/cj/rh7njyk91lx4s79wxsflz3vw001y2r/T/tmp1849p9mr/boot-firmware-ci
WARNING reporter [FAIL] github-pull-request-template-exists: No file matching ['PULL_REQUEST_TEMPLATE*', 'PULL_REQUEST_TEMPLATE/**', '.github/PULL_REQUEST_TEMPLATE*', '.github/PULL_REQUEST_TEMPLATE/**'] found in: /var/folders/cj/rh7njyk91lx4s79wxsflz3vw001y2r/T/tmp1849p9mr/boot-firmware-ci
WARNING reporter [FAIL] github-issue-template-exists: No file matching ['ISSUE_TEMPLATE*', 'ISSUE_TEMPLATE/**', '.github/ISSUE_TEMPLATE*', '.github/ISSUE_TEMPLATE/**'] found in: /var/folders/cj/rh7njyk91lx4s79wxsflz3vw001y2r/T/tmpvaf8ixo7/bitbake-lint-action
WARNING reporter [FAIL] github-pull-request-template-exists: No file matching ['PULL_REQUEST_TEMPLATE*', 'PULL_REQUEST_TEMPLATE/**', '.github/PULL_REQUEST_TEMPLATE*', '.github/PULL_REQUEST_TEMPLATE/**'] found in: /var/folders/cj/rh7njyk91lx4s79wxsflz3vw001y2r/T/tmpvaf8ixo7/bitbake-lint-action
::warning title=Policy Violation: github-issue-template-exists::No file matching ['ISSUE_TEMPLATE*', 'ISSUE_TEMPLATE/**', '.github/ISSUE_TEMPLATE*', '.github/ISSUE_TEMPLATE/**'] found in: /var/folders/cj/rh7njyk91lx4s79wxsflz3vw001y2r/T/tmp1849p9mr/boot-firmware-ci
::warning title=Policy Violation: github-pull-request-template-exists::No file matching ['PULL_REQUEST_TEMPLATE*', 'PULL_REQUEST_TEMPLATE/**', '.github/PULL_REQUEST_TEMPLATE*', '.github/PULL_REQUEST_TEMPLATE/**'] found in: /var/folders/cj/rh7njyk91lx4s79wxsflz3vw001y2r/T/tmp1849p9mr/boot-firmware-ci
::warning title=Policy Violation: github-issue-template-exists::No file matching ['ISSUE_TEMPLATE*', 'ISSUE_TEMPLATE/**', '.github/ISSUE_TEMPLATE*', '.github/ISSUE_TEMPLATE/**'] found in: /var/folders/cj/rh7njyk91lx4s79wxsflz3vw001y2r/T/tmpvaf8ixo7/bitbake-lint-action
::warning title=Policy Violation: github-pull-request-template-exists::No file matching ['PULL_REQUEST_TEMPLATE*', 'PULL_REQUEST_TEMPLATE/**', '.github/PULL_REQUEST_TEMPLATE*', '.github/PULL_REQUEST_TEMPLATE/**'] found in: /var/folders/cj/rh7njyk91lx4s79wxsflz3vw001y2r/T/tmpvaf8ixo7/bitbake-lint-action
  [246/313] qualcomm-linux/pkg-ros-jazzy-xsens-mti-ros2-driver: 1 discrepancies
WARNING reporter [FAIL] changelog-file-exists: No file matching ['CHANGELOG*'] found in: /var/folders/cj/rh7njyk91lx4s79wxsflz3vw001y2r/T/tmpvbcishgl/pkg-camx-firmware-hamoa
WARNING reporter [FAIL] test-directory-exists: No directory matching ['**/test*', '**/specs', '**/*test*'] found under /var/folders/cj/rh7njyk91lx4s79wxsflz3vw001y2r/T/tmpvbcishgl/pkg-camx-firmware-hamoa
::warning title=Policy Violation: changelog-file-exists::No file matching ['CHANGELOG*'] found in: /var/folders/cj/rh7njyk91lx4s79wxsflz3vw001y2r/T/tmpvbcishgl/pkg-camx-firmware-hamoa
::warning title=Policy Violation: test-directory-exists::No directory matching ['**/test*', '**/specs', '**/*test*'] found under /var/folders/cj/rh7njyk91lx4s79wxsflz3vw001y2r/T/tmpvbcishgl/pkg-camx-firmware-hamoa
  [247/313] qualcomm-linux/boot-firmware-ci: 0 discrepancies
  [248/313] qualcomm-linux/bitbake-lint-action: 0 discrepancies
WARNING reporter [FAIL] changelog-file-exists: No file matching ['CHANGELOG*'] found in: /var/folders/cj/rh7njyk91lx4s79wxsflz3vw001y2r/T/tmp7rhmhhsw/pkg-camx-firmware-talos
WARNING reporter [FAIL] test-directory-exists: No directory matching ['**/test*', '**/specs', '**/*test*'] found under /var/folders/cj/rh7njyk91lx4s79wxsflz3vw001y2r/T/tmp7rhmhhsw/pkg-camx-firmware-talos
WARNING reporter [FAIL] changelog-file-exists: No file matching ['CHANGELOG*'] found in: /var/folders/cj/rh7njyk91lx4s79wxsflz3vw001y2r/T/tmpc4urgely/pkg-camx-firmware-kodiak
WARNING reporter [FAIL] changelog-file-exists: No file matching ['CHANGELOG*'] found in: /var/folders/cj/rh7njyk91lx4s79wxsflz3vw001y2r/T/tmppak6hntl/pkg-camx-firmware-lemans
::warning title=Policy Violation: changelog-file-exists::No file matching ['CHANGELOG*'] found in: /var/folders/cj/rh7njyk91lx4s79wxsflz3vw001y2r/T/tmp7rhmhhsw/pkg-camx-firmware-talos
::warning title=Policy Violation: test-directory-exists::No directory matching ['**/test*', '**/specs', '**/*test*'] found under /var/folders/cj/rh7njyk91lx4s79wxsflz3vw001y2r/T/tmp7rhmhhsw/pkg-camx-firmware-talos
::warning title=Policy Violation: changelog-file-exists::No file matching ['CHANGELOG*'] found in: /var/folders/cj/rh7njyk91lx4s79wxsflz3vw001y2r/T/tmpc4urgely/pkg-camx-firmware-kodiak
::warning title=Policy Violation: changelog-file-exists::No file matching ['CHANGELOG*'] found in: /var/folders/cj/rh7njyk91lx4s79wxsflz3vw001y2r/T/tmppak6hntl/pkg-camx-firmware-lemans
  [249/313] qualcomm-linux/pkg-camx-firmware-hamoa: 1 discrepancies
WARNING reporter [FAIL] test-directory-exists: No directory matching ['**/test*', '**/specs', '**/*test*'] found under /var/folders/cj/rh7njyk91lx4s79wxsflz3vw001y2r/T/tmpc4urgely/pkg-camx-firmware-kodiak
WARNING reporter [FAIL] test-directory-exists: No directory matching ['**/test*', '**/specs', '**/*test*'] found under /var/folders/cj/rh7njyk91lx4s79wxsflz3vw001y2r/T/tmppak6hntl/pkg-camx-firmware-lemans
::warning title=Policy Violation: test-directory-exists::No directory matching ['**/test*', '**/specs', '**/*test*'] found under /var/folders/cj/rh7njyk91lx4s79wxsflz3vw001y2r/T/tmpc4urgely/pkg-camx-firmware-kodiak
::warning title=Policy Violation: test-directory-exists::No directory matching ['**/test*', '**/specs', '**/*test*'] found under /var/folders/cj/rh7njyk91lx4s79wxsflz3vw001y2r/T/tmppak6hntl/pkg-camx-firmware-lemans
  [250/313] qualcomm-linux/pkg-camx-firmware-talos: 1 discrepancies
WARNING reporter [FAIL] changelog-file-exists: No file matching ['CHANGELOG*'] found in: /var/folders/cj/rh7njyk91lx4s79wxsflz3vw001y2r/T/tmpty7daen3/pkg-camx-dev
WARNING reporter [FAIL] test-directory-exists: No directory matching ['**/test*', '**/specs', '**/*test*'] found under /var/folders/cj/rh7njyk91lx4s79wxsflz3vw001y2r/T/tmpty7daen3/pkg-camx-dev
::warning title=Policy Violation: changelog-file-exists::No file matching ['CHANGELOG*'] found in: /var/folders/cj/rh7njyk91lx4s79wxsflz3vw001y2r/T/tmpty7daen3/pkg-camx-dev
::warning title=Policy Violation: test-directory-exists::No directory matching ['**/test*', '**/specs', '**/*test*'] found under /var/folders/cj/rh7njyk91lx4s79wxsflz3vw001y2r/T/tmpty7daen3/pkg-camx-dev
  [251/313] qualcomm-linux/pkg-camx-firmware-kodiak: 1 discrepancies
  [252/313] qualcomm-linux/pkg-camx-firmware-lemans: 1 discrepancies
WARNING reporter [FAIL] changelog-file-exists: No file matching ['CHANGELOG*'] found in: /var/folders/cj/rh7njyk91lx4s79wxsflz3vw001y2r/T/tmp2lagq__e/qcom-linux-skills
WARNING reporter [FAIL] test-directory-exists: No directory matching ['**/test*', '**/specs', '**/*test*'] found under /var/folders/cj/rh7njyk91lx4s79wxsflz3vw001y2r/T/tmp2lagq__e/qcom-linux-skills
::warning title=Policy Violation: changelog-file-exists::No file matching ['CHANGELOG*'] found in: /var/folders/cj/rh7njyk91lx4s79wxsflz3vw001y2r/T/tmp2lagq__e/qcom-linux-skills
::warning title=Policy Violation: test-directory-exists::No directory matching ['**/test*', '**/specs', '**/*test*'] found under /var/folders/cj/rh7njyk91lx4s79wxsflz3vw001y2r/T/tmp2lagq__e/qcom-linux-skills
  [253/313] qualcomm-linux/pkg-camx-dev: 1 discrepancies
WARNING reporter [FAIL] changelog-file-exists: No file matching ['CHANGELOG*'] found in: /var/folders/cj/rh7njyk91lx4s79wxsflz3vw001y2r/T/tmp_iib2lnk/pkg-tinyalsa
WARNING reporter [FAIL] test-directory-exists: No directory matching ['**/test*', '**/specs', '**/*test*'] found under /var/folders/cj/rh7njyk91lx4s79wxsflz3vw001y2r/T/tmp_iib2lnk/pkg-tinyalsa
WARNING reporter [FAIL] github-issue-template-exists: No file matching ['ISSUE_TEMPLATE*', 'ISSUE_TEMPLATE/**', '.github/ISSUE_TEMPLATE*', '.github/ISSUE_TEMPLATE/**'] found in: /var/folders/cj/rh7njyk91lx4s79wxsflz3vw001y2r/T/tmp2lagq__e/qcom-linux-skills
WARNING reporter [FAIL] github-pull-request-template-exists: No file matching ['PULL_REQUEST_TEMPLATE*', 'PULL_REQUEST_TEMPLATE/**', '.github/PULL_REQUEST_TEMPLATE*', '.github/PULL_REQUEST_TEMPLATE/**'] found in: /var/folders/cj/rh7njyk91lx4s79wxsflz3vw001y2r/T/tmp2lagq__e/qcom-linux-skills
WARNING reporter [FAIL] python-package-metadata-exists: No file matching ['setup.py', 'requirements.txt'] found in: /var/folders/cj/rh7njyk91lx4s79wxsflz3vw001y2r/T/tmp2lagq__e/qcom-linux-skills
WARNING reporter [FAIL] changelog-file-exists: No file matching ['CHANGELOG*'] found in: /var/folders/cj/rh7njyk91lx4s79wxsflz3vw001y2r/T/tmpc5v851nx/pkg-camx-glymur
WARNING reporter [FAIL] test-directory-exists: No directory matching ['**/test*', '**/specs', '**/*test*'] found under /var/folders/cj/rh7njyk91lx4s79wxsflz3vw001y2r/T/tmpc5v851nx/pkg-camx-glymur
WARNING reporter [FAIL] changelog-file-exists: No file matching ['CHANGELOG*'] found in: /var/folders/cj/rh7njyk91lx4s79wxsflz3vw001y2r/T/tmpkc0rlrpb/pkg-camx-firmware-glymur
WARNING reporter [FAIL] test-directory-exists: No directory matching ['**/test*', '**/specs', '**/*test*'] found under /var/folders/cj/rh7njyk91lx4s79wxsflz3vw001y2r/T/tmpkc0rlrpb/pkg-camx-firmware-glymur
::warning title=Policy Violation: changelog-file-exists::No file matching ['CHANGELOG*'] found in: /var/folders/cj/rh7njyk91lx4s79wxsflz3vw001y2r/T/tmp_iib2lnk/pkg-tinyalsa
::warning title=Policy Violation: test-directory-exists::No directory matching ['**/test*', '**/specs', '**/*test*'] found under /var/folders/cj/rh7njyk91lx4s79wxsflz3vw001y2r/T/tmp_iib2lnk/pkg-tinyalsa
::warning title=Policy Violation: github-issue-template-exists::No file matching ['ISSUE_TEMPLATE*', 'ISSUE_TEMPLATE/**', '.github/ISSUE_TEMPLATE*', '.github/ISSUE_TEMPLATE/**'] found in: /var/folders/cj/rh7njyk91lx4s79wxsflz3vw001y2r/T/tmp2lagq__e/qcom-linux-skills
::warning title=Policy Violation: github-pull-request-template-exists::No file matching ['PULL_REQUEST_TEMPLATE*', 'PULL_REQUEST_TEMPLATE/**', '.github/PULL_REQUEST_TEMPLATE*', '.github/PULL_REQUEST_TEMPLATE/**'] found in: /var/folders/cj/rh7njyk91lx4s79wxsflz3vw001y2r/T/tmp2lagq__e/qcom-linux-skills
::warning title=Policy Violation: python-package-metadata-exists::No file matching ['setup.py', 'requirements.txt'] found in: /var/folders/cj/rh7njyk91lx4s79wxsflz3vw001y2r/T/tmp2lagq__e/qcom-linux-skills
::warning title=Policy Violation: changelog-file-exists::No file matching ['CHANGELOG*'] found in: /var/folders/cj/rh7njyk91lx4s79wxsflz3vw001y2r/T/tmpc5v851nx/pkg-camx-glymur
::warning title=Policy Violation: test-directory-exists::No directory matching ['**/test*', '**/specs', '**/*test*'] found under /var/folders/cj/rh7njyk91lx4s79wxsflz3vw001y2r/T/tmpc5v851nx/pkg-camx-glymur
::warning title=Policy Violation: changelog-file-exists::No file matching ['CHANGELOG*'] found in: /var/folders/cj/rh7njyk91lx4s79wxsflz3vw001y2r/T/tmpkc0rlrpb/pkg-camx-firmware-glymur
::warning title=Policy Violation: test-directory-exists::No directory matching ['**/test*', '**/specs', '**/*test*'] found under /var/folders/cj/rh7njyk91lx4s79wxsflz3vw001y2r/T/tmpkc0rlrpb/pkg-camx-firmware-glymur
  [254/313] qualcomm-linux/qcom-linux-skills: 0 discrepancies
  [255/313] qualcomm-linux/pkg-tinyalsa: 1 discrepancies
  [256/313] qualcomm-linux/pkg-camx-glymur: 1 discrepancies
  [257/313] qualcomm-linux/pkg-camx-firmware-glymur: 1 discrepancies
WARNING reporter [FAIL] license-file-exists: No file matching ['LICENSE*', 'COPYING*', 'NOTICE*'] found in: /var/folders/cj/rh7njyk91lx4s79wxsflz3vw001y2r/T/tmpkgvq88g6/qualcomm-qrb-ros.github.io
WARNING reporter [FAIL] code-of-conduct-file-exists: No file matching ['{docs/,.github/,}CODEOFCONDUCT*', '{docs/,.github/,}CODE-OF-CONDUCT*', '{docs/,.github/,}CODE_OF_CONDUCT*'] found in: /var/folders/cj/rh7njyk91lx4s79wxsflz3vw001y2r/T/tmpkgvq88g6/qualcomm-qrb-ros.github.io
WARNING reporter [FAIL] changelog-file-exists: No file matching ['CHANGELOG*'] found in: /var/folders/cj/rh7njyk91lx4s79wxsflz3vw001y2r/T/tmpkgvq88g6/qualcomm-qrb-ros.github.io
WARNING reporter [FAIL] readme-references-license: Pattern 'license|notice' not found in README.md
WARNING reporter [FAIL] test-directory-exists: No directory matching ['**/test*', '**/specs', '**/*test*'] found under /var/folders/cj/rh7njyk91lx4s79wxsflz3vw001y2r/T/tmpkgvq88g6/qualcomm-qrb-ros.github.io
::error title=Policy Violation: license-file-exists::No file matching ['LICENSE*', 'COPYING*', 'NOTICE*'] found in: /var/folders/cj/rh7njyk91lx4s79wxsflz3vw001y2r/T/tmpkgvq88g6/qualcomm-qrb-ros.github.io
::warning title=Policy Violation: code-of-conduct-file-exists::No file matching ['{docs/,.github/,}CODEOFCONDUCT*', '{docs/,.github/,}CODE-OF-CONDUCT*', '{docs/,.github/,}CODE_OF_CONDUCT*'] found in: /var/folders/cj/rh7njyk91lx4s79wxsflz3vw001y2r/T/tmpkgvq88g6/qualcomm-qrb-ros.github.io
::warning title=Policy Violation: changelog-file-exists::No file matching ['CHANGELOG*'] found in: /var/folders/cj/rh7njyk91lx4s79wxsflz3vw001y2r/T/tmpkgvq88g6/qualcomm-qrb-ros.github.io
::error title=Policy Violation: readme-references-license,file=README.md::Pattern 'license|notice' not found in README.md
::warning title=Policy Violation: test-directory-exists::No directory matching ['**/test*', '**/specs', '**/*test*'] found under /var/folders/cj/rh7njyk91lx4s79wxsflz3vw001y2r/T/tmpkgvq88g6/qualcomm-qrb-ros.github.io
  [258/313] qualcomm-qrb-ros/qrb_ros_transport: 0 discrepancies
WARNING reporter [FAIL] source-license-headers-exist: Pattern 'SPDX-License-Identifier|Redistribution and use in source and binary forms, with or without' not found in source/conf.py
::error title=Policy Violation: source-license-headers-exist,file=source/conf.py::Pattern 'SPDX-License-Identifier|Redistribution and use in source and binary forms, with or without' not found in source/conf.py
  [259/313] qualcomm-qrb-ros/qrb_ros_camera: 0 discrepancies
WARNING reporter [FAIL] source-qualcomm-license-headers-exist: Pattern '(Copyright|©).*Qualcomm Innovation Center, Inc|Qualcomm Technologies, Inc|Copyright (\\(c\\)|©) (20(1[2-9]|2[0-2])(-|,|\\s)*)+ The Linux Foundation' not found in source/conf.py
WARNING reporter [FAIL] github-issue-template-exists: No file matching ['ISSUE_TEMPLATE*', 'ISSUE_TEMPLATE/**', '.github/ISSUE_TEMPLATE*', '.github/ISSUE_TEMPLATE/**'] found in: /var/folders/cj/rh7njyk91lx4s79wxsflz3vw001y2r/T/tmpkgvq88g6/qualcomm-qrb-ros.github.io
WARNING reporter [FAIL] github-pull-request-template-exists: No file matching ['PULL_REQUEST_TEMPLATE*', 'PULL_REQUEST_TEMPLATE/**', '.github/PULL_REQUEST_TEMPLATE*', '.github/PULL_REQUEST_TEMPLATE/**'] found in: /var/folders/cj/rh7njyk91lx4s79wxsflz3vw001y2r/T/tmpkgvq88g6/qualcomm-qrb-ros.github.io
::warning title=Policy Violation: source-qualcomm-license-headers-exist,file=source/conf.py::Pattern '(Copyright|©).*Qualcomm Innovation Center, Inc|Qualcomm Technologies, Inc|Copyright (\\(c\\)|©) (20(1[2-9]|2[0-2])(-|,|\\s)*)+ The Linux Foundation' not found in source/conf.py
::warning title=Policy Violation: github-issue-template-exists::No file matching ['ISSUE_TEMPLATE*', 'ISSUE_TEMPLATE/**', '.github/ISSUE_TEMPLATE*', '.github/ISSUE_TEMPLATE/**'] found in: /var/folders/cj/rh7njyk91lx4s79wxsflz3vw001y2r/T/tmpkgvq88g6/qualcomm-qrb-ros.github.io
::warning title=Policy Violation: github-pull-request-template-exists::No file matching ['PULL_REQUEST_TEMPLATE*', 'PULL_REQUEST_TEMPLATE/**', '.github/PULL_REQUEST_TEMPLATE*', '.github/PULL_REQUEST_TEMPLATE/**'] found in: /var/folders/cj/rh7njyk91lx4s79wxsflz3vw001y2r/T/tmpkgvq88g6/qualcomm-qrb-ros.github.io
  [260/313] qualcomm-qrb-ros/qrb_ros_imu: 0 discrepancies
WARNING reporter [FAIL] license-file-exists: No file matching ['LICENSE*', 'COPYING*', 'NOTICE*'] found in: /var/folders/cj/rh7njyk91lx4s79wxsflz3vw001y2r/T/tmp_ho42dn2/.github
WARNING reporter [FAIL] contributing-file-exists: No file matching ['{docs/,.github/,}CONTRIB*'] found in: /var/folders/cj/rh7njyk91lx4s79wxsflz3vw001y2r/T/tmp_ho42dn2/.github
::error title=Policy Violation: license-file-exists::No file matching ['LICENSE*', 'COPYING*', 'NOTICE*'] found in: /var/folders/cj/rh7njyk91lx4s79wxsflz3vw001y2r/T/tmp_ho42dn2/.github
::warning title=Policy Violation: contributing-file-exists::No file matching ['{docs/,.github/,}CONTRIB*'] found in: /var/folders/cj/rh7njyk91lx4s79wxsflz3vw001y2r/T/tmp_ho42dn2/.github
  [261/313] qualcomm-qrb-ros/qualcomm-qrb-ros.github.io: 0 discrepancies
WARNING reporter [FAIL] code-of-conduct-file-exists: No file matching ['{docs/,.github/,}CODEOFCONDUCT*', '{docs/,.github/,}CODE-OF-CONDUCT*', '{docs/,.github/,}CODE_OF_CONDUCT*'] found in: /var/folders/cj/rh7njyk91lx4s79wxsflz3vw001y2r/T/tmp_ho42dn2/.github
WARNING reporter [FAIL] changelog-file-exists: No file matching ['CHANGELOG*'] found in: /var/folders/cj/rh7njyk91lx4s79wxsflz3vw001y2r/T/tmp_ho42dn2/.github
WARNING reporter [FAIL] test-directory-exists: No directory matching ['**/test*', '**/specs', '**/*test*'] found under /var/folders/cj/rh7njyk91lx4s79wxsflz3vw001y2r/T/tmp_ho42dn2/.github
WARNING reporter [FAIL] github-issue-template-exists: No file matching ['ISSUE_TEMPLATE*', 'ISSUE_TEMPLATE/**', '.github/ISSUE_TEMPLATE*', '.github/ISSUE_TEMPLATE/**'] found in: /var/folders/cj/rh7njyk91lx4s79wxsflz3vw001y2r/T/tmp_ho42dn2/.github
WARNING reporter [FAIL] github-pull-request-template-exists: No file matching ['PULL_REQUEST_TEMPLATE*', 'PULL_REQUEST_TEMPLATE/**', '.github/PULL_REQUEST_TEMPLATE*', '.github/PULL_REQUEST_TEMPLATE/**'] found in: /var/folders/cj/rh7njyk91lx4s79wxsflz3vw001y2r/T/tmp_ho42dn2/.github
::warning title=Policy Violation: code-of-conduct-file-exists::No file matching ['{docs/,.github/,}CODEOFCONDUCT*', '{docs/,.github/,}CODE-OF-CONDUCT*', '{docs/,.github/,}CODE_OF_CONDUCT*'] found in: /var/folders/cj/rh7njyk91lx4s79wxsflz3vw001y2r/T/tmp_ho42dn2/.github
::warning title=Policy Violation: changelog-file-exists::No file matching ['CHANGELOG*'] found in: /var/folders/cj/rh7njyk91lx4s79wxsflz3vw001y2r/T/tmp_ho42dn2/.github
::warning title=Policy Violation: test-directory-exists::No directory matching ['**/test*', '**/specs', '**/*test*'] found under /var/folders/cj/rh7njyk91lx4s79wxsflz3vw001y2r/T/tmp_ho42dn2/.github
::warning title=Policy Violation: github-issue-template-exists::No file matching ['ISSUE_TEMPLATE*', 'ISSUE_TEMPLATE/**', '.github/ISSUE_TEMPLATE*', '.github/ISSUE_TEMPLATE/**'] found in: /var/folders/cj/rh7njyk91lx4s79wxsflz3vw001y2r/T/tmp_ho42dn2/.github
::warning title=Policy Violation: github-pull-request-template-exists::No file matching ['PULL_REQUEST_TEMPLATE*', 'PULL_REQUEST_TEMPLATE/**', '.github/PULL_REQUEST_TEMPLATE*', '.github/PULL_REQUEST_TEMPLATE/**'] found in: /var/folders/cj/rh7njyk91lx4s79wxsflz3vw001y2r/T/tmp_ho42dn2/.github
  [262/313] qualcomm-qrb-ros/lib_mem_dmabuf: 0 discrepancies
  [263/313] qualcomm-qrb-ros/dmabuf_transport: 0 discrepancies
  [264/313] qualcomm-qrb-ros/.github: 1 discrepancies
WARNING reporter [FAIL] test-directory-exists: No directory matching ['**/test*', '**/specs', '**/*test*'] found under /var/folders/cj/rh7njyk91lx4s79wxsflz3vw001y2r/T/tmpt100yjc8/qrb_ros_interfaces
WARNING reporter [FAIL] test-directory-exists: No directory matching ['**/test*', '**/specs', '**/*test*'] found under /var/folders/cj/rh7njyk91lx4s79wxsflz3vw001y2r/T/tmp2gp436ay/qrb_ros_color_space_convert
WARNING reporter [FAIL] test-directory-exists: No directory matching ['**/test*', '**/specs', '**/*test*'] found under /var/folders/cj/rh7njyk91lx4s79wxsflz3vw001y2r/T/tmpg4g_dn_k/qrb_ros_benchmark
::warning title=Policy Violation: test-directory-exists::No directory matching ['**/test*', '**/specs', '**/*test*'] found under /var/folders/cj/rh7njyk91lx4s79wxsflz3vw001y2r/T/tmpt100yjc8/qrb_ros_interfaces
::warning title=Policy Violation: test-directory-exists::No directory matching ['**/test*', '**/specs', '**/*test*'] found under /var/folders/cj/rh7njyk91lx4s79wxsflz3vw001y2r/T/tmp2gp436ay/qrb_ros_color_space_convert
::warning title=Policy Violation: test-directory-exists::No directory matching ['**/test*', '**/specs', '**/*test*'] found under /var/folders/cj/rh7njyk91lx4s79wxsflz3vw001y2r/T/tmpg4g_dn_k/qrb_ros_benchmark
  [265/313] qualcomm-qrb-ros/qrb_ros_interfaces: 1 discrepancies
  [266/313] qualcomm-qrb-ros/qrb_ros_color_space_convert: 0 discrepancies
  [267/313] qualcomm-qrb-ros/qrb_ros_benchmark: 0 discrepancies
WARNING reporter [FAIL] python-package-metadata-exists: No file matching ['setup.py', 'requirements.txt'] found in: /var/folders/cj/rh7njyk91lx4s79wxsflz3vw001y2r/T/tmp7r43jwzi/qrb_ros_nn_inference
::warning title=Policy Violation: python-package-metadata-exists::No file matching ['setup.py', 'requirements.txt'] found in: /var/folders/cj/rh7njyk91lx4s79wxsflz3vw001y2r/T/tmp7r43jwzi/qrb_ros_nn_inference
  [268/313] qualcomm-qrb-ros/qrb_ros_nn_inference: 0 discrepancies
WARNING reporter [FAIL] test-directory-exists: No directory matching ['**/test*', '**/specs', '**/*test*'] found under /var/folders/cj/rh7njyk91lx4s79wxsflz3vw001y2r/T/tmpra1oizk_/qrb_ros_image_resize
WARNING reporter [FAIL] test-directory-exists: No directory matching ['**/test*', '**/specs', '**/*test*'] found under /var/folders/cj/rh7njyk91lx4s79wxsflz3vw001y2r/T/tmp4za7wlim/qrb_ros_system_monitor
WARNING reporter [FAIL] test-directory-exists: No directory matching ['**/test*', '**/specs', '**/*test*'] found under /var/folders/cj/rh7njyk91lx4s79wxsflz3vw001y2r/T/tmpi0l3fa8h/qrb_ros_robot_base
WARNING reporter [FAIL] python-package-metadata-exists: No file matching ['setup.py', 'requirements.txt'] found in: /var/folders/cj/rh7njyk91lx4s79wxsflz3vw001y2r/T/tmpi0l3fa8h/qrb_ros_robot_base
WARNING reporter [FAIL] code-of-conduct-file-exists: No file matching ['{docs/,.github/,}CODEOFCONDUCT*', '{docs/,.github/,}CODE-OF-CONDUCT*', '{docs/,.github/,}CODE_OF_CONDUCT*'] found in: /var/folders/cj/rh7njyk91lx4s79wxsflz3vw001y2r/T/tmpv976w1tn/qrb_ros_tensor_process
WARNING reporter [FAIL] changelog-file-exists: No file matching ['CHANGELOG*'] found in: /var/folders/cj/rh7njyk91lx4s79wxsflz3vw001y2r/T/tmpv976w1tn/qrb_ros_tensor_process
WARNING reporter [FAIL] test-directory-exists: No directory matching ['**/test*', '**/specs', '**/*test*'] found under /var/folders/cj/rh7njyk91lx4s79wxsflz3vw001y2r/T/tmpv976w1tn/qrb_ros_tensor_process
::warning title=Policy Violation: test-directory-exists::No directory matching ['**/test*', '**/specs', '**/*test*'] found under /var/folders/cj/rh7njyk91lx4s79wxsflz3vw001y2r/T/tmpra1oizk_/qrb_ros_image_resize
::warning title=Policy Violation: test-directory-exists::No directory matching ['**/test*', '**/specs', '**/*test*'] found under /var/folders/cj/rh7njyk91lx4s79wxsflz3vw001y2r/T/tmp4za7wlim/qrb_ros_system_monitor
::warning title=Policy Violation: test-directory-exists::No directory matching ['**/test*', '**/specs', '**/*test*'] found under /var/folders/cj/rh7njyk91lx4s79wxsflz3vw001y2r/T/tmpi0l3fa8h/qrb_ros_robot_base
::warning title=Policy Violation: python-package-metadata-exists::No file matching ['setup.py', 'requirements.txt'] found in: /var/folders/cj/rh7njyk91lx4s79wxsflz3vw001y2r/T/tmpi0l3fa8h/qrb_ros_robot_base
::warning title=Policy Violation: code-of-conduct-file-exists::No file matching ['{docs/,.github/,}CODEOFCONDUCT*', '{docs/,.github/,}CODE-OF-CONDUCT*', '{docs/,.github/,}CODE_OF_CONDUCT*'] found in: /var/folders/cj/rh7njyk91lx4s79wxsflz3vw001y2r/T/tmpv976w1tn/qrb_ros_tensor_process
::warning title=Policy Violation: changelog-file-exists::No file matching ['CHANGELOG*'] found in: /var/folders/cj/rh7njyk91lx4s79wxsflz3vw001y2r/T/tmpv976w1tn/qrb_ros_tensor_process
::warning title=Policy Violation: test-directory-exists::No directory matching ['**/test*', '**/specs', '**/*test*'] found under /var/folders/cj/rh7njyk91lx4s79wxsflz3vw001y2r/T/tmpv976w1tn/qrb_ros_tensor_process
  [269/313] qualcomm-qrb-ros/qrb_ros_image_resize: 0 discrepancies
  [270/313] qualcomm-qrb-ros/qrb_ros_system_monitor: 0 discrepancies
WARNING reporter [FAIL] contributing-file-exists: No file matching ['{docs/,.github/,}CONTRIB*'] found in: /var/folders/cj/rh7njyk91lx4s79wxsflz3vw001y2r/T/tmp91pxwnuy/kernel
WARNING reporter [FAIL] contributing-file-exists: No file matching ['{docs/,.github/,}CONTRIB*'] found in: /var/folders/cj/rh7njyk91lx4s79wxsflz3vw001y2r/T/tmp1r10n3tf/kernel-topics
::warning title=Policy Violation: contributing-file-exists::No file matching ['{docs/,.github/,}CONTRIB*'] found in: /var/folders/cj/rh7njyk91lx4s79wxsflz3vw001y2r/T/tmp91pxwnuy/kernel
::warning title=Policy Violation: contributing-file-exists::No file matching ['{docs/,.github/,}CONTRIB*'] found in: /var/folders/cj/rh7njyk91lx4s79wxsflz3vw001y2r/T/tmp1r10n3tf/kernel-topics
  [271/313] qualcomm-qrb-ros/qrb_ros_robot_base: 0 discrepancies
WARNING reporter [FAIL] license-file-exists: No file matching ['LICENSE*', 'COPYING*', 'NOTICE*'] found in: /var/folders/cj/rh7njyk91lx4s79wxsflz3vw001y2r/T/tmpjjnmzlj3/qrb_ros_motion_manager_service
WARNING reporter [FAIL] code-of-conduct-file-exists: No file matching ['{docs/,.github/,}CODEOFCONDUCT*', '{docs/,.github/,}CODE-OF-CONDUCT*', '{docs/,.github/,}CODE_OF_CONDUCT*'] found in: /var/folders/cj/rh7njyk91lx4s79wxsflz3vw001y2r/T/tmpjjnmzlj3/qrb_ros_motion_manager_service
WARNING reporter [FAIL] changelog-file-exists: No file matching ['CHANGELOG*'] found in: /var/folders/cj/rh7njyk91lx4s79wxsflz3vw001y2r/T/tmpjjnmzlj3/qrb_ros_motion_manager_service
WARNING reporter [FAIL] readme-references-license: Pattern 'license|notice' not found in README.md
WARNING reporter [FAIL] test-directory-exists: No directory matching ['**/test*', '**/specs', '**/*test*'] found under /var/folders/cj/rh7njyk91lx4s79wxsflz3vw001y2r/T/tmpjjnmzlj3/qrb_ros_motion_manager_service
::error title=Policy Violation: license-file-exists::No file matching ['LICENSE*', 'COPYING*', 'NOTICE*'] found in: /var/folders/cj/rh7njyk91lx4s79wxsflz3vw001y2r/T/tmpjjnmzlj3/qrb_ros_motion_manager_service
::warning title=Policy Violation: code-of-conduct-file-exists::No file matching ['{docs/,.github/,}CODEOFCONDUCT*', '{docs/,.github/,}CODE-OF-CONDUCT*', '{docs/,.github/,}CODE_OF_CONDUCT*'] found in: /var/folders/cj/rh7njyk91lx4s79wxsflz3vw001y2r/T/tmpjjnmzlj3/qrb_ros_motion_manager_service
::warning title=Policy Violation: changelog-file-exists::No file matching ['CHANGELOG*'] found in: /var/folders/cj/rh7njyk91lx4s79wxsflz3vw001y2r/T/tmpjjnmzlj3/qrb_ros_motion_manager_service
::error title=Policy Violation: readme-references-license,file=README.md::Pattern 'license|notice' not found in README.md
::warning title=Policy Violation: test-directory-exists::No directory matching ['**/test*', '**/specs', '**/*test*'] found under /var/folders/cj/rh7njyk91lx4s79wxsflz3vw001y2r/T/tmpjjnmzlj3/qrb_ros_motion_manager_service
  [272/313] qualcomm-qrb-ros/qrb_ros_tensor_process: 0 discrepancies
WARNING reporter [FAIL] test-directory-exists: No directory matching ['**/test*', '**/specs', '**/*test*'] found under /var/folders/cj/rh7njyk91lx4s79wxsflz3vw001y2r/T/tmp9w2cf5b9/qrb_ros_amr_service
WARNING reporter [FAIL] github-issue-template-exists: No file matching ['ISSUE_TEMPLATE*', 'ISSUE_TEMPLATE/**', '.github/ISSUE_TEMPLATE*', '.github/ISSUE_TEMPLATE/**'] found in: /var/folders/cj/rh7njyk91lx4s79wxsflz3vw001y2r/T/tmp9w2cf5b9/qrb_ros_amr_service
WARNING reporter [FAIL] github-pull-request-template-exists: No file matching ['PULL_REQUEST_TEMPLATE*', 'PULL_REQUEST_TEMPLATE/**', '.github/PULL_REQUEST_TEMPLATE*', '.github/PULL_REQUEST_TEMPLATE/**'] found in: /var/folders/cj/rh7njyk91lx4s79wxsflz3vw001y2r/T/tmp9w2cf5b9/qrb_ros_amr_service
WARNING reporter [FAIL] code-of-conduct-file-exists: No file matching ['{docs/,.github/,}CODEOFCONDUCT*', '{docs/,.github/,}CODE-OF-CONDUCT*', '{docs/,.github/,}CODE_OF_CONDUCT*'] found in: /var/folders/cj/rh7njyk91lx4s79wxsflz3vw001y2r/T/tmp2csjxlxx/qrb_ros_manipulator
::warning title=Policy Violation: test-directory-exists::No directory matching ['**/test*', '**/specs', '**/*test*'] found under /var/folders/cj/rh7njyk91lx4s79wxsflz3vw001y2r/T/tmp9w2cf5b9/qrb_ros_amr_service
::warning title=Policy Violation: github-issue-template-exists::No file matching ['ISSUE_TEMPLATE*', 'ISSUE_TEMPLATE/**', '.github/ISSUE_TEMPLATE*', '.github/ISSUE_TEMPLATE/**'] found in: /var/folders/cj/rh7njyk91lx4s79wxsflz3vw001y2r/T/tmp9w2cf5b9/qrb_ros_amr_service
::warning title=Policy Violation: github-pull-request-template-exists::No file matching ['PULL_REQUEST_TEMPLATE*', 'PULL_REQUEST_TEMPLATE/**', '.github/PULL_REQUEST_TEMPLATE*', '.github/PULL_REQUEST_TEMPLATE/**'] found in: /var/folders/cj/rh7njyk91lx4s79wxsflz3vw001y2r/T/tmp9w2cf5b9/qrb_ros_amr_service
::warning title=Policy Violation: code-of-conduct-file-exists::No file matching ['{docs/,.github/,}CODEOFCONDUCT*', '{docs/,.github/,}CODE-OF-CONDUCT*', '{docs/,.github/,}CODE_OF_CONDUCT*'] found in: /var/folders/cj/rh7njyk91lx4s79wxsflz3vw001y2r/T/tmp2csjxlxx/qrb_ros_manipulator
  [273/313] qualcomm-qrb-ros/qrb_ros_motion_manager_service: 0 discrepancies
WARNING reporter [FAIL] python-package-metadata-exists: No file matching ['setup.py', 'requirements.txt'] found in: /var/folders/cj/rh7njyk91lx4s79wxsflz3vw001y2r/T/tmpqgfy7mpj/qrb_ros_audio_service
::warning title=Policy Violation: python-package-metadata-exists::No file matching ['setup.py', 'requirements.txt'] found in: /var/folders/cj/rh7njyk91lx4s79wxsflz3vw001y2r/T/tmpqgfy7mpj/qrb_ros_audio_service
  [274/313] qualcomm-qrb-ros/qrb_ros_amr_service: 0 discrepancies
WARNING reporter [FAIL] python-package-metadata-exists: No file matching ['setup.py', 'requirements.txt'] found in: /var/folders/cj/rh7njyk91lx4s79wxsflz3vw001y2r/T/tmp2csjxlxx/qrb_ros_manipulator
WARNING reporter [FAIL] test-directory-exists: No directory matching ['**/test*', '**/specs', '**/*test*'] found under /var/folders/cj/rh7njyk91lx4s79wxsflz3vw001y2r/T/tmpgqujhaw9/qrb_ros_docker
::warning title=Policy Violation: python-package-metadata-exists::No file matching ['setup.py', 'requirements.txt'] found in: /var/folders/cj/rh7njyk91lx4s79wxsflz3vw001y2r/T/tmp2csjxlxx/qrb_ros_manipulator
::warning title=Policy Violation: test-directory-exists::No directory matching ['**/test*', '**/specs', '**/*test*'] found under /var/folders/cj/rh7njyk91lx4s79wxsflz3vw001y2r/T/tmpgqujhaw9/qrb_ros_docker
  [275/313] qualcomm-qrb-ros/qrb_ros_audio_service: 0 discrepancies
  [276/313] qualcomm-qrb-ros/qrb_ros_manipulator: 0 discrepancies
WARNING reporter [FAIL] test-directory-exists: No directory matching ['**/test*', '**/specs', '**/*test*'] found under /var/folders/cj/rh7njyk91lx4s79wxsflz3vw001y2r/T/tmpz0yff5oe/qrb_ros_sensor_service
::warning title=Policy Violation: test-directory-exists::No directory matching ['**/test*', '**/specs', '**/*test*'] found under /var/folders/cj/rh7njyk91lx4s79wxsflz3vw001y2r/T/tmpz0yff5oe/qrb_ros_sensor_service
  [277/313] qualcomm-qrb-ros/qrb_ros_docker: 0 discrepancies
WARNING reporter [FAIL] python-package-metadata-exists: No file matching ['setup.py', 'requirements.txt'] found in: /var/folders/cj/rh7njyk91lx4s79wxsflz3vw001y2r/T/tmpie6i3zx8/qrb_ros_video
::warning title=Policy Violation: python-package-metadata-exists::No file matching ['setup.py', 'requirements.txt'] found in: /var/folders/cj/rh7njyk91lx4s79wxsflz3vw001y2r/T/tmpie6i3zx8/qrb_ros_video
  [278/313] qualcomm-qrb-ros/qrb_ros_sensor_service: 0 discrepancies
  [279/313] qualcomm-qrb-ros/qrb_ros_video: 0 discrepancies
  [280/313] qualcomm-qrb-ros/qrb_ros_battery: 0 discrepancies
WARNING reporter [FAIL] source-license-headers-exist: Pattern 'SPDX-License-Identifier|Redistribution and use in source and binary forms, with or without' not found in libqrc/protocol/tinyframe/TinyFrame.c
WARNING reporter [FAIL] test-directory-exists: No directory matching ['**/test*', '**/specs', '**/*test*'] found under /var/folders/cj/rh7njyk91lx4s79wxsflz3vw001y2r/T/tmpx7ysq56j/qrb_ros_distro
WARNING reporter [FAIL] source-qualcomm-license-headers-exist: Pattern '(Copyright|©).*Qualcomm Innovation Center, Inc|Qualcomm Technologies, Inc|Copyright (\\(c\\)|©) (20(1[2-9]|2[0-2])(-|,|\\s)*)+ The Linux Foundation' not found in libqrc/protocol/tinyframe/TinyFrame.c
WARNING reporter [FAIL] github-issue-template-exists: No file matching ['ISSUE_TEMPLATE*', 'ISSUE_TEMPLATE/**', '.github/ISSUE_TEMPLATE*', '.github/ISSUE_TEMPLATE/**'] found in: /var/folders/cj/rh7njyk91lx4s79wxsflz3vw001y2r/T/tmpeodyg053/libqrc
WARNING reporter [FAIL] github-pull-request-template-exists: No file matching ['PULL_REQUEST_TEMPLATE*', 'PULL_REQUEST_TEMPLATE/**', '.github/PULL_REQUEST_TEMPLATE*', '.github/PULL_REQUEST_TEMPLATE/**'] found in: /var/folders/cj/rh7njyk91lx4s79wxsflz3vw001y2r/T/tmpeodyg053/libqrc
WARNING reporter [FAIL] github-issue-template-exists: No file matching ['ISSUE_TEMPLATE*', 'ISSUE_TEMPLATE/**', '.github/ISSUE_TEMPLATE*', '.github/ISSUE_TEMPLATE/**'] found in: /var/folders/cj/rh7njyk91lx4s79wxsflz3vw001y2r/T/tmpx7ysq56j/qrb_ros_distro
::error title=Policy Violation: source-license-headers-exist,file=libqrc/protocol/tinyframe/TinyFrame.c::Pattern 'SPDX-License-Identifier|Redistribution and use in source and binary forms, with or without' not found in libqrc/protocol/tinyframe/TinyFrame.c
::warning title=Policy Violation: test-directory-exists::No directory matching ['**/test*', '**/specs', '**/*test*'] found under /var/folders/cj/rh7njyk91lx4s79wxsflz3vw001y2r/T/tmpx7ysq56j/qrb_ros_distro
::warning title=Policy Violation: source-qualcomm-license-headers-exist,file=libqrc/protocol/tinyframe/TinyFrame.c::Pattern '(Copyright|©).*Qualcomm Innovation Center, Inc|Qualcomm Technologies, Inc|Copyright (\\(c\\)|©) (20(1[2-9]|2[0-2])(-|,|\\s)*)+ The Linux Foundation' not found in libqrc/protocol/tinyframe/TinyFrame.c
::warning title=Policy Violation: github-issue-template-exists::No file matching ['ISSUE_TEMPLATE*', 'ISSUE_TEMPLATE/**', '.github/ISSUE_TEMPLATE*', '.github/ISSUE_TEMPLATE/**'] found in: /var/folders/cj/rh7njyk91lx4s79wxsflz3vw001y2r/T/tmpeodyg053/libqrc
::warning title=Policy Violation: github-pull-request-template-exists::No file matching ['PULL_REQUEST_TEMPLATE*', 'PULL_REQUEST_TEMPLATE/**', '.github/PULL_REQUEST_TEMPLATE*', '.github/PULL_REQUEST_TEMPLATE/**'] found in: /var/folders/cj/rh7njyk91lx4s79wxsflz3vw001y2r/T/tmpeodyg053/libqrc
::warning title=Policy Violation: github-issue-template-exists::No file matching ['ISSUE_TEMPLATE*', 'ISSUE_TEMPLATE/**', '.github/ISSUE_TEMPLATE*', '.github/ISSUE_TEMPLATE/**'] found in: /var/folders/cj/rh7njyk91lx4s79wxsflz3vw001y2r/T/tmpx7ysq56j/qrb_ros_distro
  [281/313] qualcomm-qrb-ros/libqrc: 0 discrepancies
  [282/313] qualcomm-qrb-ros/qrb_ros_distro: 1 discrepancies
WARNING reporter [FAIL] test-directory-exists: No directory matching ['**/test*', '**/specs', '**/*test*'] found under /var/folders/cj/rh7njyk91lx4s79wxsflz3vw001y2r/T/tmptb27xgsb/qrb_ros_simulation
WARNING reporter [FAIL] python-package-metadata-exists: No file matching ['setup.py', 'requirements.txt'] found in: /var/folders/cj/rh7njyk91lx4s79wxsflz3vw001y2r/T/tmptb27xgsb/qrb_ros_simulation
WARNING reporter [FAIL] test-directory-exists: No directory matching ['**/test*', '**/specs', '**/*test*'] found under /var/folders/cj/rh7njyk91lx4s79wxsflz3vw001y2r/T/tmpje456b06/qrb_ros_follow_path_service
WARNING reporter [FAIL] test-directory-exists: No directory matching ['**/test*', '**/specs', '**/*test*'] found under /var/folders/cj/rh7njyk91lx4s79wxsflz3vw001y2r/T/tmpt33uhir8/qrb_ros_calibrator
::warning title=Policy Violation: test-directory-exists::No directory matching ['**/test*', '**/specs', '**/*test*'] found under /var/folders/cj/rh7njyk91lx4s79wxsflz3vw001y2r/T/tmptb27xgsb/qrb_ros_simulation
::warning title=Policy Violation: python-package-metadata-exists::No file matching ['setup.py', 'requirements.txt'] found in: /var/folders/cj/rh7njyk91lx4s79wxsflz3vw001y2r/T/tmptb27xgsb/qrb_ros_simulation
::warning title=Policy Violation: test-directory-exists::No directory matching ['**/test*', '**/specs', '**/*test*'] found under /var/folders/cj/rh7njyk91lx4s79wxsflz3vw001y2r/T/tmpje456b06/qrb_ros_follow_path_service
::warning title=Policy Violation: test-directory-exists::No directory matching ['**/test*', '**/specs', '**/*test*'] found under /var/folders/cj/rh7njyk91lx4s79wxsflz3vw001y2r/T/tmpt33uhir8/qrb_ros_calibrator
  [283/313] qualcomm-qrb-ros/qrb_ros_simulation: 0 discrepancies
WARNING reporter [FAIL] test-directory-exists: No directory matching ['**/test*', '**/specs', '**/*test*'] found under /var/folders/cj/rh7njyk91lx4s79wxsflz3vw001y2r/T/tmpxth0j8zf/qrb_ros_repository_template
::warning title=Policy Violation: test-directory-exists::No directory matching ['**/test*', '**/specs', '**/*test*'] found under /var/folders/cj/rh7njyk91lx4s79wxsflz3vw001y2r/T/tmpxth0j8zf/qrb_ros_repository_template
  [284/313] qualcomm-qrb-ros/qrb_ros_follow_path_service: 0 discrepancies
  [285/313] qualcomm-qrb-ros/qrb_ros_calibrator: 0 discrepancies
  [286/313] qualcomm-qrb-ros/qrb_ros_repository_template: 1 discrepancies
WARNING reporter [FAIL] test-directory-exists: No directory matching ['**/test*', '**/specs', '**/*test*'] found under /var/folders/cj/rh7njyk91lx4s79wxsflz3vw001y2r/T/tmp4nm6uh71/qrb_ros_gh_actions
WARNING reporter [FAIL] test-directory-exists: No directory matching ['**/test*', '**/specs', '**/*test*'] found under /var/folders/cj/rh7njyk91lx4s79wxsflz3vw001y2r/T/tmp4b85rcpl/ocr_service
WARNING reporter [FAIL] source-qualcomm-license-headers-exist: Pattern '(Copyright|©).*Qualcomm Innovation Center, Inc|Qualcomm Technologies, Inc|Copyright (\\(c\\)|©) (20(1[2-9]|2[0-2])(-|,|\\s)*)+ The Linux Foundation' not found in ai_vision/sample_face_detection/sample_face_detection/draw.py
WARNING reporter [FAIL] python-package-metadata-exists: No file matching ['setup.py', 'requirements.txt'] found in: /var/folders/cj/rh7njyk91lx4s79wxsflz3vw001y2r/T/tmpe2pd1t3q/qrb_ros_samples
::warning title=Policy Violation: test-directory-exists::No directory matching ['**/test*', '**/specs', '**/*test*'] found under /var/folders/cj/rh7njyk91lx4s79wxsflz3vw001y2r/T/tmp4nm6uh71/qrb_ros_gh_actions
::warning title=Policy Violation: test-directory-exists::No directory matching ['**/test*', '**/specs', '**/*test*'] found under /var/folders/cj/rh7njyk91lx4s79wxsflz3vw001y2r/T/tmp4b85rcpl/ocr_service
::warning title=Policy Violation: source-qualcomm-license-headers-exist,file=ai_vision/sample_face_detection/sample_face_detection/draw.py::Pattern '(Copyright|©).*Qualcomm Innovation Center, Inc|Qualcomm Technologies, Inc|Copyright (\\(c\\)|©) (20(1[2-9]|2[0-2])(-|,|\\s)*)+ The Linux Foundation' not found in ai_vision/sample_face_detection/sample_face_detection/draw.py
::warning title=Policy Violation: python-package-metadata-exists::No file matching ['setup.py', 'requirements.txt'] found in: /var/folders/cj/rh7njyk91lx4s79wxsflz3vw001y2r/T/tmpe2pd1t3q/qrb_ros_samples
  [287/313] qualcomm-qrb-ros/qrb_ros_gh_actions: 0 discrepancies
WARNING reporter [FAIL] changelog-file-exists: No file matching ['CHANGELOG*'] found in: /var/folders/cj/rh7njyk91lx4s79wxsflz3vw001y2r/T/tmptexnukha/ROS2-DDSConfig-Optimizer
WARNING reporter [FAIL] python-package-metadata-exists: No file matching ['setup.py', 'requirements.txt'] found in: /var/folders/cj/rh7njyk91lx4s79wxsflz3vw001y2r/T/tmp4b85rcpl/ocr_service
WARNING reporter [FAIL] source-license-headers-exist: Pattern 'SPDX-License-Identifier|Redistribution and use in source and binary forms, with or without' not found in js/scripts.min.js
::warning title=Policy Violation: changelog-file-exists::No file matching ['CHANGELOG*'] found in: /var/folders/cj/rh7njyk91lx4s79wxsflz3vw001y2r/T/tmptexnukha/ROS2-DDSConfig-Optimizer
::warning title=Policy Violation: python-package-metadata-exists::No file matching ['setup.py', 'requirements.txt'] found in: /var/folders/cj/rh7njyk91lx4s79wxsflz3vw001y2r/T/tmp4b85rcpl/ocr_service
::error title=Policy Violation: source-license-headers-exist,file=js/scripts.min.js::Pattern 'SPDX-License-Identifier|Redistribution and use in source and binary forms, with or without' not found in js/scripts.min.js
  [288/313] qualcomm-qrb-ros/ocr_service: 1 discrepancies
  [289/313] qualcomm-qrb-ros/qrb_ros_samples: 1 discrepancies
WARNING reporter [FAIL] python-package-metadata-exists: No file matching ['setup.py', 'requirements.txt'] found in: /var/folders/cj/rh7njyk91lx4s79wxsflz3vw001y2r/T/tmptexnukha/ROS2-DDSConfig-Optimizer
WARNING reporter [FAIL] changelog-file-exists: No file matching ['CHANGELOG*'] found in: /var/folders/cj/rh7njyk91lx4s79wxsflz3vw001y2r/T/tmpc63x69ix/audioreach-kernel
WARNING reporter [FAIL] test-directory-exists: No directory matching ['**/test*', '**/specs', '**/*test*'] found under /var/folders/cj/rh7njyk91lx4s79wxsflz3vw001y2r/T/tmpc63x69ix/audioreach-kernel
::warning title=Policy Violation: python-package-metadata-exists::No file matching ['setup.py', 'requirements.txt'] found in: /var/folders/cj/rh7njyk91lx4s79wxsflz3vw001y2r/T/tmptexnukha/ROS2-DDSConfig-Optimizer
::warning title=Policy Violation: changelog-file-exists::No file matching ['CHANGELOG*'] found in: /var/folders/cj/rh7njyk91lx4s79wxsflz3vw001y2r/T/tmpc63x69ix/audioreach-kernel
::warning title=Policy Violation: test-directory-exists::No directory matching ['**/test*', '**/specs', '**/*test*'] found under /var/folders/cj/rh7njyk91lx4s79wxsflz3vw001y2r/T/tmpc63x69ix/audioreach-kernel
  [290/313] qualcomm-qrb-ros/ROS2-DDSConfig-Optimizer: 0 discrepancies
WARNING reporter [FAIL] github-issue-template-exists: No file matching ['ISSUE_TEMPLATE*', 'ISSUE_TEMPLATE/**', '.github/ISSUE_TEMPLATE*', '.github/ISSUE_TEMPLATE/**'] found in: /var/folders/cj/rh7njyk91lx4s79wxsflz3vw001y2r/T/tmpc63x69ix/audioreach-kernel
WARNING reporter [FAIL] github-pull-request-template-exists: No file matching ['PULL_REQUEST_TEMPLATE*', 'PULL_REQUEST_TEMPLATE/**', '.github/PULL_REQUEST_TEMPLATE*', '.github/PULL_REQUEST_TEMPLATE/**'] found in: /var/folders/cj/rh7njyk91lx4s79wxsflz3vw001y2r/T/tmpc63x69ix/audioreach-kernel
WARNING reporter [FAIL] changelog-file-exists: No file matching ['CHANGELOG*'] found in: /var/folders/cj/rh7njyk91lx4s79wxsflz3vw001y2r/T/tmp_0j2v_2c/audioreach-graphservices
WARNING reporter [FAIL] changelog-file-exists: No file matching ['CHANGELOG*'] found in: /var/folders/cj/rh7njyk91lx4s79wxsflz3vw001y2r/T/tmpj6bptlk0/audioreach-graphmgr
::warning title=Policy Violation: github-issue-template-exists::No file matching ['ISSUE_TEMPLATE*', 'ISSUE_TEMPLATE/**', '.github/ISSUE_TEMPLATE*', '.github/ISSUE_TEMPLATE/**'] found in: /var/folders/cj/rh7njyk91lx4s79wxsflz3vw001y2r/T/tmpc63x69ix/audioreach-kernel
::warning title=Policy Violation: github-pull-request-template-exists::No file matching ['PULL_REQUEST_TEMPLATE*', 'PULL_REQUEST_TEMPLATE/**', '.github/PULL_REQUEST_TEMPLATE*', '.github/PULL_REQUEST_TEMPLATE/**'] found in: /var/folders/cj/rh7njyk91lx4s79wxsflz3vw001y2r/T/tmpc63x69ix/audioreach-kernel
::warning title=Policy Violation: changelog-file-exists::No file matching ['CHANGELOG*'] found in: /var/folders/cj/rh7njyk91lx4s79wxsflz3vw001y2r/T/tmp_0j2v_2c/audioreach-graphservices
::warning title=Policy Violation: changelog-file-exists::No file matching ['CHANGELOG*'] found in: /var/folders/cj/rh7njyk91lx4s79wxsflz3vw001y2r/T/tmpj6bptlk0/audioreach-graphmgr
  [291/313] audioreach/audioreach-kernel: 0 discrepancies
WARNING reporter [FAIL] changelog-file-exists: No file matching ['CHANGELOG*'] found in: /var/folders/cj/rh7njyk91lx4s79wxsflz3vw001y2r/T/tmpf6vfu0w6/audioreach-conf
WARNING reporter [FAIL] test-directory-exists: No directory matching ['**/test*', '**/specs', '**/*test*'] found under /var/folders/cj/rh7njyk91lx4s79wxsflz3vw001y2r/T/tmpf6vfu0w6/audioreach-conf
WARNING reporter [FAIL] github-issue-template-exists: No file matching ['ISSUE_TEMPLATE*', 'ISSUE_TEMPLATE/**', '.github/ISSUE_TEMPLATE*', '.github/ISSUE_TEMPLATE/**'] found in: /var/folders/cj/rh7njyk91lx4s79wxsflz3vw001y2r/T/tmpf6vfu0w6/audioreach-conf
WARNING reporter [FAIL] github-pull-request-template-exists: No file matching ['PULL_REQUEST_TEMPLATE*', 'PULL_REQUEST_TEMPLATE/**', '.github/PULL_REQUEST_TEMPLATE*', '.github/PULL_REQUEST_TEMPLATE/**'] found in: /var/folders/cj/rh7njyk91lx4s79wxsflz3vw001y2r/T/tmpf6vfu0w6/audioreach-conf
WARNING reporter [FAIL] github-issue-template-exists: No file matching ['ISSUE_TEMPLATE*', 'ISSUE_TEMPLATE/**', '.github/ISSUE_TEMPLATE*', '.github/ISSUE_TEMPLATE/**'] found in: /var/folders/cj/rh7njyk91lx4s79wxsflz3vw001y2r/T/tmpj6bptlk0/audioreach-graphmgr
WARNING reporter [FAIL] github-pull-request-template-exists: No file matching ['PULL_REQUEST_TEMPLATE*', 'PULL_REQUEST_TEMPLATE/**', '.github/PULL_REQUEST_TEMPLATE*', '.github/PULL_REQUEST_TEMPLATE/**'] found in: /var/folders/cj/rh7njyk91lx4s79wxsflz3vw001y2r/T/tmpj6bptlk0/audioreach-graphmgr
WARNING reporter [FAIL] changelog-file-exists: No file matching ['CHANGELOG*'] found in: /var/folders/cj/rh7njyk91lx4s79wxsflz3vw001y2r/T/tmpad8bx19q/audioreach-doc
::warning title=Policy Violation: changelog-file-exists::No file matching ['CHANGELOG*'] found in: /var/folders/cj/rh7njyk91lx4s79wxsflz3vw001y2r/T/tmpf6vfu0w6/audioreach-conf
::warning title=Policy Violation: test-directory-exists::No directory matching ['**/test*', '**/specs', '**/*test*'] found under /var/folders/cj/rh7njyk91lx4s79wxsflz3vw001y2r/T/tmpf6vfu0w6/audioreach-conf
::warning title=Policy Violation: github-issue-template-exists::No file matching ['ISSUE_TEMPLATE*', 'ISSUE_TEMPLATE/**', '.github/ISSUE_TEMPLATE*', '.github/ISSUE_TEMPLATE/**'] found in: /var/folders/cj/rh7njyk91lx4s79wxsflz3vw001y2r/T/tmpf6vfu0w6/audioreach-conf
::warning title=Policy Violation: github-pull-request-template-exists::No file matching ['PULL_REQUEST_TEMPLATE*', 'PULL_REQUEST_TEMPLATE/**', '.github/PULL_REQUEST_TEMPLATE*', '.github/PULL_REQUEST_TEMPLATE/**'] found in: /var/folders/cj/rh7njyk91lx4s79wxsflz3vw001y2r/T/tmpf6vfu0w6/audioreach-conf
::warning title=Policy Violation: github-issue-template-exists::No file matching ['ISSUE_TEMPLATE*', 'ISSUE_TEMPLATE/**', '.github/ISSUE_TEMPLATE*', '.github/ISSUE_TEMPLATE/**'] found in: /var/folders/cj/rh7njyk91lx4s79wxsflz3vw001y2r/T/tmpj6bptlk0/audioreach-graphmgr
::warning title=Policy Violation: github-pull-request-template-exists::No file matching ['PULL_REQUEST_TEMPLATE*', 'PULL_REQUEST_TEMPLATE/**', '.github/PULL_REQUEST_TEMPLATE*', '.github/PULL_REQUEST_TEMPLATE/**'] found in: /var/folders/cj/rh7njyk91lx4s79wxsflz3vw001y2r/T/tmpj6bptlk0/audioreach-graphmgr
::warning title=Policy Violation: changelog-file-exists::No file matching ['CHANGELOG*'] found in: /var/folders/cj/rh7njyk91lx4s79wxsflz3vw001y2r/T/tmpad8bx19q/audioreach-doc
  [292/313] audioreach/audioreach-conf: 0 discrepancies
  [293/313] audioreach/audioreach-graphmgr: 0 discrepancies
WARNING reporter [FAIL] test-directory-exists: No directory matching ['**/test*', '**/specs', '**/*test*'] found under /var/folders/cj/rh7njyk91lx4s79wxsflz3vw001y2r/T/tmpad8bx19q/audioreach-doc
WARNING reporter [FAIL] license-file-exists: No file matching ['LICENSE*', 'COPYING*', 'NOTICE*'] found in: /var/folders/cj/rh7njyk91lx4s79wxsflz3vw001y2r/T/tmp277nw8jr/.github
WARNING reporter [FAIL] contributing-file-exists: No file matching ['{docs/,.github/,}CONTRIB*'] found in: /var/folders/cj/rh7njyk91lx4s79wxsflz3vw001y2r/T/tmp277nw8jr/.github
WARNING reporter [FAIL] github-issue-template-exists: No file matching ['ISSUE_TEMPLATE*', 'ISSUE_TEMPLATE/**', '.github/ISSUE_TEMPLATE*', '.github/ISSUE_TEMPLATE/**'] found in: /var/folders/cj/rh7njyk91lx4s79wxsflz3vw001y2r/T/tmpad8bx19q/audioreach-doc
WARNING reporter [FAIL] github-pull-request-template-exists: No file matching ['PULL_REQUEST_TEMPLATE*', 'PULL_REQUEST_TEMPLATE/**', '.github/PULL_REQUEST_TEMPLATE*', '.github/PULL_REQUEST_TEMPLATE/**'] found in: /var/folders/cj/rh7njyk91lx4s79wxsflz3vw001y2r/T/tmpad8bx19q/audioreach-doc
WARNING reporter [FAIL] code-of-conduct-file-exists: No file matching ['{docs/,.github/,}CODEOFCONDUCT*', '{docs/,.github/,}CODE-OF-CONDUCT*', '{docs/,.github/,}CODE_OF_CONDUCT*'] found in: /var/folders/cj/rh7njyk91lx4s79wxsflz3vw001y2r/T/tmp277nw8jr/.github
WARNING reporter [FAIL] changelog-file-exists: No file matching ['CHANGELOG*'] found in: /var/folders/cj/rh7njyk91lx4s79wxsflz3vw001y2r/T/tmp277nw8jr/.github
WARNING reporter [FAIL] test-directory-exists: No directory matching ['**/test*', '**/specs', '**/*test*'] found under /var/folders/cj/rh7njyk91lx4s79wxsflz3vw001y2r/T/tmp277nw8jr/.github
WARNING reporter [FAIL] integrates-with-ci: No file matching ['.gitlab-ci.yml', '.travis.yml', 'appveyor.yml', '.appveyor.yml', 'circle.yml', '.circleci/config.yml', 'Jenkinsfile', '.drone.yml', '.github/workflows/*', 'azure-pipelines.yml'] found in: /var/folders/cj/rh7njyk91lx4s79wxsflz3vw001y2r/T/tmp277nw8jr/.github
WARNING reporter [FAIL] changelog-file-exists: No file matching ['CHANGELOG*'] found in: /var/folders/cj/rh7njyk91lx4s79wxsflz3vw001y2r/T/tmp4oc454cl/meta-audioreach
WARNING reporter [FAIL] github-issue-template-exists: No file matching ['ISSUE_TEMPLATE*', 'ISSUE_TEMPLATE/**', '.github/ISSUE_TEMPLATE*', '.github/ISSUE_TEMPLATE/**'] found in: /var/folders/cj/rh7njyk91lx4s79wxsflz3vw001y2r/T/tmp277nw8jr/.github
WARNING reporter [FAIL] github-pull-request-template-exists: No file matching ['PULL_REQUEST_TEMPLATE*', 'PULL_REQUEST_TEMPLATE/**', '.github/PULL_REQUEST_TEMPLATE*', '.github/PULL_REQUEST_TEMPLATE/**'] found in: /var/folders/cj/rh7njyk91lx4s79wxsflz3vw001y2r/T/tmp277nw8jr/.github
WARNING reporter [FAIL] github-issue-template-exists: No file matching ['ISSUE_TEMPLATE*', 'ISSUE_TEMPLATE/**', '.github/ISSUE_TEMPLATE*', '.github/ISSUE_TEMPLATE/**'] found in: /var/folders/cj/rh7njyk91lx4s79wxsflz3vw001y2r/T/tmp_0j2v_2c/audioreach-graphservices
WARNING reporter [FAIL] github-pull-request-template-exists: No file matching ['PULL_REQUEST_TEMPLATE*', 'PULL_REQUEST_TEMPLATE/**', '.github/PULL_REQUEST_TEMPLATE*', '.github/PULL_REQUEST_TEMPLATE/**'] found in: /var/folders/cj/rh7njyk91lx4s79wxsflz3vw001y2r/T/tmp_0j2v_2c/audioreach-graphservices
::warning title=Policy Violation: test-directory-exists::No directory matching ['**/test*', '**/specs', '**/*test*'] found under /var/folders/cj/rh7njyk91lx4s79wxsflz3vw001y2r/T/tmpad8bx19q/audioreach-doc
::error title=Policy Violation: license-file-exists::No file matching ['LICENSE*', 'COPYING*', 'NOTICE*'] found in: /var/folders/cj/rh7njyk91lx4s79wxsflz3vw001y2r/T/tmp277nw8jr/.github
::warning title=Policy Violation: contributing-file-exists::No file matching ['{docs/,.github/,}CONTRIB*'] found in: /var/folders/cj/rh7njyk91lx4s79wxsflz3vw001y2r/T/tmp277nw8jr/.github
::warning title=Policy Violation: github-issue-template-exists::No file matching ['ISSUE_TEMPLATE*', 'ISSUE_TEMPLATE/**', '.github/ISSUE_TEMPLATE*', '.github/ISSUE_TEMPLATE/**'] found in: /var/folders/cj/rh7njyk91lx4s79wxsflz3vw001y2r/T/tmpad8bx19q/audioreach-doc
::warning title=Policy Violation: github-pull-request-template-exists::No file matching ['PULL_REQUEST_TEMPLATE*', 'PULL_REQUEST_TEMPLATE/**', '.github/PULL_REQUEST_TEMPLATE*', '.github/PULL_REQUEST_TEMPLATE/**'] found in: /var/folders/cj/rh7njyk91lx4s79wxsflz3vw001y2r/T/tmpad8bx19q/audioreach-doc
::warning title=Policy Violation: code-of-conduct-file-exists::No file matching ['{docs/,.github/,}CODEOFCONDUCT*', '{docs/,.github/,}CODE-OF-CONDUCT*', '{docs/,.github/,}CODE_OF_CONDUCT*'] found in: /var/folders/cj/rh7njyk91lx4s79wxsflz3vw001y2r/T/tmp277nw8jr/.github
::warning title=Policy Violation: changelog-file-exists::No file matching ['CHANGELOG*'] found in: /var/folders/cj/rh7njyk91lx4s79wxsflz3vw001y2r/T/tmp277nw8jr/.github
::warning title=Policy Violation: test-directory-exists::No directory matching ['**/test*', '**/specs', '**/*test*'] found under /var/folders/cj/rh7njyk91lx4s79wxsflz3vw001y2r/T/tmp277nw8jr/.github
::warning title=Policy Violation: integrates-with-ci::No file matching ['.gitlab-ci.yml', '.travis.yml', 'appveyor.yml', '.appveyor.yml', 'circle.yml', '.circleci/config.yml', 'Jenkinsfile', '.drone.yml', '.github/workflows/*', 'azure-pipelines.yml'] found in: /var/folders/cj/rh7njyk91lx4s79wxsflz3vw001y2r/T/tmp277nw8jr/.github
::warning title=Policy Violation: changelog-file-exists::No file matching ['CHANGELOG*'] found in: /var/folders/cj/rh7njyk91lx4s79wxsflz3vw001y2r/T/tmp4oc454cl/meta-audioreach
::warning title=Policy Violation: github-issue-template-exists::No file matching ['ISSUE_TEMPLATE*', 'ISSUE_TEMPLATE/**', '.github/ISSUE_TEMPLATE*', '.github/ISSUE_TEMPLATE/**'] found in: /var/folders/cj/rh7njyk91lx4s79wxsflz3vw001y2r/T/tmp277nw8jr/.github
::warning title=Policy Violation: github-pull-request-template-exists::No file matching ['PULL_REQUEST_TEMPLATE*', 'PULL_REQUEST_TEMPLATE/**', '.github/PULL_REQUEST_TEMPLATE*', '.github/PULL_REQUEST_TEMPLATE/**'] found in: /var/folders/cj/rh7njyk91lx4s79wxsflz3vw001y2r/T/tmp277nw8jr/.github
::warning title=Policy Violation: github-issue-template-exists::No file matching ['ISSUE_TEMPLATE*', 'ISSUE_TEMPLATE/**', '.github/ISSUE_TEMPLATE*', '.github/ISSUE_TEMPLATE/**'] found in: /var/folders/cj/rh7njyk91lx4s79wxsflz3vw001y2r/T/tmp_0j2v_2c/audioreach-graphservices
::warning title=Policy Violation: github-pull-request-template-exists::No file matching ['PULL_REQUEST_TEMPLATE*', 'PULL_REQUEST_TEMPLATE/**', '.github/PULL_REQUEST_TEMPLATE*', '.github/PULL_REQUEST_TEMPLATE/**'] found in: /var/folders/cj/rh7njyk91lx4s79wxsflz3vw001y2r/T/tmp_0j2v_2c/audioreach-graphservices
  [294/313] audioreach/audioreach-doc: 0 discrepancies
WARNING reporter [FAIL] github-issue-template-exists: No file matching ['ISSUE_TEMPLATE*', 'ISSUE_TEMPLATE/**', '.github/ISSUE_TEMPLATE*', '.github/ISSUE_TEMPLATE/**'] found in: /var/folders/cj/rh7njyk91lx4s79wxsflz3vw001y2r/T/tmp4oc454cl/meta-audioreach
WARNING reporter [FAIL] github-pull-request-template-exists: No file matching ['PULL_REQUEST_TEMPLATE*', 'PULL_REQUEST_TEMPLATE/**', '.github/PULL_REQUEST_TEMPLATE*', '.github/PULL_REQUEST_TEMPLATE/**'] found in: /var/folders/cj/rh7njyk91lx4s79wxsflz3vw001y2r/T/tmp4oc454cl/meta-audioreach
::warning title=Policy Violation: github-issue-template-exists::No file matching ['ISSUE_TEMPLATE*', 'ISSUE_TEMPLATE/**', '.github/ISSUE_TEMPLATE*', '.github/ISSUE_TEMPLATE/**'] found in: /var/folders/cj/rh7njyk91lx4s79wxsflz3vw001y2r/T/tmp4oc454cl/meta-audioreach
::warning title=Policy Violation: github-pull-request-template-exists::No file matching ['PULL_REQUEST_TEMPLATE*', 'PULL_REQUEST_TEMPLATE/**', '.github/PULL_REQUEST_TEMPLATE*', '.github/PULL_REQUEST_TEMPLATE/**'] found in: /var/folders/cj/rh7njyk91lx4s79wxsflz3vw001y2r/T/tmp4oc454cl/meta-audioreach
  [295/313] audioreach/.github: 1 discrepancies
  [296/313] audioreach/audioreach-graphservices: 0 discrepancies
  [297/313] audioreach/meta-audioreach: 2 discrepancies
WARNING reporter [FAIL] contributing-file-exists: No file matching ['{docs/,.github/,}CONTRIB*'] found in: /var/folders/cj/rh7njyk91lx4s79wxsflz3vw001y2r/T/tmp19atpf75/audioreach-pulseaudio-plugin
WARNING reporter [FAIL] code-of-conduct-file-exists: No file matching ['{docs/,.github/,}CODEOFCONDUCT*', '{docs/,.github/,}CODE-OF-CONDUCT*', '{docs/,.github/,}CODE_OF_CONDUCT*'] found in: /var/folders/cj/rh7njyk91lx4s79wxsflz3vw001y2r/T/tmp19atpf75/audioreach-pulseaudio-plugin
WARNING reporter [FAIL] changelog-file-exists: No file matching ['CHANGELOG*'] found in: /var/folders/cj/rh7njyk91lx4s79wxsflz3vw001y2r/T/tmp19atpf75/audioreach-pulseaudio-plugin
WARNING reporter [FAIL] test-directory-exists: No directory matching ['**/test*', '**/specs', '**/*test*'] found under /var/folders/cj/rh7njyk91lx4s79wxsflz3vw001y2r/T/tmp19atpf75/audioreach-pulseaudio-plugin
WARNING reporter [FAIL] github-issue-template-exists: No file matching ['ISSUE_TEMPLATE*', 'ISSUE_TEMPLATE/**', '.github/ISSUE_TEMPLATE*', '.github/ISSUE_TEMPLATE/**'] found in: /var/folders/cj/rh7njyk91lx4s79wxsflz3vw001y2r/T/tmp19atpf75/audioreach-pulseaudio-plugin
WARNING reporter [FAIL] github-pull-request-template-exists: No file matching ['PULL_REQUEST_TEMPLATE*', 'PULL_REQUEST_TEMPLATE/**', '.github/PULL_REQUEST_TEMPLATE*', '.github/PULL_REQUEST_TEMPLATE/**'] found in: /var/folders/cj/rh7njyk91lx4s79wxsflz3vw001y2r/T/tmp19atpf75/audioreach-pulseaudio-plugin
WARNING reporter [FAIL] contributing-file-exists: No file matching ['{docs/,.github/,}CONTRIB*'] found in: /var/folders/cj/rh7njyk91lx4s79wxsflz3vw001y2r/T/tmpbbdoenlp/audioreach.github.io
::warning title=Policy Violation: contributing-file-exists::No file matching ['{docs/,.github/,}CONTRIB*'] found in: /var/folders/cj/rh7njyk91lx4s79wxsflz3vw001y2r/T/tmp19atpf75/audioreach-pulseaudio-plugin
::warning title=Policy Violation: code-of-conduct-file-exists::No file matching ['{docs/,.github/,}CODEOFCONDUCT*', '{docs/,.github/,}CODE-OF-CONDUCT*', '{docs/,.github/,}CODE_OF_CONDUCT*'] found in: /var/folders/cj/rh7njyk91lx4s79wxsflz3vw001y2r/T/tmp19atpf75/audioreach-pulseaudio-plugin
::warning title=Policy Violation: changelog-file-exists::No file matching ['CHANGELOG*'] found in: /var/folders/cj/rh7njyk91lx4s79wxsflz3vw001y2r/T/tmp19atpf75/audioreach-pulseaudio-plugin
::warning title=Policy Violation: test-directory-exists::No directory matching ['**/test*', '**/specs', '**/*test*'] found under /var/folders/cj/rh7njyk91lx4s79wxsflz3vw001y2r/T/tmp19atpf75/audioreach-pulseaudio-plugin
::warning title=Policy Violation: github-issue-template-exists::No file matching ['ISSUE_TEMPLATE*', 'ISSUE_TEMPLATE/**', '.github/ISSUE_TEMPLATE*', '.github/ISSUE_TEMPLATE/**'] found in: /var/folders/cj/rh7njyk91lx4s79wxsflz3vw001y2r/T/tmp19atpf75/audioreach-pulseaudio-plugin
::warning title=Policy Violation: github-pull-request-template-exists::No file matching ['PULL_REQUEST_TEMPLATE*', 'PULL_REQUEST_TEMPLATE/**', '.github/PULL_REQUEST_TEMPLATE*', '.github/PULL_REQUEST_TEMPLATE/**'] found in: /var/folders/cj/rh7njyk91lx4s79wxsflz3vw001y2r/T/tmp19atpf75/audioreach-pulseaudio-plugin
::warning title=Policy Violation: contributing-file-exists::No file matching ['{docs/,.github/,}CONTRIB*'] found in: /var/folders/cj/rh7njyk91lx4s79wxsflz3vw001y2r/T/tmpbbdoenlp/audioreach.github.io
  [298/313] audioreach/audioreach-pulseaudio-plugin: 1 discrepancies
WARNING reporter [FAIL] changelog-file-exists: No file matching ['CHANGELOG*'] found in: /var/folders/cj/rh7njyk91lx4s79wxsflz3vw001y2r/T/tmpbbdoenlp/audioreach.github.io
WARNING reporter [FAIL] contributing-file-exists: No file matching ['{docs/,.github/,}CONTRIB*'] found in: /var/folders/cj/rh7njyk91lx4s79wxsflz3vw001y2r/T/tmph5ndewpq/audioreach-audio-utils
WARNING reporter [FAIL] code-of-conduct-file-exists: No file matching ['{docs/,.github/,}CODEOFCONDUCT*', '{docs/,.github/,}CODE-OF-CONDUCT*', '{docs/,.github/,}CODE_OF_CONDUCT*'] found in: /var/folders/cj/rh7njyk91lx4s79wxsflz3vw001y2r/T/tmph5ndewpq/audioreach-audio-utils
WARNING reporter [FAIL] changelog-file-exists: No file matching ['CHANGELOG*'] found in: /var/folders/cj/rh7njyk91lx4s79wxsflz3vw001y2r/T/tmph5ndewpq/audioreach-audio-utils
WARNING reporter [FAIL] test-directory-exists: No directory matching ['**/test*', '**/specs', '**/*test*'] found under /var/folders/cj/rh7njyk91lx4s79wxsflz3vw001y2r/T/tmpbbdoenlp/audioreach.github.io
WARNING reporter [FAIL] source-license-headers-exist: Pattern 'SPDX-License-Identifier|Redistribution and use in source and binary forms, with or without' not found in audio-route/include/audio_route/audio_route.h
WARNING reporter [FAIL] source-license-headers-exist: Pattern 'SPDX-License-Identifier|Redistribution and use in source and binary forms, with or without' not found in docs/_static/_sphinx_javascript_frameworks_compat.js
WARNING reporter [FAIL] source-qualcomm-license-headers-exist: Pattern '(Copyright|©).*Qualcomm Innovation Center, Inc|Qualcomm Technologies, Inc|Copyright (\\(c\\)|©) (20(1[2-9]|2[0-2])(-|,|\\s)*)+ The Linux Foundation' not found in audio-route/include/audio_route/audio_route.h
WARNING reporter [FAIL] github-issue-template-exists: No file matching ['ISSUE_TEMPLATE*', 'ISSUE_TEMPLATE/**', '.github/ISSUE_TEMPLATE*', '.github/ISSUE_TEMPLATE/**'] found in: /var/folders/cj/rh7njyk91lx4s79wxsflz3vw001y2r/T/tmph5ndewpq/audioreach-audio-utils
WARNING reporter [FAIL] github-pull-request-template-exists: No file matching ['PULL_REQUEST_TEMPLATE*', 'PULL_REQUEST_TEMPLATE/**', '.github/PULL_REQUEST_TEMPLATE*', '.github/PULL_REQUEST_TEMPLATE/**'] found in: /var/folders/cj/rh7njyk91lx4s79wxsflz3vw001y2r/T/tmph5ndewpq/audioreach-audio-utils
WARNING reporter [FAIL] python-package-metadata-exists: No file matching ['setup.py', 'requirements.txt'] found in: /var/folders/cj/rh7njyk91lx4s79wxsflz3vw001y2r/T/tmph5ndewpq/audioreach-audio-utils
WARNING reporter [FAIL] source-qualcomm-license-headers-exist: Pattern '(Copyright|©).*Qualcomm Innovation Center, Inc|Qualcomm Technologies, Inc|Copyright (\\(c\\)|©) (20(1[2-9]|2[0-2])(-|,|\\s)*)+ The Linux Foundation' not found in docs/_static/_sphinx_javascript_frameworks_compat.js
WARNING reporter [FAIL] github-issue-template-exists: No file matching ['ISSUE_TEMPLATE*', 'ISSUE_TEMPLATE/**', '.github/ISSUE_TEMPLATE*', '.github/ISSUE_TEMPLATE/**'] found in: /var/folders/cj/rh7njyk91lx4s79wxsflz3vw001y2r/T/tmpbbdoenlp/audioreach.github.io
WARNING reporter [FAIL] github-pull-request-template-exists: No file matching ['PULL_REQUEST_TEMPLATE*', 'PULL_REQUEST_TEMPLATE/**', '.github/PULL_REQUEST_TEMPLATE*', '.github/PULL_REQUEST_TEMPLATE/**'] found in: /var/folders/cj/rh7njyk91lx4s79wxsflz3vw001y2r/T/tmpbbdoenlp/audioreach.github.io
WARNING reporter [FAIL] javascript-package-metadata-exists: No file matching ['package.json'] found in: /var/folders/cj/rh7njyk91lx4s79wxsflz3vw001y2r/T/tmpbbdoenlp/audioreach.github.io
WARNING reporter [FAIL] changelog-file-exists: No file matching ['CHANGELOG*'] found in: /var/folders/cj/rh7njyk91lx4s79wxsflz3vw001y2r/T/tmpttbkrtkl/audioreach-pal
::warning title=Policy Violation: changelog-file-exists::No file matching ['CHANGELOG*'] found in: /var/folders/cj/rh7njyk91lx4s79wxsflz3vw001y2r/T/tmpbbdoenlp/audioreach.github.io
::warning title=Policy Violation: contributing-file-exists::No file matching ['{docs/,.github/,}CONTRIB*'] found in: /var/folders/cj/rh7njyk91lx4s79wxsflz3vw001y2r/T/tmph5ndewpq/audioreach-audio-utils
::warning title=Policy Violation: code-of-conduct-file-exists::No file matching ['{docs/,.github/,}CODEOFCONDUCT*', '{docs/,.github/,}CODE-OF-CONDUCT*', '{docs/,.github/,}CODE_OF_CONDUCT*'] found in: /var/folders/cj/rh7njyk91lx4s79wxsflz3vw001y2r/T/tmph5ndewpq/audioreach-audio-utils
::warning title=Policy Violation: changelog-file-exists::No file matching ['CHANGELOG*'] found in: /var/folders/cj/rh7njyk91lx4s79wxsflz3vw001y2r/T/tmph5ndewpq/audioreach-audio-utils
::warning title=Policy Violation: test-directory-exists::No directory matching ['**/test*', '**/specs', '**/*test*'] found under /var/folders/cj/rh7njyk91lx4s79wxsflz3vw001y2r/T/tmpbbdoenlp/audioreach.github.io
::error title=Policy Violation: source-license-headers-exist,file=audio-route/include/audio_route/audio_route.h::Pattern 'SPDX-License-Identifier|Redistribution and use in source and binary forms, with or without' not found in audio-route/include/audio_route/audio_route.h
::error title=Policy Violation: source-license-headers-exist,file=docs/_static/_sphinx_javascript_frameworks_compat.js::Pattern 'SPDX-License-Identifier|Redistribution and use in source and binary forms, with or without' not found in docs/_static/_sphinx_javascript_frameworks_compat.js
::warning title=Policy Violation: source-qualcomm-license-headers-exist,file=audio-route/include/audio_route/audio_route.h::Pattern '(Copyright|©).*Qualcomm Innovation Center, Inc|Qualcomm Technologies, Inc|Copyright (\\(c\\)|©) (20(1[2-9]|2[0-2])(-|,|\\s)*)+ The Linux Foundation' not found in audio-route/include/audio_route/audio_route.h
::warning title=Policy Violation: github-issue-template-exists::No file matching ['ISSUE_TEMPLATE*', 'ISSUE_TEMPLATE/**', '.github/ISSUE_TEMPLATE*', '.github/ISSUE_TEMPLATE/**'] found in: /var/folders/cj/rh7njyk91lx4s79wxsflz3vw001y2r/T/tmph5ndewpq/audioreach-audio-utils
::warning title=Policy Violation: github-pull-request-template-exists::No file matching ['PULL_REQUEST_TEMPLATE*', 'PULL_REQUEST_TEMPLATE/**', '.github/PULL_REQUEST_TEMPLATE*', '.github/PULL_REQUEST_TEMPLATE/**'] found in: /var/folders/cj/rh7njyk91lx4s79wxsflz3vw001y2r/T/tmph5ndewpq/audioreach-audio-utils
::warning title=Policy Violation: python-package-metadata-exists::No file matching ['setup.py', 'requirements.txt'] found in: /var/folders/cj/rh7njyk91lx4s79wxsflz3vw001y2r/T/tmph5ndewpq/audioreach-audio-utils
::warning title=Policy Violation: source-qualcomm-license-headers-exist,file=docs/_static/_sphinx_javascript_frameworks_compat.js::Pattern '(Copyright|©).*Qualcomm Innovation Center, Inc|Qualcomm Technologies, Inc|Copyright (\\(c\\)|©) (20(1[2-9]|2[0-2])(-|,|\\s)*)+ The Linux Foundation' not found in docs/_static/_sphinx_javascript_frameworks_compat.js
::warning title=Policy Violation: github-issue-template-exists::No file matching ['ISSUE_TEMPLATE*', 'ISSUE_TEMPLATE/**', '.github/ISSUE_TEMPLATE*', '.github/ISSUE_TEMPLATE/**'] found in: /var/folders/cj/rh7njyk91lx4s79wxsflz3vw001y2r/T/tmpbbdoenlp/audioreach.github.io
::warning title=Policy Violation: github-pull-request-template-exists::No file matching ['PULL_REQUEST_TEMPLATE*', 'PULL_REQUEST_TEMPLATE/**', '.github/PULL_REQUEST_TEMPLATE*', '.github/PULL_REQUEST_TEMPLATE/**'] found in: /var/folders/cj/rh7njyk91lx4s79wxsflz3vw001y2r/T/tmpbbdoenlp/audioreach.github.io
::warning title=Policy Violation: javascript-package-metadata-exists::No file matching ['package.json'] found in: /var/folders/cj/rh7njyk91lx4s79wxsflz3vw001y2r/T/tmpbbdoenlp/audioreach.github.io
::warning title=Policy Violation: changelog-file-exists::No file matching ['CHANGELOG*'] found in: /var/folders/cj/rh7njyk91lx4s79wxsflz3vw001y2r/T/tmpttbkrtkl/audioreach-pal
  [299/313] audioreach/audioreach-audio-utils: 0 discrepancies
  [300/313] audioreach/audioreach.github.io: 0 discrepancies
WARNING reporter [FAIL] changelog-file-exists: No file matching ['CHANGELOG*'] found in: /var/folders/cj/rh7njyk91lx4s79wxsflz3vw001y2r/T/tmpt96a54xr/h2xml
WARNING reporter [FAIL] changelog-file-exists: No file matching ['CHANGELOG*'] found in: /var/folders/cj/rh7njyk91lx4s79wxsflz3vw001y2r/T/tmptw927gc6/meta-ar
WARNING reporter [FAIL] test-directory-exists: No directory matching ['**/test*', '**/specs', '**/*test*'] found under /var/folders/cj/rh7njyk91lx4s79wxsflz3vw001y2r/T/tmptw927gc6/meta-ar
WARNING reporter [FAIL] github-issue-template-exists: No file matching ['ISSUE_TEMPLATE*', 'ISSUE_TEMPLATE/**', '.github/ISSUE_TEMPLATE*', '.github/ISSUE_TEMPLATE/**'] found in: /var/folders/cj/rh7njyk91lx4s79wxsflz3vw001y2r/T/tmptw927gc6/meta-ar
WARNING reporter [FAIL] github-pull-request-template-exists: No file matching ['PULL_REQUEST_TEMPLATE*', 'PULL_REQUEST_TEMPLATE/**', '.github/PULL_REQUEST_TEMPLATE*', '.github/PULL_REQUEST_TEMPLATE/**'] found in: /var/folders/cj/rh7njyk91lx4s79wxsflz3vw001y2r/T/tmptw927gc6/meta-ar
WARNING reporter [FAIL] test-directory-exists: No directory matching ['**/test*', '**/specs', '**/*test*'] found under /var/folders/cj/rh7njyk91lx4s79wxsflz3vw001y2r/T/tmpt96a54xr/h2xml
::warning title=Policy Violation: changelog-file-exists::No file matching ['CHANGELOG*'] found in: /var/folders/cj/rh7njyk91lx4s79wxsflz3vw001y2r/T/tmpt96a54xr/h2xml
::warning title=Policy Violation: changelog-file-exists::No file matching ['CHANGELOG*'] found in: /var/folders/cj/rh7njyk91lx4s79wxsflz3vw001y2r/T/tmptw927gc6/meta-ar
::warning title=Policy Violation: test-directory-exists::No directory matching ['**/test*', '**/specs', '**/*test*'] found under /var/folders/cj/rh7njyk91lx4s79wxsflz3vw001y2r/T/tmptw927gc6/meta-ar
::warning title=Policy Violation: github-issue-template-exists::No file matching ['ISSUE_TEMPLATE*', 'ISSUE_TEMPLATE/**', '.github/ISSUE_TEMPLATE*', '.github/ISSUE_TEMPLATE/**'] found in: /var/folders/cj/rh7njyk91lx4s79wxsflz3vw001y2r/T/tmptw927gc6/meta-ar
::warning title=Policy Violation: github-pull-request-template-exists::No file matching ['PULL_REQUEST_TEMPLATE*', 'PULL_REQUEST_TEMPLATE/**', '.github/PULL_REQUEST_TEMPLATE*', '.github/PULL_REQUEST_TEMPLATE/**'] found in: /var/folders/cj/rh7njyk91lx4s79wxsflz3vw001y2r/T/tmptw927gc6/meta-ar
::warning title=Policy Violation: test-directory-exists::No directory matching ['**/test*', '**/specs', '**/*test*'] found under /var/folders/cj/rh7njyk91lx4s79wxsflz3vw001y2r/T/tmpt96a54xr/h2xml
  [301/313] audioreach/meta-ar: 1 discrepancies
WARNING reporter [FAIL] github-issue-template-exists: No file matching ['ISSUE_TEMPLATE*', 'ISSUE_TEMPLATE/**', '.github/ISSUE_TEMPLATE*', '.github/ISSUE_TEMPLATE/**'] found in: /var/folders/cj/rh7njyk91lx4s79wxsflz3vw001y2r/T/tmpt96a54xr/h2xml
WARNING reporter [FAIL] github-pull-request-template-exists: No file matching ['PULL_REQUEST_TEMPLATE*', 'PULL_REQUEST_TEMPLATE/**', '.github/PULL_REQUEST_TEMPLATE*', '.github/PULL_REQUEST_TEMPLATE/**'] found in: /var/folders/cj/rh7njyk91lx4s79wxsflz3vw001y2r/T/tmpt96a54xr/h2xml
WARNING reporter [FAIL] contributing-file-exists: No file matching ['{docs/,.github/,}CONTRIB*'] found in: /var/folders/cj/rh7njyk91lx4s79wxsflz3vw001y2r/T/tmpwvh1aid7/ar-image
WARNING reporter [FAIL] code-of-conduct-file-exists: No file matching ['{docs/,.github/,}CODEOFCONDUCT*', '{docs/,.github/,}CODE-OF-CONDUCT*', '{docs/,.github/,}CODE_OF_CONDUCT*'] found in: /var/folders/cj/rh7njyk91lx4s79wxsflz3vw001y2r/T/tmpwvh1aid7/ar-image
WARNING reporter [FAIL] changelog-file-exists: No file matching ['CHANGELOG*'] found in: /var/folders/cj/rh7njyk91lx4s79wxsflz3vw001y2r/T/tmpwvh1aid7/ar-image
WARNING reporter [FAIL] test-directory-exists: No directory matching ['**/test*', '**/specs', '**/*test*'] found under /var/folders/cj/rh7njyk91lx4s79wxsflz3vw001y2r/T/tmpwvh1aid7/ar-image
WARNING reporter [FAIL] changelog-file-exists: No file matching ['CHANGELOG*'] found in: /var/folders/cj/rh7njyk91lx4s79wxsflz3vw001y2r/T/tmp6wbugq6f/audioreach-engine
::warning title=Policy Violation: github-issue-template-exists::No file matching ['ISSUE_TEMPLATE*', 'ISSUE_TEMPLATE/**', '.github/ISSUE_TEMPLATE*', '.github/ISSUE_TEMPLATE/**'] found in: /var/folders/cj/rh7njyk91lx4s79wxsflz3vw001y2r/T/tmpt96a54xr/h2xml
::warning title=Policy Violation: github-pull-request-template-exists::No file matching ['PULL_REQUEST_TEMPLATE*', 'PULL_REQUEST_TEMPLATE/**', '.github/PULL_REQUEST_TEMPLATE*', '.github/PULL_REQUEST_TEMPLATE/**'] found in: /var/folders/cj/rh7njyk91lx4s79wxsflz3vw001y2r/T/tmpt96a54xr/h2xml
::warning title=Policy Violation: contributing-file-exists::No file matching ['{docs/,.github/,}CONTRIB*'] found in: /var/folders/cj/rh7njyk91lx4s79wxsflz3vw001y2r/T/tmpwvh1aid7/ar-image
::warning title=Policy Violation: code-of-conduct-file-exists::No file matching ['{docs/,.github/,}CODEOFCONDUCT*', '{docs/,.github/,}CODE-OF-CONDUCT*', '{docs/,.github/,}CODE_OF_CONDUCT*'] found in: /var/folders/cj/rh7njyk91lx4s79wxsflz3vw001y2r/T/tmpwvh1aid7/ar-image
::warning title=Policy Violation: changelog-file-exists::No file matching ['CHANGELOG*'] found in: /var/folders/cj/rh7njyk91lx4s79wxsflz3vw001y2r/T/tmpwvh1aid7/ar-image
::warning title=Policy Violation: test-directory-exists::No directory matching ['**/test*', '**/specs', '**/*test*'] found under /var/folders/cj/rh7njyk91lx4s79wxsflz3vw001y2r/T/tmpwvh1aid7/ar-image
::warning title=Policy Violation: changelog-file-exists::No file matching ['CHANGELOG*'] found in: /var/folders/cj/rh7njyk91lx4s79wxsflz3vw001y2r/T/tmp6wbugq6f/audioreach-engine
  [302/313] audioreach/h2xml: 1 discrepancies
WARNING reporter [FAIL] source-qualcomm-license-headers-exist: Pattern '(Copyright|©).*Qualcomm Innovation Center, Inc|Qualcomm Technologies, Inc|Copyright (\\(c\\)|©) (20(1[2-9]|2[0-2])(-|,|\\s)*)+ The Linux Foundation' not found in create_user.sh
WARNING reporter [FAIL] github-issue-template-exists: No file matching ['ISSUE_TEMPLATE*', 'ISSUE_TEMPLATE/**', '.github/ISSUE_TEMPLATE*', '.github/ISSUE_TEMPLATE/**'] found in: /var/folders/cj/rh7njyk91lx4s79wxsflz3vw001y2r/T/tmpwvh1aid7/ar-image
WARNING reporter [FAIL] github-pull-request-template-exists: No file matching ['PULL_REQUEST_TEMPLATE*', 'PULL_REQUEST_TEMPLATE/**', '.github/PULL_REQUEST_TEMPLATE*', '.github/PULL_REQUEST_TEMPLATE/**'] found in: /var/folders/cj/rh7njyk91lx4s79wxsflz3vw001y2r/T/tmpwvh1aid7/ar-image
WARNING reporter [FAIL] changelog-file-exists: No file matching ['CHANGELOG*'] found in: /var/folders/cj/rh7njyk91lx4s79wxsflz3vw001y2r/T/tmpqk08mt0k/audioreach-workflows
::warning title=Policy Violation: source-qualcomm-license-headers-exist,file=create_user.sh::Pattern '(Copyright|©).*Qualcomm Innovation Center, Inc|Qualcomm Technologies, Inc|Copyright (\\(c\\)|©) (20(1[2-9]|2[0-2])(-|,|\\s)*)+ The Linux Foundation' not found in create_user.sh
::warning title=Policy Violation: github-issue-template-exists::No file matching ['ISSUE_TEMPLATE*', 'ISSUE_TEMPLATE/**', '.github/ISSUE_TEMPLATE*', '.github/ISSUE_TEMPLATE/**'] found in: /var/folders/cj/rh7njyk91lx4s79wxsflz3vw001y2r/T/tmpwvh1aid7/ar-image
::warning title=Policy Violation: github-pull-request-template-exists::No file matching ['PULL_REQUEST_TEMPLATE*', 'PULL_REQUEST_TEMPLATE/**', '.github/PULL_REQUEST_TEMPLATE*', '.github/PULL_REQUEST_TEMPLATE/**'] found in: /var/folders/cj/rh7njyk91lx4s79wxsflz3vw001y2r/T/tmpwvh1aid7/ar-image
::warning title=Policy Violation: changelog-file-exists::No file matching ['CHANGELOG*'] found in: /var/folders/cj/rh7njyk91lx4s79wxsflz3vw001y2r/T/tmpqk08mt0k/audioreach-workflows
  [303/313] audioreach/ar-image: 0 discrepancies
WARNING reporter [FAIL] github-issue-template-exists: No file matching ['ISSUE_TEMPLATE*', 'ISSUE_TEMPLATE/**', '.github/ISSUE_TEMPLATE*', '.github/ISSUE_TEMPLATE/**'] found in: /var/folders/cj/rh7njyk91lx4s79wxsflz3vw001y2r/T/tmpqk08mt0k/audioreach-workflows
WARNING reporter [FAIL] github-pull-request-template-exists: No file matching ['PULL_REQUEST_TEMPLATE*', 'PULL_REQUEST_TEMPLATE/**', '.github/PULL_REQUEST_TEMPLATE*', '.github/PULL_REQUEST_TEMPLATE/**'] found in: /var/folders/cj/rh7njyk91lx4s79wxsflz3vw001y2r/T/tmpqk08mt0k/audioreach-workflows
WARNING reporter [FAIL] changelog-file-exists: No file matching ['CHANGELOG*'] found in: /var/folders/cj/rh7njyk91lx4s79wxsflz3vw001y2r/T/tmpi2umzxe0/audioreach-pipewire-plugin
WARNING reporter [FAIL] test-directory-exists: No directory matching ['**/test*', '**/specs', '**/*test*'] found under /var/folders/cj/rh7njyk91lx4s79wxsflz3vw001y2r/T/tmpi2umzxe0/audioreach-pipewire-plugin
WARNING reporter [FAIL] github-issue-template-exists: No file matching ['ISSUE_TEMPLATE*', 'ISSUE_TEMPLATE/**', '.github/ISSUE_TEMPLATE*', '.github/ISSUE_TEMPLATE/**'] found in: /var/folders/cj/rh7njyk91lx4s79wxsflz3vw001y2r/T/tmpi2umzxe0/audioreach-pipewire-plugin
WARNING reporter [FAIL] github-pull-request-template-exists: No file matching ['PULL_REQUEST_TEMPLATE*', 'PULL_REQUEST_TEMPLATE/**', '.github/PULL_REQUEST_TEMPLATE*', '.github/PULL_REQUEST_TEMPLATE/**'] found in: /var/folders/cj/rh7njyk91lx4s79wxsflz3vw001y2r/T/tmpi2umzxe0/audioreach-pipewire-plugin
::warning title=Policy Violation: github-issue-template-exists::No file matching ['ISSUE_TEMPLATE*', 'ISSUE_TEMPLATE/**', '.github/ISSUE_TEMPLATE*', '.github/ISSUE_TEMPLATE/**'] found in: /var/folders/cj/rh7njyk91lx4s79wxsflz3vw001y2r/T/tmpqk08mt0k/audioreach-workflows
::warning title=Policy Violation: github-pull-request-template-exists::No file matching ['PULL_REQUEST_TEMPLATE*', 'PULL_REQUEST_TEMPLATE/**', '.github/PULL_REQUEST_TEMPLATE*', '.github/PULL_REQUEST_TEMPLATE/**'] found in: /var/folders/cj/rh7njyk91lx4s79wxsflz3vw001y2r/T/tmpqk08mt0k/audioreach-workflows
::warning title=Policy Violation: changelog-file-exists::No file matching ['CHANGELOG*'] found in: /var/folders/cj/rh7njyk91lx4s79wxsflz3vw001y2r/T/tmpi2umzxe0/audioreach-pipewire-plugin
::warning title=Policy Violation: test-directory-exists::No directory matching ['**/test*', '**/specs', '**/*test*'] found under /var/folders/cj/rh7njyk91lx4s79wxsflz3vw001y2r/T/tmpi2umzxe0/audioreach-pipewire-plugin
::warning title=Policy Violation: github-issue-template-exists::No file matching ['ISSUE_TEMPLATE*', 'ISSUE_TEMPLATE/**', '.github/ISSUE_TEMPLATE*', '.github/ISSUE_TEMPLATE/**'] found in: /var/folders/cj/rh7njyk91lx4s79wxsflz3vw001y2r/T/tmpi2umzxe0/audioreach-pipewire-plugin
::warning title=Policy Violation: github-pull-request-template-exists::No file matching ['PULL_REQUEST_TEMPLATE*', 'PULL_REQUEST_TEMPLATE/**', '.github/PULL_REQUEST_TEMPLATE*', '.github/PULL_REQUEST_TEMPLATE/**'] found in: /var/folders/cj/rh7njyk91lx4s79wxsflz3vw001y2r/T/tmpi2umzxe0/audioreach-pipewire-plugin
  [304/313] audioreach/audioreach-workflows: 2 discrepancies
  [305/313] audioreach/audioreach-pipewire-plugin: 0 discrepancies
WARNING reporter [FAIL] source-qualcomm-license-headers-exist: Pattern '(Copyright|©).*Qualcomm Innovation Center, Inc|Qualcomm Technologies, Inc|Copyright (\\(c\\)|©) (20(1[2-9]|2[0-2])(-|,|\\s)*)+ The Linux Foundation' not found in js/scripts.min.js
WARNING reporter [FAIL] github-issue-template-exists: No file matching ['ISSUE_TEMPLATE*', 'ISSUE_TEMPLATE/**', '.github/ISSUE_TEMPLATE*', '.github/ISSUE_TEMPLATE/**'] found in: /var/folders/cj/rh7njyk91lx4s79wxsflz3vw001y2r/T/tmpguakmkc0/aimet-pages
WARNING reporter [FAIL] github-pull-request-template-exists: No file matching ['PULL_REQUEST_TEMPLATE*', 'PULL_REQUEST_TEMPLATE/**', '.github/PULL_REQUEST_TEMPLATE*', '.github/PULL_REQUEST_TEMPLATE/**'] found in: /var/folders/cj/rh7njyk91lx4s79wxsflz3vw001y2r/T/tmpguakmkc0/aimet-pages
WARNING reporter [FAIL] javascript-package-metadata-exists: No file matching ['package.json'] found in: /var/folders/cj/rh7njyk91lx4s79wxsflz3vw001y2r/T/tmpguakmkc0/aimet-pages
WARNING reporter [FAIL] github-issue-template-exists: No file matching ['ISSUE_TEMPLATE*', 'ISSUE_TEMPLATE/**', '.github/ISSUE_TEMPLATE*', '.github/ISSUE_TEMPLATE/**'] found in: /var/folders/cj/rh7njyk91lx4s79wxsflz3vw001y2r/T/tmpttbkrtkl/audioreach-pal
WARNING reporter [FAIL] github-pull-request-template-exists: No file matching ['PULL_REQUEST_TEMPLATE*', 'PULL_REQUEST_TEMPLATE/**', '.github/PULL_REQUEST_TEMPLATE*', '.github/PULL_REQUEST_TEMPLATE/**'] found in: /var/folders/cj/rh7njyk91lx4s79wxsflz3vw001y2r/T/tmpttbkrtkl/audioreach-pal
WARNING reporter [FAIL] changelog-file-exists: No file matching ['CHANGELOG*'] found in: /var/folders/cj/rh7njyk91lx4s79wxsflz3vw001y2r/T/tmpazvc4m0q/audioreach-creator-ui
WARNING reporter [FAIL] binaries-not-present: Binary file found (MIME: application/x-pie-executable): scripts/h2xml/h2xml
::warning title=Policy Violation: source-qualcomm-license-headers-exist,file=js/scripts.min.js::Pattern '(Copyright|©).*Qualcomm Innovation Center, Inc|Qualcomm Technologies, Inc|Copyright (\\(c\\)|©) (20(1[2-9]|2[0-2])(-|,|\\s)*)+ The Linux Foundation' not found in js/scripts.min.js
::warning title=Policy Violation: github-issue-template-exists::No file matching ['ISSUE_TEMPLATE*', 'ISSUE_TEMPLATE/**', '.github/ISSUE_TEMPLATE*', '.github/ISSUE_TEMPLATE/**'] found in: /var/folders/cj/rh7njyk91lx4s79wxsflz3vw001y2r/T/tmpguakmkc0/aimet-pages
::warning title=Policy Violation: github-pull-request-template-exists::No file matching ['PULL_REQUEST_TEMPLATE*', 'PULL_REQUEST_TEMPLATE/**', '.github/PULL_REQUEST_TEMPLATE*', '.github/PULL_REQUEST_TEMPLATE/**'] found in: /var/folders/cj/rh7njyk91lx4s79wxsflz3vw001y2r/T/tmpguakmkc0/aimet-pages
::warning title=Policy Violation: javascript-package-metadata-exists::No file matching ['package.json'] found in: /var/folders/cj/rh7njyk91lx4s79wxsflz3vw001y2r/T/tmpguakmkc0/aimet-pages
::warning title=Policy Violation: github-issue-template-exists::No file matching ['ISSUE_TEMPLATE*', 'ISSUE_TEMPLATE/**', '.github/ISSUE_TEMPLATE*', '.github/ISSUE_TEMPLATE/**'] found in: /var/folders/cj/rh7njyk91lx4s79wxsflz3vw001y2r/T/tmpttbkrtkl/audioreach-pal
::warning title=Policy Violation: github-pull-request-template-exists::No file matching ['PULL_REQUEST_TEMPLATE*', 'PULL_REQUEST_TEMPLATE/**', '.github/PULL_REQUEST_TEMPLATE*', '.github/PULL_REQUEST_TEMPLATE/**'] found in: /var/folders/cj/rh7njyk91lx4s79wxsflz3vw001y2r/T/tmpttbkrtkl/audioreach-pal
::warning title=Policy Violation: changelog-file-exists::No file matching ['CHANGELOG*'] found in: /var/folders/cj/rh7njyk91lx4s79wxsflz3vw001y2r/T/tmpazvc4m0q/audioreach-creator-ui
::warning title=Policy Violation: binaries-not-present,file=scripts/h2xml/h2xml::Binary file found (MIME: application/x-pie-executable): scripts/h2xml/h2xml
  [306/313] audioreach/audioreach-pal: 0 discrepancies
WARNING reporter [FAIL] test-directory-exists: No directory matching ['**/test*', '**/specs', '**/*test*'] found under /var/folders/cj/rh7njyk91lx4s79wxsflz3vw001y2r/T/tmp6wbugq6f/audioreach-engine
WARNING reporter [FAIL] changelog-file-exists: No file matching ['CHANGELOG*'] found in: /var/folders/cj/rh7njyk91lx4s79wxsflz3vw001y2r/T/tmpg4s0ezml/audioreach-creator-backend
WARNING reporter [FAIL] source-license-headers-exist: Pattern 'Copyright(\\s)*(\\(c\\)|©)?' not found in eslint.config.js
WARNING reporter [FAIL] source-qualcomm-license-headers-exist: Pattern '(Copyright|©).*Qualcomm Innovation Center, Inc|Qualcomm Technologies, Inc|Copyright (\\(c\\)|©) (20(1[2-9]|2[0-2])(-|,|\\s)*)+ The Linux Foundation' not found in eslint.config.js
::warning title=Policy Violation: test-directory-exists::No directory matching ['**/test*', '**/specs', '**/*test*'] found under /var/folders/cj/rh7njyk91lx4s79wxsflz3vw001y2r/T/tmp6wbugq6f/audioreach-engine
::warning title=Policy Violation: changelog-file-exists::No file matching ['CHANGELOG*'] found in: /var/folders/cj/rh7njyk91lx4s79wxsflz3vw001y2r/T/tmpg4s0ezml/audioreach-creator-backend
::error title=Policy Violation: source-license-headers-exist,file=eslint.config.js::Pattern 'Copyright(\\s)*(\\(c\\)|©)?' not found in eslint.config.js
::warning title=Policy Violation: source-qualcomm-license-headers-exist,file=eslint.config.js::Pattern '(Copyright|©).*Qualcomm Innovation Center, Inc|Qualcomm Technologies, Inc|Copyright (\\(c\\)|©) (20(1[2-9]|2[0-2])(-|,|\\s)*)+ The Linux Foundation' not found in eslint.config.js
  [307/313] audioreach/audioreach-creator-ui: 0 discrepancies
  [308/313] quic/aimet-pages: 0 discrepancies
WARNING reporter [FAIL] source-license-headers-exist: Pattern 'Copyright(\\s)*(\\(c\\)|©)?' not found in packages/api/src/infrastructure-wrapper/logger/index.ts
WARNING reporter [FAIL] source-qualcomm-license-headers-exist: Pattern '(Copyright|©).*Qualcomm Innovation Center, Inc|Qualcomm Technologies, Inc|Copyright (\\(c\\)|©) (20(1[2-9]|2[0-2])(-|,|\\s)*)+ The Linux Foundation' not found in packages/api/src/infrastructure-wrapper/logger/index.ts
WARNING reporter [FAIL] source-qualcomm-license-headers-exist: Pattern '(Copyright|©).*Qualcomm Innovation Center, Inc|Qualcomm Technologies, Inc|Copyright (\\(c\\)|©) (20(1[2-9]|2[0-2])(-|,|\\s)*)+ The Linux Foundation' not found in scripts/kconfig/alldefconfig.py
WARNING reporter [FAIL] github-issue-template-exists: No file matching ['ISSUE_TEMPLATE*', 'ISSUE_TEMPLATE/**', '.github/ISSUE_TEMPLATE*', '.github/ISSUE_TEMPLATE/**'] found in: /var/folders/cj/rh7njyk91lx4s79wxsflz3vw001y2r/T/tmp6wbugq6f/audioreach-engine
WARNING reporter [FAIL] github-pull-request-template-exists: No file matching ['PULL_REQUEST_TEMPLATE*', 'PULL_REQUEST_TEMPLATE/**', '.github/PULL_REQUEST_TEMPLATE*', '.github/PULL_REQUEST_TEMPLATE/**'] found in: /var/folders/cj/rh7njyk91lx4s79wxsflz3vw001y2r/T/tmp6wbugq6f/audioreach-engine
WARNING reporter [FAIL] python-package-metadata-exists: No file matching ['setup.py', 'requirements.txt'] found in: /var/folders/cj/rh7njyk91lx4s79wxsflz3vw001y2r/T/tmp6wbugq6f/audioreach-engine
::error title=Policy Violation: source-license-headers-exist,file=packages/api/src/infrastructure-wrapper/logger/index.ts::Pattern 'Copyright(\\s)*(\\(c\\)|©)?' not found in packages/api/src/infrastructure-wrapper/logger/index.ts
::warning title=Policy Violation: source-qualcomm-license-headers-exist,file=packages/api/src/infrastructure-wrapper/logger/index.ts::Pattern '(Copyright|©).*Qualcomm Innovation Center, Inc|Qualcomm Technologies, Inc|Copyright (\\(c\\)|©) (20(1[2-9]|2[0-2])(-|,|\\s)*)+ The Linux Foundation' not found in packages/api/src/infrastructure-wrapper/logger/index.ts
::warning title=Policy Violation: source-qualcomm-license-headers-exist,file=scripts/kconfig/alldefconfig.py::Pattern '(Copyright|©).*Qualcomm Innovation Center, Inc|Qualcomm Technologies, Inc|Copyright (\\(c\\)|©) (20(1[2-9]|2[0-2])(-|,|\\s)*)+ The Linux Foundation' not found in scripts/kconfig/alldefconfig.py
::warning title=Policy Violation: github-issue-template-exists::No file matching ['ISSUE_TEMPLATE*', 'ISSUE_TEMPLATE/**', '.github/ISSUE_TEMPLATE*', '.github/ISSUE_TEMPLATE/**'] found in: /var/folders/cj/rh7njyk91lx4s79wxsflz3vw001y2r/T/tmp6wbugq6f/audioreach-engine
::warning title=Policy Violation: github-pull-request-template-exists::No file matching ['PULL_REQUEST_TEMPLATE*', 'PULL_REQUEST_TEMPLATE/**', '.github/PULL_REQUEST_TEMPLATE*', '.github/PULL_REQUEST_TEMPLATE/**'] found in: /var/folders/cj/rh7njyk91lx4s79wxsflz3vw001y2r/T/tmp6wbugq6f/audioreach-engine
::warning title=Policy Violation: python-package-metadata-exists::No file matching ['setup.py', 'requirements.txt'] found in: /var/folders/cj/rh7njyk91lx4s79wxsflz3vw001y2r/T/tmp6wbugq6f/audioreach-engine
  [309/313] audioreach/audioreach-creator-backend: 0 discrepancies
  [310/313] audioreach/audioreach-engine: 2 discrepancies
WARNING reporter [FAIL] code-of-conduct-file-exists: No file matching ['{docs/,.github/,}CODEOFCONDUCT*', '{docs/,.github/,}CODE-OF-CONDUCT*', '{docs/,.github/,}CODE_OF_CONDUCT*'] found in: /var/folders/cj/rh7njyk91lx4s79wxsflz3vw001y2r/T/tmp91pxwnuy/kernel
WARNING reporter [FAIL] code-of-conduct-file-exists: No file matching ['{docs/,.github/,}CODEOFCONDUCT*', '{docs/,.github/,}CODE-OF-CONDUCT*', '{docs/,.github/,}CODE_OF_CONDUCT*'] found in: /var/folders/cj/rh7njyk91lx4s79wxsflz3vw001y2r/T/tmp1r10n3tf/kernel-topics
WARNING reporter [FAIL] changelog-file-exists: No file matching ['CHANGELOG*'] found in: /var/folders/cj/rh7njyk91lx4s79wxsflz3vw001y2r/T/tmp91pxwnuy/kernel
WARNING reporter [FAIL] changelog-file-exists: No file matching ['CHANGELOG*'] found in: /var/folders/cj/rh7njyk91lx4s79wxsflz3vw001y2r/T/tmp1r10n3tf/kernel-topics
WARNING reporter [FAIL] changelog-file-exists: No file matching ['CHANGELOG*'] found in: /var/folders/cj/rh7njyk91lx4s79wxsflz3vw001y2r/T/tmprmsbbhso/cpullvm-toolchain
WARNING reporter [FAIL] readme-references-license: Pattern 'license|notice' not found in README.md
WARNING reporter [FAIL] binaries-not-present: Binary file found (MIME: application/x-object): tools/testing/selftests/tc-testing/action-ebpf
WARNING reporter [FAIL] binaries-not-present: Binary file found (MIME: application/x-object): tools/testing/selftests/tc-testing/action-ebpf
WARNING reporter [FAIL] integrates-with-ci: No file matching ['.gitlab-ci.yml', '.travis.yml', 'appveyor.yml', '.appveyor.yml', 'circle.yml', '.circleci/config.yml', 'Jenkinsfile', '.drone.yml', '.github/workflows/*', 'azure-pipelines.yml'] found in: /var/folders/cj/rh7njyk91lx4s79wxsflz3vw001y2r/T/tmp91pxwnuy/kernel
WARNING reporter [FAIL] integrates-with-ci: No file matching ['.gitlab-ci.yml', '.travis.yml', 'appveyor.yml', '.appveyor.yml', 'circle.yml', '.circleci/config.yml', 'Jenkinsfile', '.drone.yml', '.github/workflows/*', 'azure-pipelines.yml'] found in: /var/folders/cj/rh7njyk91lx4s79wxsflz3vw001y2r/T/tmp1r10n3tf/kernel-topics
WARNING reporter [FAIL] source-license-headers-exist: Pattern 'Copyright(\\s)*(\\(c\\)|©)?' not found in Documentation/conf.py
WARNING reporter [FAIL] source-license-headers-exist: Pattern 'Copyright(\\s)*(\\(c\\)|©)?' not found in Documentation/conf.py
WARNING reporter [FAIL] source-qualcomm-license-headers-exist: Pattern '(Copyright|©).*Qualcomm Innovation Center, Inc|Qualcomm Technologies, Inc|Copyright (\\(c\\)|©) (20(1[2-9]|2[0-2])(-|,|\\s)*)+ The Linux Foundation' not found in Documentation/admin-guide/aoe/autoload.sh
WARNING reporter [FAIL] github-issue-template-exists: No file matching ['ISSUE_TEMPLATE*', 'ISSUE_TEMPLATE/**', '.github/ISSUE_TEMPLATE*', '.github/ISSUE_TEMPLATE/**'] found in: /var/folders/cj/rh7njyk91lx4s79wxsflz3vw001y2r/T/tmp91pxwnuy/kernel
WARNING reporter [FAIL] github-pull-request-template-exists: No file matching ['PULL_REQUEST_TEMPLATE*', 'PULL_REQUEST_TEMPLATE/**', '.github/PULL_REQUEST_TEMPLATE*', '.github/PULL_REQUEST_TEMPLATE/**'] found in: /var/folders/cj/rh7njyk91lx4s79wxsflz3vw001y2r/T/tmp91pxwnuy/kernel
WARNING reporter [FAIL] python-package-metadata-exists: No file matching ['setup.py', 'requirements.txt'] found in: /var/folders/cj/rh7njyk91lx4s79wxsflz3vw001y2r/T/tmp91pxwnuy/kernel
WARNING reporter [FAIL] source-qualcomm-license-headers-exist: Pattern '(Copyright|©).*Qualcomm Innovation Center, Inc|Qualcomm Technologies, Inc|Copyright (\\(c\\)|©) (20(1[2-9]|2[0-2])(-|,|\\s)*)+ The Linux Foundation' not found in Documentation/admin-guide/aoe/autoload.sh
WARNING reporter [FAIL] github-issue-template-exists: No file matching ['ISSUE_TEMPLATE*', 'ISSUE_TEMPLATE/**', '.github/ISSUE_TEMPLATE*', '.github/ISSUE_TEMPLATE/**'] found in: /var/folders/cj/rh7njyk91lx4s79wxsflz3vw001y2r/T/tmp1r10n3tf/kernel-topics
WARNING reporter [FAIL] github-pull-request-template-exists: No file matching ['PULL_REQUEST_TEMPLATE*', 'PULL_REQUEST_TEMPLATE/**', '.github/PULL_REQUEST_TEMPLATE*', '.github/PULL_REQUEST_TEMPLATE/**'] found in: /var/folders/cj/rh7njyk91lx4s79wxsflz3vw001y2r/T/tmp1r10n3tf/kernel-topics
WARNING reporter [FAIL] python-package-metadata-exists: No file matching ['setup.py', 'requirements.txt'] found in: /var/folders/cj/rh7njyk91lx4s79wxsflz3vw001y2r/T/tmp1r10n3tf/kernel-topics
WARNING reporter [FAIL] rust-package-metadata-exists: No file matching ['**/Cargo.toml', '**/Cargo.lock'] found in: /var/folders/cj/rh7njyk91lx4s79wxsflz3vw001y2r/T/tmp91pxwnuy/kernel
WARNING reporter [FAIL] rust-package-metadata-exists: No file matching ['**/Cargo.toml', '**/Cargo.lock'] found in: /var/folders/cj/rh7njyk91lx4s79wxsflz3vw001y2r/T/tmp1r10n3tf/kernel-topics
WARNING reporter [FAIL] binaries-not-present: Binary file found (MIME: application/x-sharedlib): clang/test/Interpreter/Inputs/libdynamic-library-test.so
WARNING rules.file_contents Could not read /var/folders/cj/rh7njyk91lx4s79wxsflz3vw001y2r/T/tmprmsbbhso/cpullvm-toolchain/.ci/buildbot/worker.py: [Errno 23] Too many open files in system: '/var/folders/cj/rh7njyk91lx4s79wxsflz3vw001y2r/T/tmprmsbbhso/cpullvm-toolchain/.ci/buildbot/worker.py'
WARNING reporter [FAIL] source-license-headers-exist: Pattern 'Copyright(\\s)*(\\(c\\)|©)?' not found in .ci/buildbot/worker.py
WARNING reporter [FAIL] github-issue-template-exists: No file matching ['ISSUE_TEMPLATE*', 'ISSUE_TEMPLATE/**', '.github/ISSUE_TEMPLATE*', '.github/ISSUE_TEMPLATE/**'] found in: /var/folders/cj/rh7njyk91lx4s79wxsflz3vw001y2r/T/tmprmsbbhso/cpullvm-toolchain
WARNING reporter [FAIL] github-pull-request-template-exists: No file matching ['PULL_REQUEST_TEMPLATE*', 'PULL_REQUEST_TEMPLATE/**', '.github/PULL_REQUEST_TEMPLATE*', '.github/PULL_REQUEST_TEMPLATE/**'] found in: /var/folders/cj/rh7njyk91lx4s79wxsflz3vw001y2r/T/tmprmsbbhso/cpullvm-toolchain
WARNING reporter [FAIL] javascript-package-metadata-exists: No file matching ['package.json'] found in: /var/folders/cj/rh7njyk91lx4s79wxsflz3vw001y2r/T/tmprmsbbhso/cpullvm-toolchain
WARNING reporter [FAIL] python-package-metadata-exists: No file matching ['setup.py', 'requirements.txt'] found in: /var/folders/cj/rh7njyk91lx4s79wxsflz3vw001y2r/T/tmprmsbbhso/cpullvm-toolchain
WARNING reporter [FAIL] rust-package-metadata-exists: No file matching ['**/Cargo.toml', '**/Cargo.lock'] found in: /var/folders/cj/rh7njyk91lx4s79wxsflz3vw001y2r/T/tmprmsbbhso/cpullvm-toolchain
WARNING reporter [FAIL] objective-c-package-metadata-exists: No file matching ['Cartfile', 'Podfile', '**/*.podspec'] found in: /var/folders/cj/rh7njyk91lx4s79wxsflz3vw001y2r/T/tmprmsbbhso/cpullvm-toolchain
WARNING reporter [FAIL] swift-package-metadata-exists: No file matching ['Package.swift'] found in: /var/folders/cj/rh7njyk91lx4s79wxsflz3vw001y2r/T/tmprmsbbhso/cpullvm-toolchain
WARNING __main__ qualcomm/cpullvm-toolchain: repolinter error: [Errno 23] Too many open files in system
WARNING __main__ qualcomm/cpullvm-toolchain: could not write raw output: [Errno 23] Too many open files in system: '/Users/craign/rpa-comparisons/20260728/raw/qualcomm__cpullvm-toolchain.rpa.json'
::warning title=Policy Violation: code-of-conduct-file-exists::No file matching ['{docs/,.github/,}CODEOFCONDUCT*', '{docs/,.github/,}CODE-OF-CONDUCT*', '{docs/,.github/,}CODE_OF_CONDUCT*'] found in: /var/folders/cj/rh7njyk91lx4s79wxsflz3vw001y2r/T/tmp91pxwnuy/kernel
::warning title=Policy Violation: code-of-conduct-file-exists::No file matching ['{docs/,.github/,}CODEOFCONDUCT*', '{docs/,.github/,}CODE-OF-CONDUCT*', '{docs/,.github/,}CODE_OF_CONDUCT*'] found in: /var/folders/cj/rh7njyk91lx4s79wxsflz3vw001y2r/T/tmp1r10n3tf/kernel-topics
::warning title=Policy Violation: changelog-file-exists::No file matching ['CHANGELOG*'] found in: /var/folders/cj/rh7njyk91lx4s79wxsflz3vw001y2r/T/tmp91pxwnuy/kernel
::warning title=Policy Violation: changelog-file-exists::No file matching ['CHANGELOG*'] found in: /var/folders/cj/rh7njyk91lx4s79wxsflz3vw001y2r/T/tmp1r10n3tf/kernel-topics
::warning title=Policy Violation: changelog-file-exists::No file matching ['CHANGELOG*'] found in: /var/folders/cj/rh7njyk91lx4s79wxsflz3vw001y2r/T/tmprmsbbhso/cpullvm-toolchain
::error title=Policy Violation: readme-references-license,file=README.md::Pattern 'license|notice' not found in README.md
::warning title=Policy Violation: binaries-not-present,file=tools/testing/selftests/tc-testing/action-ebpf::Binary file found (MIME: application/x-object): tools/testing/selftests/tc-testing/action-ebpf
::warning title=Policy Violation: binaries-not-present,file=tools/testing/selftests/tc-testing/action-ebpf::Binary file found (MIME: application/x-object): tools/testing/selftests/tc-testing/action-ebpf
::warning title=Policy Violation: integrates-with-ci::No file matching ['.gitlab-ci.yml', '.travis.yml', 'appveyor.yml', '.appveyor.yml', 'circle.yml', '.circleci/config.yml', 'Jenkinsfile', '.drone.yml', '.github/workflows/*', 'azure-pipelines.yml'] found in: /var/folders/cj/rh7njyk91lx4s79wxsflz3vw001y2r/T/tmp91pxwnuy/kernel
::warning title=Policy Violation: integrates-with-ci::No file matching ['.gitlab-ci.yml', '.travis.yml', 'appveyor.yml', '.appveyor.yml', 'circle.yml', '.circleci/config.yml', 'Jenkinsfile', '.drone.yml', '.github/workflows/*', 'azure-pipelines.yml'] found in: /var/folders/cj/rh7njyk91lx4s79wxsflz3vw001y2r/T/tmp1r10n3tf/kernel-topics
::error title=Policy Violation: source-license-headers-exist,file=Documentation/conf.py::Pattern 'Copyright(\\s)*(\\(c\\)|©)?' not found in Documentation/conf.py
::error title=Policy Violation: source-license-headers-exist,file=Documentation/conf.py::Pattern 'Copyright(\\s)*(\\(c\\)|©)?' not found in Documentation/conf.py
::warning title=Policy Violation: source-qualcomm-license-headers-exist,file=Documentation/admin-guide/aoe/autoload.sh::Pattern '(Copyright|©).*Qualcomm Innovation Center, Inc|Qualcomm Technologies, Inc|Copyright (\\(c\\)|©) (20(1[2-9]|2[0-2])(-|,|\\s)*)+ The Linux Foundation' not found in Documentation/admin-guide/aoe/autoload.sh
::warning title=Policy Violation: github-issue-template-exists::No file matching ['ISSUE_TEMPLATE*', 'ISSUE_TEMPLATE/**', '.github/ISSUE_TEMPLATE*', '.github/ISSUE_TEMPLATE/**'] found in: /var/folders/cj/rh7njyk91lx4s79wxsflz3vw001y2r/T/tmp91pxwnuy/kernel
::warning title=Policy Violation: github-pull-request-template-exists::No file matching ['PULL_REQUEST_TEMPLATE*', 'PULL_REQUEST_TEMPLATE/**', '.github/PULL_REQUEST_TEMPLATE*', '.github/PULL_REQUEST_TEMPLATE/**'] found in: /var/folders/cj/rh7njyk91lx4s79wxsflz3vw001y2r/T/tmp91pxwnuy/kernel
::warning title=Policy Violation: python-package-metadata-exists::No file matching ['setup.py', 'requirements.txt'] found in: /var/folders/cj/rh7njyk91lx4s79wxsflz3vw001y2r/T/tmp91pxwnuy/kernel
::warning title=Policy Violation: source-qualcomm-license-headers-exist,file=Documentation/admin-guide/aoe/autoload.sh::Pattern '(Copyright|©).*Qualcomm Innovation Center, Inc|Qualcomm Technologies, Inc|Copyright (\\(c\\)|©) (20(1[2-9]|2[0-2])(-|,|\\s)*)+ The Linux Foundation' not found in Documentation/admin-guide/aoe/autoload.sh
::warning title=Policy Violation: github-issue-template-exists::No file matching ['ISSUE_TEMPLATE*', 'ISSUE_TEMPLATE/**', '.github/ISSUE_TEMPLATE*', '.github/ISSUE_TEMPLATE/**'] found in: /var/folders/cj/rh7njyk91lx4s79wxsflz3vw001y2r/T/tmp1r10n3tf/kernel-topics
::warning title=Policy Violation: github-pull-request-template-exists::No file matching ['PULL_REQUEST_TEMPLATE*', 'PULL_REQUEST_TEMPLATE/**', '.github/PULL_REQUEST_TEMPLATE*', '.github/PULL_REQUEST_TEMPLATE/**'] found in: /var/folders/cj/rh7njyk91lx4s79wxsflz3vw001y2r/T/tmp1r10n3tf/kernel-topics
::warning title=Policy Violation: python-package-metadata-exists::No file matching ['setup.py', 'requirements.txt'] found in: /var/folders/cj/rh7njyk91lx4s79wxsflz3vw001y2r/T/tmp1r10n3tf/kernel-topics
::error title=Policy Violation: rust-package-metadata-exists::No file matching ['**/Cargo.toml', '**/Cargo.lock'] found in: /var/folders/cj/rh7njyk91lx4s79wxsflz3vw001y2r/T/tmp91pxwnuy/kernel
::error title=Policy Violation: rust-package-metadata-exists::No file matching ['**/Cargo.toml', '**/Cargo.lock'] found in: /var/folders/cj/rh7njyk91lx4s79wxsflz3vw001y2r/T/tmp1r10n3tf/kernel-topics
::warning title=Policy Violation: binaries-not-present,file=clang/test/Interpreter/Inputs/libdynamic-library-test.so::Binary file found (MIME: application/x-sharedlib): clang/test/Interpreter/Inputs/libdynamic-library-test.so
::error title=Policy Violation: source-license-headers-exist,file=.ci/buildbot/worker.py::Pattern 'Copyright(\\s)*(\\(c\\)|©)?' not found in .ci/buildbot/worker.py
::warning title=Policy Violation: github-issue-template-exists::No file matching ['ISSUE_TEMPLATE*', 'ISSUE_TEMPLATE/**', '.github/ISSUE_TEMPLATE*', '.github/ISSUE_TEMPLATE/**'] found in: /var/folders/cj/rh7njyk91lx4s79wxsflz3vw001y2r/T/tmprmsbbhso/cpullvm-toolchain
::warning title=Policy Violation: github-pull-request-template-exists::No file matching ['PULL_REQUEST_TEMPLATE*', 'PULL_REQUEST_TEMPLATE/**', '.github/PULL_REQUEST_TEMPLATE*', '.github/PULL_REQUEST_TEMPLATE/**'] found in: /var/folders/cj/rh7njyk91lx4s79wxsflz3vw001y2r/T/tmprmsbbhso/cpullvm-toolchain
::warning title=Policy Violation: javascript-package-metadata-exists::No file matching ['package.json'] found in: /var/folders/cj/rh7njyk91lx4s79wxsflz3vw001y2r/T/tmprmsbbhso/cpullvm-toolchain
::warning title=Policy Violation: python-package-metadata-exists::No file matching ['setup.py', 'requirements.txt'] found in: /var/folders/cj/rh7njyk91lx4s79wxsflz3vw001y2r/T/tmprmsbbhso/cpullvm-toolchain
::error title=Policy Violation: rust-package-metadata-exists::No file matching ['**/Cargo.toml', '**/Cargo.lock'] found in: /var/folders/cj/rh7njyk91lx4s79wxsflz3vw001y2r/T/tmprmsbbhso/cpullvm-toolchain
::warning title=Policy Violation: objective-c-package-metadata-exists::No file matching ['Cartfile', 'Podfile', '**/*.podspec'] found in: /var/folders/cj/rh7njyk91lx4s79wxsflz3vw001y2r/T/tmprmsbbhso/cpullvm-toolchain
::warning title=Policy Violation: swift-package-metadata-exists::No file matching ['Package.swift'] found in: /var/folders/cj/rh7njyk91lx4s79wxsflz3vw001y2r/T/tmprmsbbhso/cpullvm-toolchain
  [311/313] qualcomm/cpullvm-toolchain: 0 discrepancies
  [312/313] qualcomm-linux/kernel: 0 discrepancies
  [313/313] qualcomm-linux/kernel-topics: 0 discrepancies

Results written to /Users/craign/rpa-comparisons/20260728/results.json

======================================================================
RUN INTEGRITY
======================================================================
  repolinter produced no rules: 0/312
  RPA produced no rules:        0/312
  repolinter raised:            0
  RPA raised:                   0
  orgs with 0 repos:            qualcomm-zephyr

======================================================================
COMPARISON REPORT
======================================================================

Repos scanned:        313
  Scan errors:        1
  Clean (no disc):    182
  With discrepancies: 130

!!!!!!!!!!!!!!!!!!!!!!!!!!!!!!!!!!!!!!!!!!!!!!!!!!!!!!!!!!!!!!!!!!!!!!
RPA ERRORS NOT IN REPOLINTER (2 cases)
!!!!!!!!!!!!!!!!!!!!!!!!!!!!!!!!!!!!!!!!!!!!!!!!!!!!!!!!!!!!!!!!!!!!!!
  qualcomm/wos-ai-plugins  rule=source-license-headers-exist
    RPA:  FAIL (error)  — Pattern 'Copyright(\\s)*(\\(c\\)|©)?' not found in plugins/vscode/qairt-code-gen/.eslintrc.js
    RL:   PASS
  quic/startupkits  rule=source-license-headers-exist
    RPA:  FAIL (error)  — Pattern 'Copyright(\\s)*(\\(c\\)|©)?' not found in docs/BG96/board.js
    RL:   PASS

Discrepancies by rule:
  Rule                                          RL fail/RPA pass RPA fail/RL pass
  --------------------------------------------- ---------------- ----------------
  binaries-not-present                                         0               11
  source-license-headers-exist                                 1                2 ***
  source-qualcomm-license-headers-exist                       89                1
  test-directory-exists                                        2               34

RPA WARNINGS not in repolinter (46 cases):
  binaries-not-present (11 repos):
    quic/qccsdk-qcc711: Binary file found (MIME: application/x-executable): qcc711_sdk/iar/qcc710_Loader/qcc710_Loader.out
    quic/upstream-wifi-fw: Binary file found (MIME: application/x-executable): ath12k-firmware/IPQ5322/hw1.0/1.3.1/WLAN.WBE.1.3.1-00130-QCAHKSWPL_SILICONZ-1/iu_fw.b00
    qualcomm/qbox: Binary file found (MIME: application/x-executable): platforms/cortex-m55-remote/fw/cortex-m55/cortex-m55.elf
    qualcomm/quic-teec: Binary file found (MIME: application/x-sharedlib): tests/ta/smcinvoke_skeleton_ta/smcinvoke_skeleton_ta64.mbn
    qualcomm/minkipc: Binary file found (MIME: application/x-pie-executable): libmink/SDK/QTVM/idl/minkidl
    ... and 6 more
  source-qualcomm-license-headers-exist (1 repos):
    quic/startupkits: Pattern '(Copyright|©).*Qualcomm Innovation Center, Inc|Qualcomm Technologies, Inc|Copyright (\\(c\\)|©) (20(1[2-9]|2[0-2])(-|,|\\s)*)+ The Linux Foundation' not found in docs/BG96/board.js
  test-directory-exists (34 repos):
    quic/license-text-normalizer-js: No directory matching ['**/test*', '**/specs', '**/*test*'] found under /var/folders/cj/rh7njyk91lx4s79wxsflz3vw001y2r/T/tmpjlrkoi76/license-text-normalizer-js
    quic/gunyah-support-scripts: No directory matching ['**/test*', '**/specs', '**/*test*'] found under /var/folders/cj/rh7njyk91lx4s79wxsflz3vw001y2r/T/tmpe24n3_au/gunyah-support-scripts
    quic/sample-apps-for-robotics-platforms: No directory matching ['**/test*', '**/specs', '**/*test*'] found under /var/folders/cj/rh7njyk91lx4s79wxsflz3vw001y2r/T/tmpslmntqny/sample-apps-for-robotics-platforms
    quic/startupkits: No directory matching ['**/test*', '**/specs', '**/*test*'] found under /var/folders/cj/rh7njyk91lx4s79wxsflz3vw001y2r/T/tmpd7zw76no/startupkits
    quic/aimet-model-zoo: No directory matching ['**/test*', '**/specs', '**/*test*'] found under /var/folders/cj/rh7njyk91lx4s79wxsflz3vw001y2r/T/tmpm3twgbqg/aimet-model-zoo
    ... and 29 more

repolinter FAILS that RPA passes (92 cases) — RPA more lenient:
  source-license-headers-exist (1 repos): qualcomm-qrb-ros/qrb_ros_samples
  source-qualcomm-license-headers-exist (89 repos): quic/sense-iOS, quic/qca-sdk-nss-fw, quic/homebrew-quic, quic/cloud-ai-sdk-pages, quic/qccsdk-qcc730 ...
  test-directory-exists (2 repos): audioreach/meta-audioreach, audioreach/audioreach-workflows

Scan errors (1):
  qualcomm/cpullvm-toolchain: [Errno 23] Too many open files in system: '/var/folders/cj/rh7njyk91lx4s79wxsflz3vw001y2r/T/tmprmsbbhso'
